track_uri,track_id,track_name,artist_name,album_name,album_uri,isrc,total_plays,first_played_date,last_played_date,processed,lyrics_found,lyrics_source,batch_number,processed_timestamp
spotify:track:5SjLRpgI7LWFzy9ggSqlkO,5SjLRpgI7LWFzy9ggSqlkO,Eulogy,Kyle Dixon & Michael Stein,Stranger Things 2 (Soundtrack from the Netflix Original Series),spotify:album:2l0rdHb97fQidl9dsOxE6B,QZ8BZ1700017,3,2018-11-25,2019-02-27,True,False,,1,2025-10-18 04:11:58
spotify:track:3kIdjWDaZ9gs4v2iirkJie,3kIdjWDaZ9gs4v2iirkJie,Spider-Man,John Paesano,Marvel's Spider-Man,spotify:album:1Kx85IhG2J5vVOsNgDD8fw,USHR11838909,2,2018-11-25,2022-03-07,True,False,,1,2025-10-18 04:12:00
spotify:track:1G4s7WkhgmdQvYaGCHjw1G,1G4s7WkhgmdQvYaGCHjw1G,"Theme from ""The Search for Everything""",John Mayer,The Search for Everything,spotify:album:0jZFu2tihRJ65iYAo0oOtP,USSM11702694,1,2018-11-25,2018-11-25,True,False,,1,2025-10-18 04:12:46
spotify:track:5My4LtZW8JQJoKFDWodqIt,5My4LtZW8JQJoKFDWodqIt,Use Somebody - Recorded at Spotify Studios NYC,Shawn Mendes,Spotify Singles,spotify:album:6ixkdVE4xrPNcVKhRpnPEh,USUM71819130,5,2018-11-26,2019-12-02,True,False,,1,2025-10-18 04:13:39
spotify:track:5gRGXpg9mSxxaj3rK76VR3,5gRGXpg9mSxxaj3rK76VR3,"God is a woman - Recorded at Metropolis Studios, London",Paloma Faith,Spotify Singles,spotify:album:1k0gFBFXElnx6DJhcLKmYb,GBARL1801569,1,2018-11-26,2018-11-26,True,False,,1,2025-10-18 04:13:41
spotify:track:2WAgH8swV4cTXaSPeo1k7w,2WAgH8swV4cTXaSPeo1k7w,High Tide or Low Tide - Live from Spotify Studios NYC,Janelle Monáe,Spotify Singles,spotify:album:3RYb0W35JVOh9GgzdjE9SA,USAT21811948,1,2018-11-26,2018-11-26,True,False,,1,2025-10-18 04:13:43
spotify:track:4cb7mVR5o6NSgfvlYxOuhl,4cb7mVR5o6NSgfvlYxOuhl,"Rock Lobster - Recorded at RAK Studios, London",shame,Spotify Singles,spotify:album:7yd0SwBCQ68uqyqaipNkKp,USJ5G1818302,1,2018-11-26,2018-11-26,True,False,,1,2025-10-18 04:13:49
spotify:track:5o546Sxsa5KAl90cEdSo4T,5o546Sxsa5KAl90cEdSo4T,Lovesong - Recorded at Spotify Studios NYC,Welles,Spotify Singles,spotify:album:2tKenSIL0VRCD5tSjWh73P,QMCE31802113,2,2018-11-26,2018-11-26,True,False,,1,2025-10-18 04:13:52
spotify:track:38sCPCcv3QjWl0NslC5KtW,38sCPCcv3QjWl0NslC5KtW,Best Days - Acoustic,Lissie,Best Days (Acoustic),spotify:album:0Hg3xaDMtD4heeBIutwMSV,GBCEJ1800026,1,2018-11-26,2018-11-26,True,False,,1,2025-10-18 04:13:57
spotify:track:1WUHeOPayLKPMG35uBJVUj,1WUHeOPayLKPMG35uBJVUj,Far Too Good,John Smith,Headlong,spotify:album:0wqLLyEsGv9Lf8ztk1NKNZ,GBAID1700003,1,2018-11-26,2018-11-26,True,False,,1,2025-10-18 04:14:02
spotify:track:6sW7hl75N55iL7Cpah7XKk,6sW7hl75N55iL7Cpah7XKk,Fire Escape - Acoustic,Imaginary Future,Fire Escape,spotify:album:52C3LMkEEmkon93rQc8qXR,SE5VF1800355,2,2019-02-26,2019-03-12,True,False,,1,2025-10-18 04:15:02
spotify:track:20Yx78ntmy7B0NG7O29EEP,20Yx78ntmy7B0NG7O29EEP,What Dreams Are Made Of,Reggie Ann,What Dreams Are Made Of,spotify:album:0DFF9PtEyVsPsibo4KxJVh,QZES71809961,1,2019-02-26,2019-02-26,True,False,,1,2025-10-18 04:15:09
spotify:track:1fctjXvdD4fypro6rihjmK,1fctjXvdD4fypro6rihjmK,Moon River,Jemma Johnson,Dreams,spotify:album:5aP1PNb01SVRJNcaoOuItH,ushm81782460,1,2019-02-26,2019-02-26,True,False,,1,2025-10-18 04:15:11
spotify:track:7uCS5tGVHf4ALL9tN3MRDO,7uCS5tGVHf4ALL9tN3MRDO,Can't Help Falling in Love With You,Travis Atreo,Can't Help Falling in Love With You,spotify:album:1ufWkUrMcpneD4UgltvEjj,QZ22B1950520,2,2019-02-27,2019-03-12,True,False,,1,2025-10-18 04:15:34
spotify:track:5sVY1EVMBxabLb1QBkBDxV,5sVY1EVMBxabLb1QBkBDxV,Sleeping Good Tonight,Donavon Frankenreiter,The Heart,spotify:album:7f0CLdhK81bomBOBtBGiDT,QMRCF1500006,1,2019-02-27,2019-02-27,True,False,,1,2025-10-18 04:15:52
spotify:track:5EbX5xL3O2xT8FxCpYzgUO,5EbX5xL3O2xT8FxCpYzgUO,"How Far I'll Go - From ""Moana""",Alessia Cara,How Far I'll Go,spotify:album:2ho9l951XwxpBFEEjubOUx,USWD11677601,3,2019-02-27,2019-05-21,True,False,,1,2025-10-18 04:16:24
spotify:track:4jHjdDtKR4bneLEpCnFyq5,4jHjdDtKR4bneLEpCnFyq5,Tauba,Papon,Coke Studio @ MTV Season 3: Episode 5,spotify:album:6fKRYcFbZpXphOzS0UlCSe,INS171300833,1,2019-02-27,2019-02-27,True,False,,1,2025-10-18 04:17:32
spotify:track:4t5xvco7AvDdlxYoe1RNK6,4t5xvco7AvDdlxYoe1RNK6,Thaam Lo,Atif Aslam,Thaam Lo,spotify:album:4uDYlGkwHgnrHf8MUHwV10,PKA0A1806858,3,2019-02-27,2020-03-21,True,False,,1,2025-10-18 04:17:37
spotify:track:3nluW0s91ld5iOjW9kE5Kg,3nluW0s91ld5iOjW9kE5Kg,Lean on Me,Imaginary Future,Lean on Me,spotify:album:5p1GT6Wdd1DERIG5oTTACX,TCADF1743820,2,2019-02-27,2019-02-27,True,False,,1,2025-10-18 04:18:18
spotify:track:3DKpA54hrFIdPN6AtL9HXa,3DKpA54hrFIdPN6AtL9HXa,I'll Never Love Again - Film Version - Radio Edit,Lady Gaga,A Star Is Born Soundtrack,spotify:album:3edjzMAVB9RYRd4UcZBchx,USUM71815946,2,2019-02-27,2019-09-05,True,False,,1,2025-10-18 04:18:44
spotify:track:5LD4VgYrjYNHNx2oc9drKx,5LD4VgYrjYNHNx2oc9drKx,My Girl,Imaginary Future,My Girl,spotify:album:4SWWIbLGMRofys5cBD2Els,QM2PV1815378,3,2019-02-27,2019-04-01,True,False,,1,2025-10-18 04:18:50
spotify:track:1TZbHriZ7dhB6qkUicUGcy,1TZbHriZ7dhB6qkUicUGcy,Valentine - Acoustic,Kina Grannis,Valentine,spotify:album:2PDMOIx0fCVd5Rii8j5mmm,SE5VF1900501,1,2019-02-28,2019-02-28,True,False,,1,2025-10-18 04:19:37
spotify:track:24UxG3p1Ghtc5ejJtGBoeL,24UxG3p1Ghtc5ejJtGBoeL,Can't Help Falling In Love - Piano Version,Kina Grannis,Can't Help Falling In Love,spotify:album:3Zs42sIFyP0l6uFHGevpUY,GBDMT1700105,25,2019-03-01,2019-12-08,True,False,,1,2025-10-18 04:21:08
spotify:track:272NrftksGiokbiqaw5ucw,272NrftksGiokbiqaw5ucw,Let's Stay Together,Imaginary Future,Let's Stay Together,spotify:album:3JIy9CYVIK9sSCNQtYIvPI,QZDA71817936,3,2019-03-01,2019-04-01,True,False,,1,2025-10-18 04:21:11
spotify:track:3N7r0W54tqzfdQOwyHamSi,3N7r0W54tqzfdQOwyHamSi,In the Morning,JJ Heller,I Dream of You: CALM,spotify:album:0fEtEBVYKRlVAUjjFxvM12,TCADU1837684,2,2019-03-01,2019-03-01,True,False,,1,2025-10-18 04:21:16
spotify:track:2I2gBMNuQAbuqcEvdmoZlF,2I2gBMNuQAbuqcEvdmoZlF,God Only Knows,Jemma Johnson,Dreams,spotify:album:5aP1PNb01SVRJNcaoOuItH,ushm81782457,4,2019-03-01,2019-03-01,True,False,,1,2025-10-18 04:21:18
spotify:track:2QOIYMUhXbC6uRKxiCMyO4,2QOIYMUhXbC6uRKxiCMyO4,Edelweiss,The Mayries,#Acoustic,spotify:album:6NIj5YBKDtfqUJ5qDy9PbI,SE5IB1701502,4,2019-03-01,2019-03-16,True,False,,1,2025-10-18 04:21:21
spotify:track:0M8rrUcBYXa24y3AIKQ19z,0M8rrUcBYXa24y3AIKQ19z,Comfortably Numb - Live At Pompeii 2016,David Gilmour,Live At Pompeii,spotify:album:4cwlWUSFUUFPFYKYLbPIQL,GBLTP1700025,1,2019-03-01,2019-03-01,True,False,,1,2025-10-18 04:21:40
spotify:track:6mHOcVtsHLMuesJkswc0GZ,6mHOcVtsHLMuesJkswc0GZ,The Logical Song - Remastered 2010,Supertramp,Breakfast In America,spotify:album:1zcm3UvHNHpseYOUfd0pna,USUM71021480,1,2019-03-01,2019-03-01,True,False,,1,2025-10-18 04:21:50
spotify:track:6yIdwnpDHufLWgQcveTPMk,6yIdwnpDHufLWgQcveTPMk,I Don’t Wanna Live Forever (Fifty Shades Darker),ZAYN,I Don’t Wanna Live Forever (Fifty Shades Darker),spotify:album:2i54PoQ1ENZSYsZZE8haRr,USQ4E1602586,13,2019-03-02,2019-11-18,True,False,,1,2025-10-18 04:22:30
spotify:track:6jEbXVZywyaJnEiBI3GsrH,6jEbXVZywyaJnEiBI3GsrH,"Side 1, Pt. 2: It's What We Do",Pink Floyd,The Endless River,spotify:album:0yU7VItpGPmPcvKmwLg0JT,GBN9X1400164,1,2019-03-02,2019-03-02,True,False,,1,2025-10-18 04:24:57
spotify:track:4naSB82Lzv9R6s0ZRZ8Q8W,4naSB82Lzv9R6s0ZRZ8Q8W,"Side 1, Pt. 3: Ebb And Flow",Pink Floyd,The Endless River,spotify:album:0yU7VItpGPmPcvKmwLg0JT,GBN9X1400165,1,2019-03-02,2019-03-02,True,False,,1,2025-10-18 04:25:00
spotify:track:5FIKKxTv8FnAjtgAheU862,5FIKKxTv8FnAjtgAheU862,"Side 2, Pt. 1: Sum",Pink Floyd,The Endless River,spotify:album:0yU7VItpGPmPcvKmwLg0JT,GBN9X1400166,1,2019-03-02,2019-03-02,True,False,,1,2025-10-18 04:25:02
spotify:track:1mMrTFKOROzGNpgsQ31wfY,1mMrTFKOROzGNpgsQ31wfY,"Side 2, Pt. 2: Skins",Pink Floyd,The Endless River,spotify:album:0yU7VItpGPmPcvKmwLg0JT,GBN9X1400167,1,2019-03-02,2019-03-02,True,False,,1,2025-10-18 04:25:05
spotify:track:7I5jWjlfKbowYoDmeWEdND,7I5jWjlfKbowYoDmeWEdND,"Side 2, Pt. 3: Unsung",Pink Floyd,The Endless River,spotify:album:0yU7VItpGPmPcvKmwLg0JT,GBN9X1400168,1,2019-03-02,2019-03-02,True,False,,1,2025-10-18 04:25:08
spotify:track:4Ptku8GHNGaI5GJnmEpZF1,4Ptku8GHNGaI5GJnmEpZF1,"Side 2, Pt. 4: Anisina",Pink Floyd,The Endless River,spotify:album:0yU7VItpGPmPcvKmwLg0JT,GBN9X1400169,1,2019-03-02,2019-03-02,True,False,,1,2025-10-18 04:25:10
spotify:track:5a2AbdlDvBRpu7yg6fTehj,5a2AbdlDvBRpu7yg6fTehj,"Side 3, Pt. 1: The Lost Art of Conversation",Pink Floyd,The Endless River,spotify:album:0yU7VItpGPmPcvKmwLg0JT,GBN9X1400170,1,2019-03-02,2019-03-02,True,False,,1,2025-10-18 04:25:12
spotify:track:7npQbR646LjCg0qBhvWE2s,7npQbR646LjCg0qBhvWE2s,"Side 3, Pt. 2: On Noodle Street",Pink Floyd,The Endless River,spotify:album:0yU7VItpGPmPcvKmwLg0JT,GBN9X1400171,1,2019-03-02,2019-03-02,True,False,,1,2025-10-18 04:25:14
spotify:track:2M9kdmwWuGSNYYzzOxFKyB,2M9kdmwWuGSNYYzzOxFKyB,"Side 3, Pt. 3: Night Light",Pink Floyd,The Endless River,spotify:album:0yU7VItpGPmPcvKmwLg0JT,GBN9X1400172,1,2019-03-02,2019-03-02,True,False,,1,2025-10-18 04:25:16
spotify:track:5Cs8YMRH3hfaLK4HPUFe9l,5Cs8YMRH3hfaLK4HPUFe9l,"Side 3, Pt. 4: Allons-y (1)",Pink Floyd,The Endless River,spotify:album:0yU7VItpGPmPcvKmwLg0JT,GBN9X1400173,1,2019-03-02,2019-03-02,True,False,,1,2025-10-18 04:25:19
spotify:track:2wWncVXYwtlorzhk8S1jU5,2wWncVXYwtlorzhk8S1jU5,"Side 3, Pt. 5: Autumn '68",Pink Floyd,The Endless River,spotify:album:0yU7VItpGPmPcvKmwLg0JT,GBN9X1400174,1,2019-03-02,2019-03-02,True,False,,1,2025-10-18 04:25:21
spotify:track:618H64JuNjoDCzgf4SFJOH,618H64JuNjoDCzgf4SFJOH,"Side 3, Pt. 6: Allons-y (2)",Pink Floyd,The Endless River,spotify:album:0yU7VItpGPmPcvKmwLg0JT,GBN9X1400175,1,2019-03-02,2019-03-02,True,False,,1,2025-10-18 04:25:23
spotify:track:2TUmSjVZxvwbcV8xyqLgyu,2TUmSjVZxvwbcV8xyqLgyu,"Side 4, Pt. 1: Calling",Pink Floyd,The Endless River,spotify:album:0yU7VItpGPmPcvKmwLg0JT,GBN9X1400177,1,2019-03-02,2019-03-02,True,False,,1,2025-10-18 04:25:29
spotify:track:3U7q3RR3DFEzEjU1J1FU1E,3U7q3RR3DFEzEjU1J1FU1E,"Side 4, Pt. 2: Eyes To Pearls",Pink Floyd,The Endless River,spotify:album:0yU7VItpGPmPcvKmwLg0JT,GBN9X1400178,1,2019-03-02,2019-03-02,True,False,,1,2025-10-18 04:25:34
spotify:track:5tJTrkpPZwMXX6U2bNO1ka,5tJTrkpPZwMXX6U2bNO1ka,"Side 4, Pt. 3: Surfacing",Pink Floyd,The Endless River,spotify:album:0yU7VItpGPmPcvKmwLg0JT,GBN9X1400179,1,2019-03-02,2019-03-02,True,False,,1,2025-10-18 04:25:36
spotify:track:2nMRGpC0iszLNkJxBQuQ2a,2nMRGpC0iszLNkJxBQuQ2a,"Side 4, Pt. 4: Louder Than Words",Pink Floyd,The Endless River,spotify:album:0yU7VItpGPmPcvKmwLg0JT,GBN9X1400180,1,2019-03-02,2019-03-02,True,False,,1,2025-10-18 04:25:38
spotify:track:2uDAJwIA8AD9UTvh8P6nlt,2uDAJwIA8AD9UTvh8P6nlt,TBS9,Pink Floyd,The Endless River,spotify:album:0yU7VItpGPmPcvKmwLg0JT,GBN9X1400187,1,2019-03-02,2019-03-02,True,False,,1,2025-10-18 04:25:40
spotify:track:4cCQ0wBIc9YHhvOWvWNj7S,4cCQ0wBIc9YHhvOWvWNj7S,"Hotel California - Live at The Los Angeles Forum, 10/20-22/76",Eagles,"Hotel California (Live at The Los Angeles Forum, 10/20-22/76)",spotify:album:2A7TYsmTXaHAbQx6C3phKM,USRH11703166,1,2019-03-02,2019-03-02,True,False,,1,2025-10-18 04:25:46
spotify:track:4pbG9SUmWIvsROVLF0zF9s,4pbG9SUmWIvsROVLF0zF9s,I Want To Hold Your Hand - Remastered 2015,The Beatles,1,spotify:album:7vEJAtP3KgKSpOHVgwm3Eh,GBUM71505904,34,2019-03-02,2023-02-21,True,False,,1,2025-10-18 04:25:48
spotify:track:51jrtPu0HhlCVpDseCScYq,51jrtPu0HhlCVpDseCScYq,Listen To The Music,Lo Mejor del Rock de Los 70,Lo Mejor del Rock de Los 70 Vol. 25,spotify:album:2D3w0b019r5ZENP5lpjgVH,ARJ271511640,1,2019-03-02,2019-03-02,True,False,,1,2025-10-18 04:26:06
spotify:track:3KiexfmhxHvG5IgAElmTkd,3KiexfmhxHvG5IgAElmTkd,I Saw Her Standing There - Remastered 2009,The Beatles,Please Please Me,spotify:album:3KzAvEXcqJKBF97HrXwlgf,GBAYE0601410,7,2019-03-02,2019-03-19,True,False,,1,2025-10-18 04:26:08
spotify:track:5qqabIl2vWzo9ApSC317sa,5qqabIl2vWzo9ApSC317sa,Wonderwall - Remastered,Oasis,(What's The Story) Morning Glory?,spotify:album:1VW1MFNstaJuygaoTPkdCk,GBQCP1400109,1,2019-03-02,2019-03-02,True,False,,1,2025-10-18 04:26:15
spotify:track:52dm9op3rbfAkc1LGXgipW,52dm9op3rbfAkc1LGXgipW,Wild Horses - 2009 Mix,The Rolling Stones,Sticky Fingers,spotify:album:29m6DinzdaD0OPqWKGyMdz,GBUM70909466,34,2019-03-02,2022-12-23,True,False,,1,2025-10-18 04:26:20
spotify:track:3MHwnlgUI6R1wSamJ60Mi2,3MHwnlgUI6R1wSamJ60Mi2,"Baby, Let Me Follow You Down - Live at Royal Albert Hall, London, UK - May 26, 1966",Bob Dylan,The Real Royal Albert Hall 1966 Concert - Live,spotify:album:4MTOvlFGtVby5EuSotjvVS,USSM11606462,58,2019-03-02,2025-08-19,True,False,,1,2025-10-18 04:26:28
spotify:track:5ZgZhzQGCqVwPydT4CkH0W,5ZgZhzQGCqVwPydT4CkH0W,"Like a Rolling Stone - Live at Royal Albert Hall, London, UK - May 26, 1966",Bob Dylan,The Real Royal Albert Hall 1966 Concert - Live,spotify:album:4MTOvlFGtVby5EuSotjvVS,USSM11606467,9,2019-03-02,2019-10-22,True,False,,1,2025-10-18 04:26:45
spotify:track:3dXb6s1el8hzFxTAu9djuI,3dXb6s1el8hzFxTAu9djuI,"Turn The Page - Live At Cobo Hall, Detriot/1975/Remaster 2011",Bob Seger,Ultimate Hits: Rock And Roll Never Forgets,spotify:album:5HLuIHrmhJ64gTWAFgNj9Z,USHRD1123060,1,2019-03-02,2019-03-02,True,False,,1,2025-10-18 04:26:50
spotify:track:2MYPFXScWdR3PQihBQxu7x,2MYPFXScWdR3PQihBQxu7x,Bubbles,Yosi Horikawa,Wandering,spotify:album:0otC2s8AupBtfGUe0UUhYg,GBMCZ0600601,1,2019-03-02,2019-03-02,True,False,,1,2025-10-18 04:26:52
spotify:track:5JEQw0IWeaG1VF2xcfMhrW,5JEQw0IWeaG1VF2xcfMhrW,孤独の発明,toe,the book about my idle plot on a vague anxiety,spotify:album:3Z8Y7xdmG5MTbqH6OqyHjF,JPZ921205333,1,2019-03-02,2019-03-02,True,False,,1,2025-10-18 04:26:55
spotify:track:7txAHtMd2QTYc4nrPtegI9,7txAHtMd2QTYc4nrPtegI9,Keep On Trippin’,Manu Katché,Third Round,spotify:album:4OVLfcl7i6sXKssJNxzGGV,DEB330915602,1,2019-03-02,2019-03-02,True,False,,1,2025-10-18 04:26:57
spotify:track:6QfS2wq5sSC1xAJCQsTSlj,6QfS2wq5sSC1xAJCQsTSlj,Shallow - Radio Edit,Lady Gaga,A Star Is Born Soundtrack,spotify:album:3edjzMAVB9RYRd4UcZBchx,USUM71815945,1,2019-03-02,2019-03-02,True,False,,1,2025-10-18 04:27:29
spotify:track:3B7udSGy2PfgoCniMSb523,3B7udSGy2PfgoCniMSb523,"I See Fire - From ""The Hobbit - The Desolation Of Smaug""",Ed Sheeran,The Hobbit - The Desolation Of Smaug,spotify:album:2nsRpsb5aeOhNEWV1MoiHB,USNLR1300728,2,2019-03-03,2019-03-03,True,False,,1,2025-10-18 04:28:19
spotify:track:5HmD0oX1X4p9C1QbFY8M9X,5HmD0oX1X4p9C1QbFY8M9X,Natural,Maygen Lacey,Natural,spotify:album:6J4eSkTgqTxcLu2grtXNpv,SE5IB1800868,4,2019-03-03,2019-03-11,True,False,,1,2025-10-18 04:29:27
spotify:track:305KnbiRHnrhMXTRpfsE2J,305KnbiRHnrhMXTRpfsE2J,Mindfields,The Prodigy,The Fat of the Land - Expanded Edition,spotify:album:2NkwB9shQioKcbNhPf2EbP,GBBKS9700078,1,2019-03-04,2019-03-04,True,False,,1,2025-10-18 04:29:47
spotify:track:4qJq5V3Ca2X615wxNV0QWB,4qJq5V3Ca2X615wxNV0QWB,Hey Ya! - Acoustic,Maygen Lacey,Hey Ya!,spotify:album:6T2TpTzKg9Q2ZEwBLZK92G,SE5IB1700986,5,2019-03-06,2019-06-22,True,False,,1,2025-10-18 04:29:50
spotify:track:5SXsXjVJCWeJuf7FHvgBYR,5SXsXjVJCWeJuf7FHvgBYR,The Avengers,Alan Silvestri,The Avengers,spotify:album:3wvpIkfl4oOgZLMaQBWadf,USHR11233664,3,2019-03-07,2022-03-07,True,False,,1,2025-10-18 04:30:59
spotify:track:6r7FXNO57mlZCBY6PXcZZT,6r7FXNO57mlZCBY6PXcZZT,Five Hours,Deorro,Five Hours,spotify:album:3hM67HrtJ55aUC5TGt66Za,CH3131340319,1,2019-03-07,2019-03-07,True,False,,1,2025-10-18 04:31:20
spotify:track:1jtHRFXgEPHUOvuTzzteYh,1jtHRFXgEPHUOvuTzzteYh,"Darkness, Darkness",Escondido,"Darkness, Darkness",spotify:album:2i16WQbHkQ9McdylKnmBgc,USFM91800523,7,2019-03-07,2019-03-28,True,False,,1,2025-10-18 04:32:20
spotify:track:62IODOvrdCzXeJGw4PQzGJ,62IODOvrdCzXeJGw4PQzGJ,It's Not Too Late,Christopher Blue,Happy Just to Be Alive,spotify:album:6PBczIUFyvEZ42fibnd05d,QMFMF1590873,1,2019-03-07,2019-03-07,True,False,,1,2025-10-18 04:32:33
spotify:track:7h6Vcalh1Xmh2H3jC687TI,7h6Vcalh1Xmh2H3jC687TI,Darling Remember - With Heartbreakers,Slim & His Heartbreakers,Louisiana Blues: Early '50s and '60s R & B,spotify:album:1W1WrVZApyXkhWZKFBo1V9,USENS1200036,1,2019-03-07,2019-03-07,True,False,,1,2025-10-18 04:32:43
spotify:track:7q3kkfAVpmcZ8g6JUThi3o,7q3kkfAVpmcZ8g6JUThi3o,"So What (feat. John Coltrane, Cannonball Adderley & Bill Evans)",Miles Davis,Kind Of Blue,spotify:album:1weenld61qoidwYuZ1GESA,USSM15900113,4,2019-03-07,2019-03-27,True,False,,1,2025-10-18 04:33:06
spotify:track:5pVKwb3cwfo8eNFuWapiGt,5pVKwb3cwfo8eNFuWapiGt,A Ballad,Randy Weston,Essential Jazz Masters,spotify:album:4wYRYZMA6vNO3FN2x50uut,USA371359813,7,2019-03-07,2022-06-02,True,False,,1,2025-10-18 04:33:11
spotify:track:0IiXHktudcr6EIAkMM1B7r,0IiXHktudcr6EIAkMM1B7r,extra,freshgoodies,extra,spotify:album:0mEUDVRfRcHqWWjqIlA0OR,NLX9G1900003,3,2019-03-07,2019-03-10,True,False,,1,2025-10-18 04:33:17
spotify:track:1IeMXbBRCRAeBITfmsLIQw,1IeMXbBRCRAeBITfmsLIQw,drift..,Nohidea,Departures,spotify:album:1wHWgiK24ERtcIGFN0eBK3,US25X1801288,2,2019-03-07,2019-03-09,True,False,,1,2025-10-18 04:33:19
spotify:track:3GQRcuf85AKApcjzrw8FJm,3GQRcuf85AKApcjzrw8FJm,other,freshgoodies,other,spotify:album:1WiArTGJd28mYQedpjgdIW,QZDA61916301,2,2019-03-07,2019-03-09,True,False,,1,2025-10-18 04:33:21
spotify:track:6871FKHumiy1Wfr6vF7Xxt,6871FKHumiy1Wfr6vF7Xxt,"Hawayein (From ""Jab Harry Met Sejal"")",Pritam,"Hawayein (From ""Jab Harry Met Sejal"")",spotify:album:4oKe6f61RFvmSLaDQ3vnnF,INS171701912,3,2019-03-08,2022-10-23,True,False,,1,2025-10-18 04:33:32
spotify:track:1Wf5q34m4hTnAxCljiAonb,1Wf5q34m4hTnAxCljiAonb,"Enna Sona (From ""OK Jaanu"")",A.R. Rahman,"Enna Sona (From ""OK Jaanu"")",spotify:album:5gs1aXFfp7NOeASaSEt1wX,INS171603185,6,2019-03-08,2025-08-06,True,False,,1,2025-10-18 04:33:34
spotify:track:4kXkT9HF9ZfDjuv3LIKcwJ,4kXkT9HF9ZfDjuv3LIKcwJ,"Dil Beparvah - The Dewarists, Season 5",Ankur Tewari,Dil Beparvah,spotify:album:03CDp0VEvqgFEXoo8gXNru,FR10S1773710,46,2019-03-08,2023-06-01,True,False,,1,2025-10-18 04:33:36
spotify:track:0hGM8pb57FctYjZVk7edc8,0hGM8pb57FctYjZVk7edc8,"Raabta (From ""Agent Vinod)",Arijit Singh,Love Dose Arijit Singh,spotify:album:5aRPSAhsXgpXhxRF8q1aLI,INS181200529,1,2019-03-08,2019-03-08,True,False,,1,2025-10-18 04:33:56
spotify:track:0cXVxSdii7K2ArGhIlFDMc,0cXVxSdii7K2ArGhIlFDMc,Naan Un,Arijit Singh,24 (Tamil) (Original Motion Picture Soundtrack),spotify:album:7q6Z2EkvnVYudyeSqmdINi,GBSGZ1500685,1,2019-03-08,2019-03-08,True,False,,1,2025-10-18 04:34:02
spotify:track:2uwZSBvQer73esf6tV1wQG,2uwZSBvQer73esf6tV1wQG,Taarefon Se,Amit Trivedi,Dear Zindagi (Original Motion Picture Soundtrack),spotify:album:29njH6pDF6JE65D2VJbAxW,INS171602916,7,2019-03-08,2023-08-20,True,False,,1,2025-10-18 04:34:04
spotify:track:5b9x5sRIzAgXQw0dhGORO1,5b9x5sRIzAgXQw0dhGORO1,Tu Hi Hai,Amit Trivedi,Dear Zindagi (Original Motion Picture Soundtrack),spotify:album:29njH6pDF6JE65D2VJbAxW,INS171602914,16,2019-03-08,2024-05-25,True,False,,1,2025-10-18 04:34:14
spotify:track:2ikkpd5xTos5VCiCL2X8os,2ikkpd5xTos5VCiCL2X8os,Aaoge Tum Kabhi,Raman Negi,Angry Indian Goddesses,spotify:album:2ZyfjBRfFARArdBEGTl9yC,INS181502012,1,2019-03-08,2019-03-08,True,False,,1,2025-10-18 04:34:18
spotify:track:7LfIX3DCzl3AtGJWlCKOKK,7LfIX3DCzl3AtGJWlCKOKK,"Tum Hi Ho (From ""Aashiqui 2)",Arijit Singh,Love Dose Arijit Singh,spotify:album:5aRPSAhsXgpXhxRF8q1aLI,INS181303031,1,2019-03-08,2019-03-08,True,False,,1,2025-10-18 04:34:29
spotify:track:6MOtIjvSdqWDGHuniwSpyu,6MOtIjvSdqWDGHuniwSpyu,Meherbaan,Vishal-Shekhar,Bang Bang (Original Motion Picture Soundtrack),spotify:album:5zhx5FG1P3Rc9Ufbr9bIgF,INZ031400143,3,2019-03-08,2019-10-11,True,False,,1,2025-10-18 04:34:34
spotify:track:1QYHQ3SzdYpTZVysWiPK19,1QYHQ3SzdYpTZVysWiPK19,Agar Tum Saath Ho / Treat You Better,Penn Masala,Yuva,spotify:album:4tj0qcZYze5DwSBjLE4Z2P,SE5VF1800952,2,2019-03-08,2019-03-08,True,False,,1,2025-10-18 04:34:36
spotify:track:4uXShFWajd1PTQzlW3P4jj,4uXShFWajd1PTQzlW3P4jj,Kabhi Alvida Naa Kehna,Shankar-Ehsaan-Loy,Kabhi Alvida Naa Kehna (Original Motion Picture Soundtrack),spotify:album:4hYTERVUXY74XJdm8tyXBV,INS170600223,11,2019-03-08,2024-05-10,True,False,,1,2025-10-18 04:34:41
spotify:track:6wZJsut8fjiWiMPaccRAOX,6wZJsut8fjiWiMPaccRAOX,Udd Gaye - Bacardi House Party Sessions,Ritviz,Udd Gaye,spotify:album:3w4IGs3MgYRrHrVuC6QGAu,FRX201782605,10,2019-03-08,2020-11-17,True,False,,1,2025-10-18 04:34:51
spotify:track:790uNrqzKWCvj8rR1QXNpU,790uNrqzKWCvj8rR1QXNpU,"Aankh Marey (From ""Simmba"")",Neha Kakkar,Frolic Neha Kakkar,spotify:album:72AyTNvQjaCH6btYBQbyVD,INS181802845,1,2019-03-08,2019-03-08,True,False,,1,2025-10-18 04:35:33
spotify:track:4bKkdGBttnK4SYjT4zPC1U,4bKkdGBttnK4SYjT4zPC1U,"Coca Cola (From ""Luka Chuppi"")",Tony Kakkar,Frolic Neha Kakkar,spotify:album:72AyTNvQjaCH6btYBQbyVD,INS181900274,1,2019-03-08,2019-03-08,True,False,,1,2025-10-18 04:35:39
spotify:track:5wdlz4N7s1Xyr4y4RXhZJM,5wdlz4N7s1Xyr4y4RXhZJM,"Photo (From ""Luka Chuppi"")",Karan Sehmbi,"Photo (From ""Luka Chuppi"")",spotify:album:6Fe6LgW6Doe3X2ZOV8YN2U,INS181900313,2,2019-03-08,2019-03-08,True,False,,1,2025-10-18 04:36:01
spotify:track:7FGq80cy8juXBCD2nrqdWU,7FGq80cy8juXBCD2nrqdWU,Eastside (with Halsey & Khalid),benny blanco,FRIENDS KEEP SECRETS,spotify:album:7dQ734EW0iLvQfF6vBFNiZ,USUM71809132,14,2019-03-08,2022-11-29,True,False,,1,2025-10-18 04:36:04
spotify:track:5x3K3Ld54TtkYKdQvrFOV3,5x3K3Ld54TtkYKdQvrFOV3,"Morni Banke (From ""Badhaai Ho"")",Guru Randhawa,High Rated Gabru - Guru Randhawa,spotify:album:6EDbwGsQNQRLf73c7QwZ2f,INS181802214,1,2019-03-08,2019-03-08,True,False,,1,2025-10-18 04:36:05
spotify:track:6cARnc9YVlBNigjNSX63pp,6cARnc9YVlBNigjNSX63pp,"Dilbar (From ""Satyameva Jayate"")",Neha Kakkar,Frolic Neha Kakkar,spotify:album:72AyTNvQjaCH6btYBQbyVD,INS181801563,1,2019-03-08,2019-03-08,True,False,,1,2025-10-18 04:36:11
spotify:track:4w8niZpiMy6qz1mntFA5uM,4w8niZpiMy6qz1mntFA5uM,"Taki Taki (with Selena Gomez, Ozuna & Cardi B)",DJ Snake,"Taki Taki (with Selena Gomez, Ozuna & Cardi B)",spotify:album:0ZHyvPke0EcVt6rYA8Ins3,USUG11801723,2,2019-03-08,2019-05-25,True,False,,1,2025-10-18 04:36:13
spotify:track:4f5kLqyOJ5ZPnalEVMQrB2,4f5kLqyOJ5ZPnalEVMQrB2,"Tere Bin (From ""Simmba"")",Rahat Fateh Ali Khan,"Tere Bin (From ""Simmba"")",spotify:album:19oLRvBBhj9yC6GttSvtKO,INS181802846,2,2019-03-08,2019-03-08,True,False,,1,2025-10-18 04:36:33
spotify:track:7fa9MBXhVfQ8P8Df9OEbD8,7fa9MBXhVfQ8P8Df9OEbD8,Girls Like You (feat. Cardi B) - Cardi B Version,Maroon 5,Red Pill Blues,spotify:album:1Li4rADxSxjT2g4xqUcMYh,USUM71805272,14,2019-03-08,2023-05-20,True,False,,1,2025-10-18 04:36:39
spotify:track:0Iz4CkptElGHo16r797Jsb,0Iz4CkptElGHo16r797Jsb,"Dekhte Dekhte (From ""Batti Gul Meter Chalu"")",Atif Aslam,"Dekhte Dekhte (From ""Batti Gul Meter Chalu"")",spotify:album:6eFOXF6NXL3CmskjDf8LCF,INS181801890,3,2019-03-08,2019-04-20,True,False,,1,2025-10-18 04:36:41
spotify:track:7n8xH63Whw5spavIWScPIh,7n8xH63Whw5spavIWScPIh,Emiway-Samajh Mein Aaya Kya?,Emiway Bantai,Emiway-Samajh Mein Aaya Kya?,spotify:album:3cXkzvtDOyah8H8CYtvYcN,QZES51808249,10,2019-03-08,2021-08-03,True,False,,1,2025-10-18 04:36:44
spotify:track:5itOtNx0WxtJmi1TQ3RuRd,5itOtNx0WxtJmi1TQ3RuRd,Giant (with Rag'n'Bone Man),Calvin Harris,Giant (with Rag'n'Bone Man),spotify:album:4PwXTHenZZx7ebgsnTM65K,GBARL1801703,2,2019-03-08,2019-04-26,True,False,,1,2025-10-18 04:36:46
spotify:track:3XYvdqcZrTmRntFDDbJkJd,3XYvdqcZrTmRntFDDbJkJd,Buzz (feat. Badshah),Aastha Gill,Buzz (feat. Badshah),spotify:album:5cPn3sDy8jjN5gnA0n0kHd,INS171801132,1,2019-03-08,2019-03-08,True,False,,1,2025-10-18 04:36:52
spotify:track:1enJYkwGKshAe4TAGXYd1V,1enJYkwGKshAe4TAGXYd1V,Manzar Hai Ye Naya,Shashwat Sachdev,Uri - The Surgical Strike,spotify:album:31U8tMvX1T5hcmAZrxX9sn,N/A,5,2019-03-08,2020-01-16,True,False,,1,2025-10-18 04:37:04
spotify:track:554Jv8PaaIVAwOOpoJ4YCm,554Jv8PaaIVAwOOpoJ4YCm,"Akh Lad Jaave (From ""Loveyatri"")",Badshah,"Akh Lad Jaave (From ""Loveyatri"")",spotify:album:3trJHtvXnczVVzAcXpbQiW,INS181801889,2,2019-03-08,2019-10-09,True,False,,1,2025-10-18 04:37:09
spotify:track:1Oe4Fpx6t6wxnVDN38X5X5,1Oe4Fpx6t6wxnVDN38X5X5,Let It Be (Live Acoustic),Steve Acho,Live Classix 2007,spotify:album:7JmO7tLkMlmQSOOciQUyBS,USTC10793040,7,2019-03-09,2019-03-27,True,False,,1,2025-10-18 04:38:20
spotify:track:0MY3aXBhkIjQOB6xcsi0LL,0MY3aXBhkIjQOB6xcsi0LL,Maeri,Palash Sen,Phir Dhoom,spotify:album:5zMp4PkQzpVBsbifloD0wh,INY181600343,3,2019-03-09,2019-10-17,True,False,,1,2025-10-18 04:39:01
spotify:track:5MYDrV5pbML4irNtjdMkaR,5MYDrV5pbML4irNtjdMkaR,"Kuch Na Kaho (From ""1942 - A Love Story"")",Kumar Sanu,Bollywood Classics - Kumar Sanu (The Original Soundtrack),spotify:album:7nqTgNpmrB0qj3tN33bHvp,USA2P1303476,1,2019-03-09,2019-03-09,True,False,,1,2025-10-18 04:39:12
spotify:track:3rRitPKQigBGhEL7lXW84l,3rRitPKQigBGhEL7lXW84l,everything you say,mommy,Inaudible,spotify:album:6mOgPOHFf2JTZBqpIxBMBd,GBLV61802826,1,2019-03-09,2019-03-09,True,False,,1,2025-10-18 04:39:26
spotify:track:1E0asef2obijlNlfxec7Fs,1E0asef2obijlNlfxec7Fs,Most Wanted,Misu Beats,It Was Better Back Then,spotify:album:7rbnw7qtaOy5E6N2MNHdWz,QZES91868927,2,2019-03-09,2019-03-10,True,False,,1,2025-10-18 04:39:28
spotify:track:0HP7TScVQyHFnx1USnM7Gb,0HP7TScVQyHFnx1USnM7Gb,Lazy Lad,freshgoodies,Lazy Lad,spotify:album:3vT65CGSNd2rLDmv8Otk4c,NLX9G1900002,1,2019-03-09,2019-03-09,True,False,,1,2025-10-18 04:39:31
spotify:track:7qrBYrivpvfXUPBMmqh3dA,7qrBYrivpvfXUPBMmqh3dA,5:32pm,The Deli,Vibes 2,spotify:album:5GlqARIKJdOkuXKgvdouwz,UST8K1674343,1,2019-03-09,2019-03-09,True,False,,1,2025-10-18 04:39:33
spotify:track:2jwaLoZfbI74TqrBkhEDZX,2jwaLoZfbI74TqrBkhEDZX,Strand Dr.,Kupla,Summer Breeze,spotify:album:116qtfIuvm0N3c1pVepgRg,TCADW1805224,1,2019-03-09,2019-03-09,True,False,,1,2025-10-18 04:39:35
spotify:track:28Wu2IcHEIED0PvaDurkr2,28Wu2IcHEIED0PvaDurkr2,blxt,asbeluxt,different.EP,spotify:album:6nvjt0W8SkO3T5emlGkqMW,GBLPF0600904,1,2019-03-09,2019-03-09,True,False,,1,2025-10-18 04:39:41
spotify:track:7wSkoXvluRMn8IOpvS60eN,7wSkoXvluRMn8IOpvS60eN,Lavender,Casiio,Lavender,spotify:album:4h9KvqU4dYtffJpa213nGp,QZ4JJ1975611,1,2019-03-09,2019-03-09,True,False,,1,2025-10-18 04:39:43
spotify:track:18ARUyYMqmBfXbp1EX1K7f,18ARUyYMqmBfXbp1EX1K7f,Astoria,Sleepdealer,Yerba,spotify:album:3yQBuwe2PIdUpapH2NeFkC,DEQ121643967,1,2019-03-09,2019-03-09,True,False,,1,2025-10-18 04:39:45
spotify:track:6ugrRFZUNIpLiqhLUgC7ix,6ugrRFZUNIpLiqhLUgC7ix,Flowers,The Deli,Vibes 3,spotify:album:1DewSgsGUFhSPACbWtmZGa,USEAX1602879,1,2019-03-09,2019-03-09,True,False,,1,2025-10-18 04:39:47
spotify:track:23mtnfduyTDdox1Zmfh4Nk,23mtnfduyTDdox1Zmfh4Nk,Stay.,SwuM,O R B I T,spotify:album:7rsBjk8VfQyU2OHtxlB0eu,GBKQU1901831,1,2019-03-09,2019-03-09,True,False,,1,2025-10-18 04:39:50
spotify:track:5Im6v7WQdNsp7KNWeKSHTy,5Im6v7WQdNsp7KNWeKSHTy,Cereal Keef,7apes,Marbles,spotify:album:2iKStDK4KbeyadfkYzVCAC,QM4TX1823728,1,2019-03-09,2019-03-09,True,False,,1,2025-10-18 04:39:52
spotify:track:7GGTWE47TVBKpOQifTljZU,7GGTWE47TVBKpOQifTljZU,Bliss,Kaizen 92,Energy,spotify:album:5GSSXRKotEtYjTmCki1A05,DEQ021800920,1,2019-03-09,2019-03-09,True,False,,1,2025-10-18 04:39:55
spotify:track:2HcCZD05HwVcrq5bQOBIpd,2HcCZD05HwVcrq5bQOBIpd,Lila Delphin,Priesemut,Oppa Green,spotify:album:5zFsyd53KWjf4IMKJNnn8U,GBLLT1805192,1,2019-03-09,2019-03-09,True,False,,1,2025-10-18 04:39:57
spotify:track:4x7B5sK4tnb9IYCkKGNhWF,4x7B5sK4tnb9IYCkKGNhWF,lay up,Bonnaz,low light,spotify:album:6i1AXptgkkgCkeHjvMwxd5,DEQ021800982,1,2019-03-09,2019-03-09,True,False,,1,2025-10-18 04:40:06
spotify:track:4bqjgf35w0wGC10PPKaZmS,4bqjgf35w0wGC10PPKaZmS,Wandering Worlds,Tyler Showers,Hazel,spotify:album:3ZT4KKkdpRlDAXZpVyxFXx,QZ22B1864449,1,2019-03-09,2019-03-09,True,False,,1,2025-10-18 04:40:11
spotify:track:3HdhYDYBnf1m8JPbjaXPyU,3HdhYDYBnf1m8JPbjaXPyU,Curls,DRWN.,Untitled_Five,spotify:album:3o4QewFmjtbelSJ0wl0sMV,DEQ121856906,2,2019-03-09,2019-03-10,True,False,,1,2025-10-18 04:40:34
spotify:track:5X1x7olCET1Kix9YjOMTkN,5X1x7olCET1Kix9YjOMTkN,Wherewithal,Bokki,Wherewithal,spotify:album:3oJGMM6U9KPZmnhgk92Pck,FR9Z61800197,2,2019-03-09,2019-03-10,True,False,,1,2025-10-18 04:40:36
spotify:track:7as1a7H7ug8aTjngfompSv,7as1a7H7ug8aTjngfompSv,Wherever You Are,Psalm Trees,Chillhop Essentials Spring 2018,spotify:album:6fhZk3c9CkVFgYvDzjZDIV,GBKQU1823928,2,2019-03-09,2019-03-10,True,False,,1,2025-10-18 04:40:38
spotify:track:7BEA0aIXF1nTvOK9zVcVkm,7BEA0aIXF1nTvOK9zVcVkm,Interstellar,Arbour,Interstellar,spotify:album:7165sDSepUygmn7sd9Ovzu,GBLV61821215,2,2019-03-09,2019-03-10,True,False,,1,2025-10-18 04:40:40
spotify:track:69RrbtuFA9juN5sRMfAH3D,69RrbtuFA9juN5sRMfAH3D,forever and always,fiji.water,heavy hearted,spotify:album:1pLsElKa5y5rce5DsirLNH,QM42K1706927,2,2019-03-09,2019-03-10,True,False,,1,2025-10-18 04:40:42
spotify:track:3vyNLBbcMpwIW8yGYqt0uV,3vyNLBbcMpwIW8yGYqt0uV,88 Keys,Oatmello,Snapshots,spotify:album:16ZppJdQkaDfOKnH1S7Uli,QZDA51984411,1,2019-03-29,2019-03-29,True,False,,2,2025-10-18 04:40:48
spotify:track:4NRCrfPhQsRJXfGyqusduT,4NRCrfPhQsRJXfGyqusduT,I Care About You,DLJ,I Care About You,spotify:album:3RCQn0Kyla2SUHT8rEGS64,CH6541835615,1,2019-03-29,2019-03-29,True,False,,2,2025-10-18 04:40:50
spotify:track:6xHlnkbGTtQaPvFJVIweaD,6xHlnkbGTtQaPvFJVIweaD,Walking in the Rain to a Café to Write Down Private Thoughts in Public,City Girl,Loveless Shadows,spotify:album:098HLootwZhtwaAhNiKO3V,TCADI1719568,1,2019-03-29,2019-03-29,True,False,,2,2025-10-18 04:40:52
spotify:track:0xn73zR8yky1wVZv0hdvVY,0xn73zR8yky1wVZv0hdvVY,passing,mommy,lovely currents,spotify:album:4GGxYcwekc1EFgTw9HlZS3,QM24S1802699,1,2019-03-29,2019-03-29,True,False,,2,2025-10-18 04:40:54
spotify:track:1k6WdNgK2EFLIr3opwgCpm,1k6WdNgK2EFLIr3opwgCpm,You're the Dream I Never Wanna Wake Up From,sad boy with a laptop,You're the Dream I Never Wanna Wake Up From,spotify:album:4hjaqGRyvkaUqm2SSA9GKj,QZB4J1800331,2,2019-03-29,2019-03-30,True,False,,2,2025-10-18 04:40:56
spotify:track:7smCjIc7MoUM4ay55LQrdu,7smCjIc7MoUM4ay55LQrdu,Rock Star - From “Hannah Montana 2”,Hannah Montana,Hannah Montana 2 / Meet Miley Cyrus,spotify:album:3BdqKi8c48NUvZ7ppk3wHV,USWD10732069,1,2019-03-30,2019-03-30,True,False,,2,2025-10-18 04:41:33
spotify:track:74tQaH4CxM5Rs9BzerEbHr,74tQaH4CxM5Rs9BzerEbHr,"Introducing Me - From ""Camp Rock 2: The Final Jam""",Nick Jonas,Camp Rock 2: The Final Jam,spotify:album:5iK842b9xnZblgZkRxWCFe,USWD11038146,2,2019-03-30,2022-09-25,True,False,,2,2025-10-18 04:42:08
spotify:track:004skCQeDn1iLntSom0rRr,004skCQeDn1iLntSom0rRr,"Heart and Soul - From ""Camp Rock 2: The Final Jam""",Kevin Jonas,Camp Rock 2: The Final Jam,spotify:album:5iK842b9xnZblgZkRxWCFe,USWD11038144,2,2019-03-30,2019-05-01,True,False,,2,2025-10-18 04:42:14
spotify:track:1GBknQ67DCfKTPms1dw9EW,1GBknQ67DCfKTPms1dw9EW,Nobody's Perfect - From “Hannah Montana 2”,Hannah Montana,Hannah Montana 2 / Meet Miley Cyrus,spotify:album:3BdqKi8c48NUvZ7ppk3wHV,USWD10730703,2,2019-03-30,2019-06-30,True,False,,2,2025-10-18 04:42:24
spotify:track:6bW4OskIhhVrimToRGMhQF,6bW4OskIhhVrimToRGMhQF,No Promises - Acoustic,Landon Austin,July 2017 Covers,spotify:album:6Geq4rMTYypKecqA5RcxsD,TCADD1709101,1,2019-03-30,2019-03-30,True,False,,2,2025-10-18 04:42:30
spotify:track:6okflAl3X7elXPx7MgJMi6,6okflAl3X7elXPx7MgJMi6,I Have Love for Everyone Besides Myself.,Barnes Blvd.,Last Summer,spotify:album:0cruHSkBmlUqwXDFxyAGl8,QZB4J1805655,1,2019-03-30,2019-03-30,True,False,,2,2025-10-18 04:42:43
spotify:track:5CM5Z9GvrivuJs50a2T4hM,5CM5Z9GvrivuJs50a2T4hM,home for a while,s. lyre,singing in my room,spotify:album:7w8gYASHSWox05OGCcCOQP,QM24S1834356,1,2019-03-30,2019-03-30,True,False,,2,2025-10-18 04:42:49
spotify:track:2BPmo2L5bYVS5SmpOTcfyF,2BPmo2L5bYVS5SmpOTcfyF,Come As You Are,Imaginary Future,Come As You Are,spotify:album:4375fZFM49wOvF4BvU1jfv,QMPKX1808588,1,2019-03-31,2019-03-31,True,False,,2,2025-10-18 04:42:58
spotify:track:4YIO90gmv9fivmtKjqI5B6,4YIO90gmv9fivmtKjqI5B6,The One Thing,Gabe Dixon,Turns to Gold,spotify:album:6fRMwmZx3zdjnVFsbcm4TQ,TCACM1647826,1,2019-04-01,2019-04-01,True,False,,2,2025-10-18 04:43:11
spotify:track:3AoHkFEQ32cxgjclv1Ynha,3AoHkFEQ32cxgjclv1Ynha,Never Gonna Be,Ryan Montbleau,Stages: Volume III,spotify:album:6trbg7PB4bXf6UR87xBlYQ,TCACL1680339,1,2019-04-01,2019-04-01,True,False,,2,2025-10-18 04:43:17
spotify:track:4MuVgJIxvnMjRHbiUSD9Js,4MuVgJIxvnMjRHbiUSD9Js,The Unforgettable Fire - Remastered 2009,U2,The Unforgettable Fire - Deluxe Edition Remastered,spotify:album:6akaB3XfTnCwrY4DahsBCY,GBUM70817521,1,2019-04-01,2019-04-01,True,False,,2,2025-10-18 04:44:44
spotify:track:3ROPrLWea9uICOW4V2Px1y,3ROPrLWea9uICOW4V2Px1y,One Vision - Remastered 2011,Queen,A Kind Of Magic - 2011 Remaster,spotify:album:0pEfDPZko6TnNOgrZMe5nn,GBUM71106190,2,2019-04-01,2019-10-22,True,False,,2,2025-10-18 04:44:46
spotify:track:4s6LhHAV5SEsOV0lC2tjvJ,4s6LhHAV5SEsOV0lC2tjvJ,California Dreamin' - Single Version,The Mamas & The Papas,If You Can Believe Your Eyes & Ears,spotify:album:76oMr4Y2pOtcrvZLc2ZikF,USMC16532697,21,2019-04-01,2023-03-05,True,False,,2,2025-10-18 04:45:09
spotify:track:51Amo7fyI2jL3sf2UgX75i,51Amo7fyI2jL3sf2UgX75i,Infinity War,Alan Silvestri,Avengers: Infinity War,spotify:album:6Ltf5m1jvSomNQ0bhfuj5O,USHR11838545,2,2019-04-01,2019-04-26,True,False,,2,2025-10-18 04:45:12
spotify:track:1FI5hblwy9ZwyPg4Jr5hni,1FI5hblwy9ZwyPg4Jr5hni,"Back To The Future: Back To The Future - From ""Back To The Future""",Alan Silvestri,The Back To The Future Trilogy,spotify:album:2UtweRAj4D5VEB2OQs4gTp,US3M59995001,2,2019-04-01,2022-03-07,True,False,,2,2025-10-18 04:45:14
spotify:track:3GiE1hcocpQIEf1gC7fv2o,3GiE1hcocpQIEf1gC7fv2o,Alan Turing's Legacy,Alexandre Desplat,The Imitation Game (Original Motion Picture Soundtrack),spotify:album:2CsfKW5tze2DZKq49iARk1,USSM11406190,1,2019-04-01,2019-04-01,True,False,,2,2025-10-18 04:45:17
spotify:track:64q5EfFKR9hYJ1FHqSClxe,64q5EfFKR9hYJ1FHqSClxe,Chevaliers De Sangreal - From The Da Vinci Code Original Motion Picture Soundtrack,Hans Zimmer,The Da Vinci Code,spotify:album:4GuLx38y1727p45spIvslr,USUM70602461,2,2019-04-01,2019-04-13,True,False,,2,2025-10-18 04:45:19
spotify:track:1H4idkmruFoJBg1DvUv2tY,1H4idkmruFoJBg1DvUv2tY,Band On The Run - 2010 Remaster,Paul McCartney,Band On The Run,spotify:album:257oomaawruFknt5wYCPDh,GBCCS1000004,2,2019-04-01,2019-07-23,True,False,,2,2025-10-18 04:45:29
spotify:track:4u9f8hqstB7iITDJNzKhQx,4u9f8hqstB7iITDJNzKhQx,My Generation - Stereo Version,The Who,My Generation,spotify:album:6Oc6Ok1Oawu8lRkjmD4mXy,GBUM71406026,2,2019-04-01,2019-04-04,True,False,,2,2025-10-18 04:45:44
spotify:track:2JsPiofwi87ocZcrWgCwY8,2JsPiofwi87ocZcrWgCwY8,"December, 1963: Oh, What A Night",The Family,Now That's Family Reunion Music,spotify:album:2YM5sdRF5AOWF12w823T1z,USQY51789030,9,2019-04-02,2019-12-29,True,False,,2,2025-10-18 04:45:56
spotify:track:7DD7eSuYSC5xk2ArU62esN,7DD7eSuYSC5xk2ArU62esN,Help! - Remastered 2009,The Beatles,Help!,spotify:album:0PT5m6hwPRrpBwIHVnvbFX,GBAYE0601465,21,2019-04-02,2023-02-01,True,False,,2,2025-10-18 04:45:58
spotify:track:2g2GkH3vZHk4lWzBjgQ6nY,2g2GkH3vZHk4lWzBjgQ6nY,(What A) Wonderful World,Sam Cooke,The Man Who Invented Soul,spotify:album:3Seie4YIVLWtPw2hQrouNY,USRC10000389,1,2019-04-02,2019-04-02,True,False,,2,2025-10-18 04:46:20
spotify:track:6HHJ3DGRHMogGeWVdaChuZ,6HHJ3DGRHMogGeWVdaChuZ,Hello World,Brian Tyler,Five Feet Apart (Original Motion Picture Soundtrack) (Deluxe),spotify:album:2ZplpqDl4TDwvfqrUkvE5B,USLS51937902,1,2019-04-11,2019-04-11,True,False,,2,2025-10-18 04:52:04
spotify:track:4rAAwaasKow7E4wEwFpkha,4rAAwaasKow7E4wEwFpkha,I Know,Brian Tyler,Five Feet Apart (Original Motion Picture Soundtrack) (Deluxe),spotify:album:2ZplpqDl4TDwvfqrUkvE5B,USLS51937903,1,2019-04-11,2019-04-11,True,False,,2,2025-10-18 04:52:06
spotify:track:3QmF2l3oWrNvlvhiz8p0YE,3QmF2l3oWrNvlvhiz8p0YE,A Little Love,Cam Sanders,A Little Love,spotify:album:7Cy1YDQDIY2YagsLmIFaOw,QM42K1988758,1,2019-04-11,2019-04-11,True,False,,2,2025-10-18 04:52:08
spotify:track:4fBwZEWPje374UBht9nP5C,4fBwZEWPje374UBht9nP5C,I Can Only,Carl Gershon,I Can Only,spotify:album:6njzMrxZf7cY1oecx6xvKU,TCACZ1745196,1,2019-04-11,2019-04-11,True,False,,2,2025-10-18 04:52:11
spotify:track:2pPRgFEENF3LtuxYUPuT24,2pPRgFEENF3LtuxYUPuT24,Love Me Now - Recorded at Spotify Studios NYC,John Legend,Spotify Singles,spotify:album:3ln7gtD4aGjJWllmL1Uqij,USSM11609632,2,2019-04-11,2019-04-11,True,False,,2,2025-10-18 04:52:23
spotify:track:4Aholu2IoEcWuAlR8BvSQh,4Aholu2IoEcWuAlR8BvSQh,Mada Faka 2.0,Varun Likhate,Tripling: Season 2 (Music from TVF Original Series),spotify:album:1FhHHFMLXi38zu2aCwigBO,INC441900028,1,2019-04-11,2019-04-11,True,False,,2,2025-10-18 04:52:28
spotify:track:6SjbzGo7arjfM5cXpXhc5B,6SjbzGo7arjfM5cXpXhc5B,Should I Stay or Should I Go - Remastered,The Clash,Stranger Things (Soundtrack from the Netflix Original Series),spotify:album:0CTCk1eshEadFqZ4NBfe9N,GBARL1200670,11,2019-04-11,2020-05-20,True,False,,2,2025-10-18 04:57:28
spotify:track:1QLyDdhB9gmxbGv0K1kFyT,1QLyDdhB9gmxbGv0K1kFyT,Rock You Like a Hurricane - 2011,Scorpions,Stranger Things (Soundtrack from the Netflix Original Series),spotify:album:0CTCk1eshEadFqZ4NBfe9N,DEE861101522,7,2019-04-11,2019-12-13,True,False,,2,2025-10-18 04:57:53
spotify:track:0kwuKfWntoGh0EWyYb7Mpf,0kwuKfWntoGh0EWyYb7Mpf,Stranger Things,Kyle Dixon & Michael Stein,"Stranger Things, Vol. 1 (A Netflix Original Series Soundtrack)",spotify:album:1puplOrvmUGoq2VxsB0ENJ,USLS51683401,4,2019-04-11,2019-12-13,True,False,,2,2025-10-19 00:05:27
spotify:track:68gzf3AleOyt4NlKwpV0MY,68gzf3AleOyt4NlKwpV0MY,Kids,Kyle Dixon & Michael Stein,"Stranger Things, Vol. 1 (A Netflix Original Series Soundtrack)",spotify:album:1puplOrvmUGoq2VxsB0ENJ,USLS51683402,1,2019-04-11,2019-04-11,True,False,,2,2025-10-19 00:05:30
spotify:track:4thqVUsjZeUWNkGdtZbxVZ,4thqVUsjZeUWNkGdtZbxVZ,Nancy and Barb,Kyle Dixon & Michael Stein,"Stranger Things, Vol. 1 (A Netflix Original Series Soundtrack)",spotify:album:1puplOrvmUGoq2VxsB0ENJ,USLS51683403,1,2019-04-11,2019-04-11,True,False,,2,2025-10-19 00:05:33
spotify:track:4cocLXeDOiFIPBgZCvJ3RF,4cocLXeDOiFIPBgZCvJ3RF,This Isn't You,Kyle Dixon & Michael Stein,"Stranger Things, Vol. 1 (A Netflix Original Series Soundtrack)",spotify:album:1puplOrvmUGoq2VxsB0ENJ,USLS51683404,1,2019-04-11,2019-04-11,True,False,,2,2025-10-19 00:05:36
spotify:track:08lh1ifSaWFpXmtg9pYybz,08lh1ifSaWFpXmtg9pYybz,Lay-Z-Boy,Kyle Dixon & Michael Stein,"Stranger Things, Vol. 1 (A Netflix Original Series Soundtrack)",spotify:album:1puplOrvmUGoq2VxsB0ENJ,USLS51683405,1,2019-04-11,2019-04-11,True,False,,2,2025-10-19 00:05:38
spotify:track:20zCnBjK6aIgvvy66qZ7RV,20zCnBjK6aIgvvy66qZ7RV,Friendship,Kyle Dixon & Michael Stein,"Stranger Things, Vol. 1 (A Netflix Original Series Soundtrack)",spotify:album:1puplOrvmUGoq2VxsB0ENJ,USLS51683406,1,2019-04-11,2019-04-11,True,False,,2,2025-10-19 00:05:41
spotify:track:0yMaGil4yVbV6YhXXAXw83,0yMaGil4yVbV6YhXXAXw83,Eleven,Kyle Dixon & Michael Stein,"Stranger Things, Vol. 1 (A Netflix Original Series Soundtrack)",spotify:album:1puplOrvmUGoq2VxsB0ENJ,USLS51683407,4,2019-04-11,2019-12-13,True,False,,2,2025-10-19 00:05:43
spotify:track:34QAEq8Wfh8OUvJ7vXg1OW,34QAEq8Wfh8OUvJ7vXg1OW,A Kiss,Kyle Dixon & Michael Stein,"Stranger Things, Vol. 1 (A Netflix Original Series Soundtrack)",spotify:album:1puplOrvmUGoq2VxsB0ENJ,USLS51683408,3,2019-04-11,2019-08-09,True,False,,2,2025-10-19 00:05:45
spotify:track:4KEtmjHSQNf6XucybkmOTo,4KEtmjHSQNf6XucybkmOTo,Castle Byers,Kyle Dixon & Michael Stein,"Stranger Things, Vol. 1 (A Netflix Original Series Soundtrack)",spotify:album:1puplOrvmUGoq2VxsB0ENJ,USLS51683409,1,2019-04-11,2019-04-11,True,False,,2,2025-10-19 00:05:47
spotify:track:5MtCEB1r6jzRIu5KZHOrNA,5MtCEB1r6jzRIu5KZHOrNA,Hawkins,Kyle Dixon & Michael Stein,"Stranger Things, Vol. 1 (A Netflix Original Series Soundtrack)",spotify:album:1puplOrvmUGoq2VxsB0ENJ,USLS51683410,1,2019-04-11,2019-04-11,True,False,,2,2025-10-19 00:05:49
spotify:track:5rwltqXrIniDtZIx4J6u50,5rwltqXrIniDtZIx4J6u50,The Upside Down,Kyle Dixon & Michael Stein,"Stranger Things, Vol. 1 (A Netflix Original Series Soundtrack)",spotify:album:1puplOrvmUGoq2VxsB0ENJ,USLS51683411,4,2019-04-11,2019-08-09,True,False,,2,2025-10-19 00:05:52
spotify:track:6ou3hNS6kJiudetwdotPXG,6ou3hNS6kJiudetwdotPXG,After Sarah,Kyle Dixon & Michael Stein,"Stranger Things, Vol. 1 (A Netflix Original Series Soundtrack)",spotify:album:1puplOrvmUGoq2VxsB0ENJ,USLS51683412,1,2019-04-11,2019-04-11,True,False,,2,2025-10-19 00:05:54
spotify:track:3BXNVi7Hy4j0aVXnMrRngz,3BXNVi7Hy4j0aVXnMrRngz,One Blink for Yes,Kyle Dixon & Michael Stein,"Stranger Things, Vol. 1 (A Netflix Original Series Soundtrack)",spotify:album:1puplOrvmUGoq2VxsB0ENJ,USLS51683413,1,2019-04-11,2019-04-11,True,False,,2,2025-10-19 00:05:56
spotify:track:1eGh6sHAWBAyuQTUh8wRIv,1eGh6sHAWBAyuQTUh8wRIv,Photos in the Woods,Kyle Dixon & Michael Stein,"Stranger Things, Vol. 1 (A Netflix Original Series Soundtrack)",spotify:album:1puplOrvmUGoq2VxsB0ENJ,USLS51683414,1,2019-04-11,2019-04-11,True,False,,2,2025-10-19 00:05:58
spotify:track:28GSW3SAZXV9rVdsu7GJHI,28GSW3SAZXV9rVdsu7GJHI,Fresh Blood,Kyle Dixon & Michael Stein,"Stranger Things, Vol. 1 (A Netflix Original Series Soundtrack)",spotify:album:1puplOrvmUGoq2VxsB0ENJ,USLS51683415,3,2019-04-11,2019-08-09,True,False,,2,2025-10-19 00:06:00
spotify:track:0Fe4PvGPm4t6cpNGHrssuH,0Fe4PvGPm4t6cpNGHrssuH,Lamps,Kyle Dixon & Michael Stein,"Stranger Things, Vol. 1 (A Netflix Original Series Soundtrack)",spotify:album:1puplOrvmUGoq2VxsB0ENJ,USLS51683416,1,2019-04-11,2019-04-11,True,False,,2,2025-10-19 00:06:02
spotify:track:1my7ToiHOCDaQyXxkKJS1A,1my7ToiHOCDaQyXxkKJS1A,Hallucinations,Kyle Dixon & Michael Stein,"Stranger Things, Vol. 1 (A Netflix Original Series Soundtrack)",spotify:album:1puplOrvmUGoq2VxsB0ENJ,USLS51683417,1,2019-04-11,2019-04-11,True,False,,2,2025-10-19 00:06:04
spotify:track:3vwBmj1E7Dvn7yBqiSEta6,3vwBmj1E7Dvn7yBqiSEta6,Hanging Lights,Kyle Dixon & Michael Stein,"Stranger Things, Vol. 1 (A Netflix Original Series Soundtrack)",spotify:album:1puplOrvmUGoq2VxsB0ENJ,USLS51683418,3,2019-04-11,2019-08-09,True,False,,2,2025-10-19 00:06:06
spotify:track:5cS1DnFBD84E3UXaMBrHjk,5cS1DnFBD84E3UXaMBrHjk,Biking to School,Kyle Dixon & Michael Stein,"Stranger Things, Vol. 1 (A Netflix Original Series Soundtrack)",spotify:album:1puplOrvmUGoq2VxsB0ENJ,USLS51683419,1,2019-04-11,2019-04-11,True,False,,2,2025-10-19 00:06:08
spotify:track:5qVsoXK98dIWn8j6Q4o63W,5qVsoXK98dIWn8j6Q4o63W,Are You Sure?,Kyle Dixon & Michael Stein,"Stranger Things, Vol. 1 (A Netflix Original Series Soundtrack)",spotify:album:1puplOrvmUGoq2VxsB0ENJ,USLS51683420,1,2019-04-11,2019-04-11,True,False,,2,2025-10-19 00:06:10
spotify:track:3QlTuiZ2g9cclf5mIDj1QU,3QlTuiZ2g9cclf5mIDj1QU,Agents,Kyle Dixon & Michael Stein,"Stranger Things, Vol. 1 (A Netflix Original Series Soundtrack)",spotify:album:1puplOrvmUGoq2VxsB0ENJ,USLS51683421,1,2019-04-11,2019-04-11,True,False,,2,2025-10-19 00:06:12
spotify:track:2Uq1FdVqGD5wJJtHnNPal8,2Uq1FdVqGD5wJJtHnNPal8,Papa,Kyle Dixon & Michael Stein,"Stranger Things, Vol. 1 (A Netflix Original Series Soundtrack)",spotify:album:1puplOrvmUGoq2VxsB0ENJ,USLS51683422,2,2019-04-11,2019-08-09,True,False,,2,2025-10-19 00:06:15
spotify:track:1zeDOV4IIuPcibgnsZR5a1,1zeDOV4IIuPcibgnsZR5a1,Cops Are Good at Finding,Kyle Dixon & Michael Stein,"Stranger Things, Vol. 1 (A Netflix Original Series Soundtrack)",spotify:album:1puplOrvmUGoq2VxsB0ENJ,USLS51683423,1,2019-04-11,2019-04-11,True,False,,2,2025-10-19 00:06:17
spotify:track:2gfZCMsk9arAdwJvXRURvK,2gfZCMsk9arAdwJvXRURvK,No Weapons,Kyle Dixon & Michael Stein,"Stranger Things, Vol. 1 (A Netflix Original Series Soundtrack)",spotify:album:1puplOrvmUGoq2VxsB0ENJ,USLS51683424,1,2019-04-11,2019-04-11,True,False,,2,2025-10-19 00:06:19
spotify:track:0JRf1GHWEoeWbkx2kcU6NB,0JRf1GHWEoeWbkx2kcU6NB,Walking Through the Upside Down,Kyle Dixon & Michael Stein,"Stranger Things, Vol. 1 (A Netflix Original Series Soundtrack)",spotify:album:1puplOrvmUGoq2VxsB0ENJ,USLS51683425,2,2019-04-11,2019-08-09,True,False,,2,2025-10-19 00:06:21
spotify:track:5fXdbH7woFgkGGPgkq16Qc,5fXdbH7woFgkGGPgkq16Qc,She'll Kill You,Kyle Dixon & Michael Stein,"Stranger Things, Vol. 1 (A Netflix Original Series Soundtrack)",spotify:album:1puplOrvmUGoq2VxsB0ENJ,USLS51683426,3,2019-04-11,2019-08-09,True,False,,2,2025-10-19 00:06:23
spotify:track:6tpfuqKv76Ck3afpusC8N2,6tpfuqKv76Ck3afpusC8N2,Run Away,Kyle Dixon & Michael Stein,"Stranger Things, Vol. 1 (A Netflix Original Series Soundtrack)",spotify:album:1puplOrvmUGoq2VxsB0ENJ,USLS51683427,1,2019-04-11,2019-04-11,True,False,,2,2025-10-19 00:06:25
spotify:track:5AzCL8yx75dY6qQNZBFt9W,5AzCL8yx75dY6qQNZBFt9W,No Autopsy,Kyle Dixon & Michael Stein,"Stranger Things, Vol. 1 (A Netflix Original Series Soundtrack)",spotify:album:1puplOrvmUGoq2VxsB0ENJ,USLS51683428,2,2019-04-11,2019-08-09,True,False,,2,2025-10-19 00:06:27
spotify:track:4RALcYvfdYs7b7qiIuW7wX,4RALcYvfdYs7b7qiIuW7wX,Dispatch,Kyle Dixon & Michael Stein,"Stranger Things, Vol. 1 (A Netflix Original Series Soundtrack)",spotify:album:1puplOrvmUGoq2VxsB0ENJ,USLS51683429,2,2019-04-11,2019-08-09,True,False,,2,2025-10-19 00:06:29
spotify:track:419sMldCXvELpU0I7h5xS0,419sMldCXvELpU0I7h5xS0,Joyce and Lonnie Fighting,Kyle Dixon & Michael Stein,"Stranger Things, Vol. 1 (A Netflix Original Series Soundtrack)",spotify:album:1puplOrvmUGoq2VxsB0ENJ,USLS51683430,1,2019-04-11,2019-04-11,True,False,,2,2025-10-19 00:06:31
spotify:track:6eXtNB8pyW0q7oPLoJHDe6,6eXtNB8pyW0q7oPLoJHDe6,Lights Out,Kyle Dixon & Michael Stein,"Stranger Things, Vol. 1 (A Netflix Original Series Soundtrack)",spotify:album:1puplOrvmUGoq2VxsB0ENJ,USLS51683431,2,2019-04-11,2019-08-09,True,False,,2,2025-10-19 00:06:33
spotify:track:4xLYG0d5x9RDj2XjKdrtZX,4xLYG0d5x9RDj2XjKdrtZX,Hazmat Suits,Kyle Dixon & Michael Stein,"Stranger Things, Vol. 1 (A Netflix Original Series Soundtrack)",spotify:album:1puplOrvmUGoq2VxsB0ENJ,USLS51683432,2,2019-04-11,2019-08-09,True,False,,2,2025-10-19 00:06:36
spotify:track:72m39ATETJ95XLQv8tK6QN,72m39ATETJ95XLQv8tK6QN,Theoretically,Kyle Dixon & Michael Stein,"Stranger Things, Vol. 1 (A Netflix Original Series Soundtrack)",spotify:album:1puplOrvmUGoq2VxsB0ENJ,USLS51683433,1,2019-04-11,2019-04-11,True,False,,2,2025-10-19 00:06:38
spotify:track:1uzjBxuCIkIr1sMeznivWx,1uzjBxuCIkIr1sMeznivWx,You Can Talk to Me,Kyle Dixon & Michael Stein,"Stranger Things, Vol. 1 (A Netflix Original Series Soundtrack)",spotify:album:1puplOrvmUGoq2VxsB0ENJ,USLS51683434,1,2019-04-11,2019-04-11,True,False,,2,2025-10-19 00:06:40
spotify:track:1U4qdg1F2WcpXh0a5mpYpn,1U4qdg1F2WcpXh0a5mpYpn,What Else Is There to Do?,Kyle Dixon & Michael Stein,"Stranger Things, Vol. 1 (A Netflix Original Series Soundtrack)",spotify:album:1puplOrvmUGoq2VxsB0ENJ,USLS51683435,2,2019-04-11,2019-08-09,True,False,,2,2025-10-19 00:06:42
spotify:track:7DkYMcBOQYBceaj7dXDJTo,7DkYMcBOQYBceaj7dXDJTo,Hawkins Lab,Kyle Dixon & Michael Stein,"Stranger Things, Vol. 1 (A Netflix Original Series Soundtrack)",spotify:album:1puplOrvmUGoq2VxsB0ENJ,USLS51683436,2,2019-04-11,2019-08-09,True,False,,2,2025-10-19 00:06:44
spotify:track:4jH04tK1Z6EpovVEbAtDtG,4jH04tK1Z6EpovVEbAtDtG,On the Bus,Kyle Dixon & Michael Stein,Stranger Things 2 (Soundtrack from the Netflix Original Series),spotify:album:2l0rdHb97fQidl9dsOxE6B,QZ8BZ1700018,1,2019-04-11,2019-04-11,True,False,,2,2025-10-19 00:06:46
spotify:track:3H4bCkngAaTh279khVoV5p,3H4bCkngAaTh279khVoV5p,Once There Were Dragons,John Powell,How to Train Your Dragon: The Hidden World (Original Motion Picture Soundtrack),spotify:album:1IamQGaFLZXFR2pp8zw8Zo,TCAEA1968085,1,2019-04-11,2019-04-11,True,False,,2,2025-10-19 00:06:48
spotify:track:6BCGwOxUdjyzp1vqMLYt1U,6BCGwOxUdjyzp1vqMLYt1U,"Show Me - From ""Fifty Shades Of Grey"" Score",Danny Elfman,Fifty Shades Of Grey,spotify:album:4OxDwtZIIJVuAYJHHNNeOx,USQ4E1501389,1,2019-04-11,2019-04-11,True,False,,2,2025-10-19 00:06:51
spotify:track:5I0aHj2JSQpoxSQnh3XcjO,5I0aHj2JSQpoxSQnh3XcjO,Te Amo y Más,Gustavo Santaolalla,The Book of Life (Original Motion Picture Soundtrack),spotify:album:7f0cdftcxwu61TCHkwVrs0,USSM11407711,1,2019-04-11,2019-04-11,True,False,,2,2025-10-19 00:06:53
spotify:track:7p32LHQj8QFSwJ3kFfT3Xe,7p32LHQj8QFSwJ3kFfT3Xe,"Nemo Egg (Main Title) - From ""Finding Nemo""",Thomas Newman,Disney/Pixar Greatest,spotify:album:4Tf4nzRuf5W3EvHqigxcmv,USWD10320994,1,2019-04-11,2019-04-11,True,False,,2,2025-10-19 00:06:55
spotify:track:2BwE8DrQLrEIdP6VTvLA8d,2BwE8DrQLrEIdP6VTvLA8d,Choices,Kyle Dixon & Michael Stein,Stranger Things 2 (Soundtrack from the Netflix Original Series),spotify:album:2l0rdHb97fQidl9dsOxE6B,QZ8BZ1700033,1,2019-04-11,2019-04-11,True,False,,2,2025-10-19 00:06:57
spotify:track:29HaHME6s2wlBNxt03xG5Z,29HaHME6s2wlBNxt03xG5Z,Together from Afar (How to Train Your Dragon: The Hidden World),John Powell,How to Train Your Dragon: The Hidden World (Original Motion Picture Soundtrack),spotify:album:1IamQGaFLZXFR2pp8zw8Zo,USQ4E1904197,1,2019-04-11,2019-04-11,True,False,,2,2025-10-19 00:06:59
spotify:track:2GP6cPGsGLtiy99uJZ5ZL5,2GP6cPGsGLtiy99uJZ5ZL5,I Feel Alive,Ramin Djawadi,The Mountain Between Us (Original Motion Picture Soundtrack),spotify:album:4m1tneZGVaqxQ43cy3dP0p,USFM91700450,1,2019-04-11,2019-04-11,True,False,,2,2025-10-19 00:07:01
spotify:track:0x1rnXl24iJl8xZFMkoyNv,0x1rnXl24iJl8xZFMkoyNv,Opening,Craig Armstrong,Far from the Madding Crowd (Original Motion Picture Soundtrack),spotify:album:4J9mOsvXXsEy7ocReEwBBP,USSM11501810,1,2019-04-11,2019-04-11,True,False,,2,2025-10-19 00:07:04
spotify:track:697MjF1454XKvZmTuqkWmD,697MjF1454XKvZmTuqkWmD,I Miss You,Jeff Slaugh,I Miss You,spotify:album:2vJ6FDg6ZMS56U8Wbiw2Oz,TCAEB1954754,1,2019-04-11,2019-04-11,True,False,,2,2025-10-19 00:07:10
spotify:track:6mIC0zmQTsvOMfZ1YqQwLU,6mIC0zmQTsvOMfZ1YqQwLU,Be Your Man - Acoustic,Rhys Lewis,Be Your Man,spotify:album:2GcQccE9hTDkOtddmIyIZf,GBUM71701406,2,2019-04-12,2019-04-12,True,False,,2,2025-10-19 00:07:43
spotify:track:5vZrslgryUYs5C4kpUnQoz,5vZrslgryUYs5C4kpUnQoz,Oceans - Acoustic Version,Barfalk,Oceans,spotify:album:0iF1j9nhAxi2yMw61iHtXc,SEYOK1837808,1,2019-04-12,2019-04-12,True,False,,2,2025-10-19 00:07:45
spotify:track:2wPiW8e7ClTX70ykhGLyi2,2wPiW8e7ClTX70ykhGLyi2,Night Sensations,Andy Clark,Night Sensations,spotify:album:7DDrQvGrb2iggSnMthRyHt,GBBHS8200026,1,2019-04-12,2019-04-12,True,False,,2,2025-10-19 00:07:51
spotify:track:5DEy8wVNCdJdAGNsOWxmVQ,5DEy8wVNCdJdAGNsOWxmVQ,It Only Takes A Minute - Remastered 2004,Tavares,Anthology,spotify:album:04p4pcNAodBupBWhO2p0w8,USCA20300896,1,2019-04-12,2019-04-12,True,False,,2,2025-10-19 00:07:57
spotify:track:4WUcNkpoNSKoe5MUuyzrfC,4WUcNkpoNSKoe5MUuyzrfC,You're Nobody 'Til Somebody Loves You - Remastered/1997,Dean Martin,This Time I'm Swingin',spotify:album:6BzWacVGd1soCBPYzGRm2Y,USCA29801710,20,2019-04-12,2025-04-27,True,False,,2,2025-10-19 00:07:59
spotify:track:2DlAxmDYBnKJmhwf0za5rT,2DlAxmDYBnKJmhwf0za5rT,Your Turn to Cry (Your Time to Cry),Bettye LaVette,Let Me Down Easy - In Concert,spotify:album:4l8ZhmnQr6JMudAQmxmd0L,NLK530700110,1,2019-04-12,2019-04-12,True,False,,2,2025-10-19 00:08:09
spotify:track:6bGDHNhWNqSaD2UwvL86G5,6bGDHNhWNqSaD2UwvL86G5,The Moonlight Sonet,Piano,The Ultimate Collection of Classical Piano Music,spotify:album:3oQQCShLDs3FMpcLzY9oTF,SEYOK1421642,1,2019-04-12,2019-04-12,True,False,,2,2025-10-19 00:10:40
spotify:track:50Br8wwByP2BmhGIeeYHxG,50Br8wwByP2BmhGIeeYHxG,Blue Flowers - DJ Hype Remix,Dr. Octagon,Silicon Valley,spotify:album:0fHibqFT7amTjjYe67kd1t,QM8RL1400445,1,2019-04-13,2019-04-13,True,False,,2,2025-10-19 00:14:32
spotify:track:3OtRwlANXIBVKZfoZH79aK,3OtRwlANXIBVKZfoZH79aK,Walking On Sunshine,Mariachi La Estrella,Silicon Valley,spotify:album:0fHibqFT7amTjjYe67kd1t,QM8RL1400454,1,2019-04-13,2019-04-13,True,False,,2,2025-10-19 00:14:39
spotify:track:1raWfcURBd1Q3W3K0ojDCM,1raWfcURBd1Q3W3K0ojDCM,"Now We Are Free - From ""Gladiator"" Soundtrack",Hans Zimmer,Gladiator - Music From The Motion Picture,spotify:album:0HqvyHCJ9EaORFyA8BPDyW,USUMC0000062,1,2019-04-13,2019-04-13,True,False,,2,2025-10-19 00:14:59
spotify:track:65hCWnFxcEfZmUTsGySi7W,65hCWnFxcEfZmUTsGySi7W,Honor Him,Hans Zimmer,Gladiator - Music From The Motion Picture,spotify:album:1yqkE2BoMZaQRABJRJT2HZ,USUMC0000052,1,2019-04-13,2019-04-13,True,False,,2,2025-10-19 00:15:01
spotify:track:0UWa0AdUscdQUI7mjjx6G1,0UWa0AdUscdQUI7mjjx6G1,2049,Hans Zimmer,Blade Runner 2049 (Original Motion Picture Soundtrack),spotify:album:5kSUsy5FU3Wcxd4DBvXFm4,QMCXZ1700063,1,2019-04-13,2019-04-13,True,False,,2,2025-10-19 00:15:04
spotify:track:5kOxj05I5jTqzWNjcJPdsT,5kOxj05I5jTqzWNjcJPdsT,Leaving Wallbrook/On The Road,Hans Zimmer,Rain Man: Original Motion Picture Soundtrack,spotify:album:12xXxQA56OgFFYlNc9ATJi,USNPD0801248,2,2019-04-13,2019-04-13,True,False,,2,2025-10-19 00:15:06
spotify:track:1dZCiUTIbbvwOCALmzBh9y,1dZCiUTIbbvwOCALmzBh9y,Oogway Ascends,Hans Zimmer,Kung Fu Panda - Original Motion Picture Soundtrack,spotify:album:2fUdfKoSrzobcPZ4bCSmJR,USUM70812423,1,2019-04-13,2019-04-13,True,False,,2,2025-10-19 00:15:08
spotify:track:2kVyZUMyvHHxu7ZOgcSXam,2kVyZUMyvHHxu7ZOgcSXam,You're so Cool (Extended Single Version),Hans Zimmer,True Romance (Original Motion Picture Score),spotify:album:7ncc9tLrxYcG7WpY6Iijnc,ushm91765040,1,2019-04-13,2019-04-13,True,False,,2,2025-10-19 00:15:11
spotify:track:4L4US8YLWUyxhI0PE8JtoX,4L4US8YLWUyxhI0PE8JtoX,Surfing Dolphins,Hans Zimmer,Blue Planet II (Original Television Soundtrack),spotify:album:2La7crUpW4po25IYpveXws,GBCAD1700755,1,2019-04-13,2019-04-13,True,False,,2,2025-10-19 00:15:14
spotify:track:0jRRiWndBqdbKd0EOvDNlK,0jRRiWndBqdbKd0EOvDNlK,The Lagoon,Hans Zimmer,The Thin Red Line,spotify:album:7wPDOZ30toNEBkr5uBIANF,USBC19803237,1,2019-04-13,2019-04-13,True,False,,2,2025-10-19 00:15:16
spotify:track:1b9H740bLJg7W25vWtJ4dH,1b9H740bLJg7W25vWtJ4dH,Compassion - Instrumental,Ornette Coleman,Tomorrow Is The Question!,spotify:album:77fQXEzTdSgkqoGze4MkMj,USFI85900330,1,2019-04-13,2019-04-13,True,False,,2,2025-10-19 00:15:27
spotify:track:13bEwk7dTy0RdOAY3ZNNBD,13bEwk7dTy0RdOAY3ZNNBD,Golden Touch - Full Length,Razorlight,Up All Night,spotify:album:4HKGobgiysyDLsWp86chaK,GBF080400251,2,2019-04-14,2019-04-22,True,False,,2,2025-10-19 00:15:58
spotify:track:0UEZAnopt9jOIT6j2KyyGc,0UEZAnopt9jOIT6j2KyyGc,He's The Great Imposter,Lightspeed Champion,Marlene,spotify:album:72bLiikUdqhrhuF3QkZvVi,GBCEL0900868,1,2019-04-15,2019-04-15,True,False,,2,2025-10-19 00:16:18
spotify:track:3OEuf6SNlIFZgI7GhhI82y,3OEuf6SNlIFZgI7GhhI82y,"In April (From ""Song One) [Original Motion Picture Soundtrack]",Johnny Flynn,"In April (From ""Song One) [Original Motion Picture Soundtrack]",spotify:album:2ziCqjOIi7wl0kJwYQLbHM,USLS51444103,1,2019-04-16,2019-04-16,True,False,,2,2025-10-19 00:16:21
spotify:track:5IwiZFGqfB1Mxw4a7svjw7,5IwiZFGqfB1Mxw4a7svjw7,Dreams - Recorded at Spotify Studios NYC,Japanese Breakfast,Spotify Singles,spotify:album:1rtDBUaEYqsCu2qIQGfbvI,USJ5G1816902,1,2019-04-16,2019-04-16,True,False,,2,2025-10-19 00:17:19
spotify:track:3KMPY8RvRII2du31Cjl8Jg,3KMPY8RvRII2du31Cjl8Jg,Sanu Ek Pal Chain,Nusrat Fateh Ali Khan,Sanu Ek Pal Chain,spotify:album:37kbj6Vz9DWILQcpAJRwl1,GBKRT1800301,1,2019-04-20,2019-04-20,True,False,,2,2025-10-19 00:19:41
spotify:track:4cKmnSLAhwxaWKXQhfz5Ju,4cKmnSLAhwxaWKXQhfz5Ju,Main Titles,Ramin Djawadi,Game of Thrones (Music from the HBO® Series - Season 6),spotify:album:7bBlW6L9r3ICFkbf2WRDXL,USNLR1600336,2,2019-04-22,2022-03-07,True,False,,2,2025-10-19 00:19:53
spotify:track:7kMr7gQm5lzvwlc5VZHgMO,7kMr7gQm5lzvwlc5VZHgMO,Blood of My Blood,Ramin Djawadi,Game of Thrones (Music from the HBO® Series - Season 6),spotify:album:7bBlW6L9r3ICFkbf2WRDXL,USNLR1600337,1,2019-04-22,2019-04-22,True,False,,2,2025-10-19 00:19:56
spotify:track:6iLzFJhs4ATwJn7P1utZIJ,6iLzFJhs4ATwJn7P1utZIJ,Light of the Seven,Ramin Djawadi,Game of Thrones (Music from the HBO® Series - Season 6),spotify:album:7bBlW6L9r3ICFkbf2WRDXL,USNLR1600338,1,2019-04-22,2019-04-22,True,False,,2,2025-10-19 00:19:58
spotify:track:5PdaDQYNNZNxrBNHI31oNq,5PdaDQYNNZNxrBNHI31oNq,Needle,Ramin Djawadi,Game of Thrones (Music from the HBO® Series - Season 6),spotify:album:7bBlW6L9r3ICFkbf2WRDXL,USNLR1600339,1,2019-04-22,2019-04-22,True,False,,2,2025-10-19 00:20:02
spotify:track:13XQAWzNSPHyEvyXXusEbU,13XQAWzNSPHyEvyXXusEbU,Coronation,Ramin Djawadi,Game of Thrones (Music from the HBO® Series - Season 6),spotify:album:7bBlW6L9r3ICFkbf2WRDXL,USNLR1600340,1,2019-04-22,2019-04-22,True,False,,2,2025-10-19 00:20:04
spotify:track:13699zwJW9WyoQLB89m32c,13699zwJW9WyoQLB89m32c,Feed the Hounds,Ramin Djawadi,Game of Thrones (Music from the HBO® Series - Season 6),spotify:album:7bBlW6L9r3ICFkbf2WRDXL,USNLR1600341,1,2019-04-22,2019-04-22,True,False,,2,2025-10-19 00:20:07
spotify:track:0SdHiRgv1yZtiPYuRnbUfu,0SdHiRgv1yZtiPYuRnbUfu,My Watch Has Ended,Ramin Djawadi,Game of Thrones (Music from the HBO® Series - Season 6),spotify:album:7bBlW6L9r3ICFkbf2WRDXL,USNLR1600342,2,2019-04-22,2019-04-22,True,False,,2,2025-10-19 00:20:11
spotify:track:71oRf1ea6dkMq5DL1081jZ,71oRf1ea6dkMq5DL1081jZ,The Red Woman,Ramin Djawadi,Game of Thrones (Music from the HBO® Series - Season 6),spotify:album:7bBlW6L9r3ICFkbf2WRDXL,USNLR1600343,1,2019-04-22,2019-04-22,True,False,,2,2025-10-19 00:20:13
spotify:track:3V3CHMcsZwOaJWbBiLo248,3V3CHMcsZwOaJWbBiLo248,Hold the Door,Ramin Djawadi,Game of Thrones (Music from the HBO® Series - Season 6),spotify:album:7bBlW6L9r3ICFkbf2WRDXL,USNLR1600344,1,2019-04-22,2019-04-22,True,False,,2,2025-10-19 00:20:16
spotify:track:6u6owGCGi6WDXtd4Tf9ZLk,6u6owGCGi6WDXtd4Tf9ZLk,Khaleesi,Ramin Djawadi,Game of Thrones (Music from the HBO® Series - Season 6),spotify:album:7bBlW6L9r3ICFkbf2WRDXL,USNLR1600345,1,2019-04-22,2019-04-22,True,False,,2,2025-10-19 00:20:19
spotify:track:2Ift6YpqOCINgVYvGx8nVW,2Ift6YpqOCINgVYvGx8nVW,Maester,Ramin Djawadi,Game of Thrones (Music from the HBO® Series - Season 6),spotify:album:7bBlW6L9r3ICFkbf2WRDXL,USNLR1600346,1,2019-04-22,2019-04-22,True,False,,2,2025-10-19 00:20:21
spotify:track:4L6rbFM8IiYD3spO7Gq7AT,4L6rbFM8IiYD3spO7Gq7AT,A Painless Death,Ramin Djawadi,Game of Thrones (Music from the HBO® Series - Season 6),spotify:album:7bBlW6L9r3ICFkbf2WRDXL,USNLR1600347,1,2019-04-22,2019-04-22,True,False,,2,2025-10-19 00:20:23
spotify:track:70LA1qeP7w3yVVbW1R56IA,70LA1qeP7w3yVVbW1R56IA,Game of Thrones Theme,Tomas Hilber,Game of Thrones Theme,spotify:album:5ugVPG3lL0DP0i0dDbODgq,SE5IB1701526,1,2019-04-22,2019-04-22,True,False,,2,2025-10-19 00:20:26
spotify:track:5n44Y1e8exufbm9mmAvopf,5n44Y1e8exufbm9mmAvopf,Goodbye Brother,Ramin Djawadi,Game Of Thrones - Music From The HBO Series,spotify:album:5P9JZJW0itEaDK5RfWiSuZ,US3M51109703,2,2019-04-22,2019-04-22,True,False,,2,2025-10-19 00:20:35
spotify:track:19kA9MB5gD4xX27NFmBTVs,19kA9MB5gD4xX27NFmBTVs,Love In The Eyes,Ramin Djawadi,Game Of Thrones - Music From The HBO Series,spotify:album:5P9JZJW0itEaDK5RfWiSuZ,US3M51109706,2,2019-04-22,2019-04-22,True,False,,2,2025-10-19 00:20:41
spotify:track:0gqcMEBHKjJ41KanVZWI9d,0gqcMEBHKjJ41KanVZWI9d,The Rains of Castamere (From the HBO® Series Game Of Thrones - Season 4),Sigur Rós,Game of Thrones: Season 4 (Music from the HBO Series),spotify:album:7Dp7U0XeSimsNTkvVTcKJl,USNLR1400065,2,2019-04-22,2019-04-22,True,False,,2,2025-10-19 00:20:43
spotify:track:43V5AJ4jJZXq493zJVW4uL,43V5AJ4jJZXq493zJVW4uL,Bastard,Ramin Djawadi,Game of Thrones (Music from the HBO® Series - Season 6),spotify:album:7bBlW6L9r3ICFkbf2WRDXL,USNLR1600350,1,2019-04-22,2019-04-22,True,False,,2,2025-10-19 00:20:45
spotify:track:5FuRA7p0ZwR3u2EVouhvwU,5FuRA7p0ZwR3u2EVouhvwU,North Of The Wall,Ramin Djawadi,Game Of Thrones - Music From The HBO Series,spotify:album:5P9JZJW0itEaDK5RfWiSuZ,US3M51109702,1,2019-04-22,2019-04-22,True,False,,2,2025-10-19 00:20:47
spotify:track:7AoHeuLq7LpyeP7S8suz2e,7AoHeuLq7LpyeP7S8suz2e,The Kingsroad,Ramin Djawadi,Game Of Thrones - Music From The HBO Series,spotify:album:5P9JZJW0itEaDK5RfWiSuZ,US3M51109704,1,2019-04-22,2019-04-22,True,False,,2,2025-10-19 00:20:49
spotify:track:7yCMrNtzgaSEjh2FlH2zFX,7yCMrNtzgaSEjh2FlH2zFX,The King's Arrival,Ramin Djawadi,Game Of Thrones - Music From The HBO Series,spotify:album:5P9JZJW0itEaDK5RfWiSuZ,US3M51109705,1,2019-04-22,2019-04-22,True,False,,2,2025-10-19 00:20:51
spotify:track:3fjWYZdo6uZJzsuSoCZmx2,3fjWYZdo6uZJzsuSoCZmx2,You'll Be Queen One Day,Ramin Djawadi,Game Of Thrones - Music From The HBO Series,spotify:album:5P9JZJW0itEaDK5RfWiSuZ,US3M51109714,1,2019-04-22,2019-04-22,True,False,,2,2025-10-19 00:20:53
spotify:track:1acWFMiinwsTOsPjBi1rUj,1acWFMiinwsTOsPjBi1rUj,Throne for the Game (feat. Bradley Hanan Carter) (feat. Bradley Hanan Carter),Ramin Djawadi,Game of Thrones: Season 5 (Music from the HBO Series),spotify:album:0LQkLdG7VkkTZj0HbONsJQ,USNLR1500194,1,2019-04-22,2019-04-22,True,False,,2,2025-10-19 00:20:56
spotify:track:1gWV7TfmbUkqQ0ab4hoWdi,1gWV7TfmbUkqQ0ab4hoWdi,Main Titles,Ramin Djawadi,Game of Thrones: Season 4 (Music from the HBO Series),spotify:album:7Dp7U0XeSimsNTkvVTcKJl,USNLR1400153,1,2019-04-22,2019-04-22,True,False,,2,2025-10-19 00:20:57
spotify:track:1Zj4vVesyURqO5GuCBZ4tN,1Zj4vVesyURqO5GuCBZ4tN,"Rains of Castemere (""The Red Wedding"" Song from ""Game of Thrones"")",TV Generation,"Rains of Castemere (""The Red Wedding"" Song from ""Game of Thrones"")",spotify:album:5YZCAKA6GbtrzfSGOOHZRS,QMVRR1400401,1,2019-04-22,2019-04-22,True,False,,2,2025-10-19 00:20:59
spotify:track:47VahmRLC0TAiwuzfAFxsR,47VahmRLC0TAiwuzfAFxsR,The Rains of Castamere from Game of Thrones,Ramin Djawadi,The Rains of Castamere from Game of Thrones,spotify:album:4VR3ydGGGfODLy2Hf6XCEL,USE830927811,1,2019-04-22,2019-04-22,True,False,,2,2025-10-19 00:21:01
spotify:track:4mDa4lJPg3o1hI02bdlMdr,4mDa4lJPg3o1hI02bdlMdr,Kings And Queens - Live in Boston. MA - March 1978,Aerosmith,Pandora's Box,spotify:album:4HxV2LEGimmJoD65yllfSL,USSM17800143,3,2019-04-22,2019-04-22,True,False,,2,2025-10-19 00:21:31
spotify:track:4wF0BgxFOPv43m1wZkKE43,4wF0BgxFOPv43m1wZkKE43,Draw The Line - Remix,Aerosmith,Pandora's Box,spotify:album:4HxV2LEGimmJoD65yllfSL,USSM17700139,2,2019-04-22,2019-04-22,True,False,,2,2025-10-19 00:21:44
spotify:track:3yBZybCxbHywAtJVQ9HNxP,3yBZybCxbHywAtJVQ9HNxP,"Rattlesnake Shake - Live at WKRQ Counterpart Studios, Cincinatti, OH - 1971",Aerosmith,Pandora's Box,spotify:album:4HxV2LEGimmJoD65yllfSL,USSM17100098,2,2019-04-22,2019-04-22,True,False,,2,2025-10-19 00:21:57
spotify:track:7oxnK2wg8qFv8EXyyxKDJ4,7oxnK2wg8qFv8EXyyxKDJ4,Roller Mobster,Carpenter Brut,TRILOGY,spotify:album:0io5pe55YRCTVqEjwlOBdN,FR9W11319889,1,2019-04-24,2019-04-24,True,False,,2,2025-10-19 00:23:13
spotify:track:20ztml2STRF7Sq1UaBB6ox,20ztml2STRF7Sq1UaBB6ox,Future Club,Perturbator,Dangerous Days,spotify:album:0GzBfwarPFhAdfLNHfgaRT,TCABW1462862,1,2019-04-24,2019-04-24,True,False,,2,2025-10-19 00:23:19
spotify:track:1JcwHjETNNbUH0yfrc9w9n,1JcwHjETNNbUH0yfrc9w9n,Power Core,Power Glove,Far Cry 3: Blood Dragon (Original Game Soundtrack),spotify:album:231L8hGyehsAzmrPrd785m,CA2BN1301026,1,2019-04-24,2019-04-24,True,False,,2,2025-10-19 00:23:22
spotify:track:02gySWUFk5JT4gMguGAhdO,02gySWUFk5JT4gMguGAhdO,Ocean Drive,Miami Nights 1984,Turbulence,spotify:album:1sjg3emGXcOFStmqIUvFeU,USQY51258362,1,2019-04-24,2019-04-24,True,False,,2,2025-10-19 00:23:24
spotify:track:4PVAuqgElzouqQYWPo8zpp,4PVAuqgElzouqQYWPo8zpp,here but not here,karson,discography [2017],spotify:album:4PpiDdzFt421Y62A1qPPrf,QM42K1759940,1,2019-04-24,2019-04-24,True,False,,2,2025-10-19 00:23:26
spotify:track:4HjssPQuADVc4uYP6qbiNB,4HjssPQuADVc4uYP6qbiNB,2:AM - [unfinished],Christopher Hari,2:AM,spotify:album:2pJzdZZuB6vRxuc5lKTAsh,GBSMU3051152,1,2019-04-24,2019-04-24,True,False,,2,2025-10-19 00:23:36
spotify:track:5UFXAE1QXIGnmALcrQ4DgZ,5UFXAE1QXIGnmALcrQ4DgZ,Dust,M|O|O|N,Particles,spotify:album:3RxVWDJQBliYc65AFr9IIq,ushm21300577,1,2019-04-24,2019-04-24,True,False,,2,2025-10-19 00:23:39
spotify:track:76iXMSkp0dRbumAGtYyLov,76iXMSkp0dRbumAGtYyLov,[15] CANTELMENUHN,your best friend jippy,BEAT TAPE 16: 64 BEATS,spotify:album:3UaUNlYiAYRO66afhdPISC,DEQ021801543,1,2019-04-24,2019-04-24,True,False,,2,2025-10-19 00:23:41
spotify:track:2uA9EGy7KifPvk2F342IvR,2uA9EGy7KifPvk2F342IvR,Rust,El Huervo,Rust B/W Ghost,spotify:album:10sWEyUUMMS1i26Iaw94lk,QM6P41552908,1,2019-04-24,2019-04-24,True,False,,2,2025-10-19 00:23:43
spotify:track:7niqyrDkne6ahyXuzi8QW6,7niqyrDkne6ahyXuzi8QW6,jandaya,your best friend jippy,BRAZIL BY EAR,spotify:album:3IY4lPGHg934vDZvrvZW2r,DEQ021801669,1,2019-04-24,2019-04-24,True,False,,2,2025-10-19 00:23:45
spotify:track:5dHlu0Fx1BvEJVvyheuHUt,5dHlu0Fx1BvEJVvyheuHUt,[08] CONSISTENCY,your best friend jippy,BEAT TAPE 16: 64 BEATS,spotify:album:3UaUNlYiAYRO66afhdPISC,DEQ021801536,1,2019-04-24,2019-04-24,True,False,,2,2025-10-19 00:23:47
spotify:track:4NsPgRYUdHu2Q5JRNgXYU5,4NsPgRYUdHu2Q5JRNgXYU5,Sweden,C418,Minecraft - Volume Alpha,spotify:album:3Gt7rOjcZQoHCfnKl5AkK7,TCAAW1157087,1,2019-04-24,2019-04-24,True,False,,2,2025-10-19 00:23:54
spotify:track:5HUIdXB0R8sWkOXQjjc011,5HUIdXB0R8sWkOXQjjc011,Sinners X Saints,STRADEUS,Sinners X Saints,spotify:album:1hbh4THjA5PEnnSW0Sfk8j,TCADY1839143,1,2019-04-24,2019-04-24,True,False,,2,2025-10-19 00:23:57
spotify:track:5cZva2sFzjPzbSs0x0FVXP,5cZva2sFzjPzbSs0x0FVXP,Quixotic,M|O|O|N,Quixotic,spotify:album:5T1EF3ZdUyVR8eBITFF2wc,ushm21400069,1,2019-04-24,2019-04-24,True,False,,2,2025-10-19 00:23:59
spotify:track:3WoSJF85H0qywD4qLp4HDd,3WoSJF85H0qywD4qLp4HDd,The Godfather Waltz (Main Title),Nino Rota,The Godfather,spotify:album:5CeLOKEJeP3EpEdT9v2lep,USMC17251829,2,2019-04-25,2022-03-07,True,False,,2,2025-10-19 00:24:47
spotify:track:5ybGsOXzG2T6LnlyUw9hcx,5ybGsOXzG2T6LnlyUw9hcx,The Pickup,Nino Rota,The Godfather,spotify:album:5CeLOKEJeP3EpEdT9v2lep,USMC17251831,1,2019-04-25,2019-04-25,True,False,,2,2025-10-19 00:24:49
spotify:track:2g9CWmKvjUhAF07k8E6Js3,2g9CWmKvjUhAF07k8E6Js3,The Halls Of Fear,Nino Rota,The Godfather,spotify:album:5CeLOKEJeP3EpEdT9v2lep,USMC17251833,1,2019-04-25,2019-04-25,True,False,,2,2025-10-19 00:24:52
spotify:track:1yGtwQmr4NRzftGOHU6vX2,1yGtwQmr4NRzftGOHU6vX2,So Say We All,Harry Lightfoot,Volturnus,spotify:album:0NQ4dkJAROxvbeI9PG8k0y,QMJGX1800169,1,2019-04-26,2019-04-26,True,False,,2,2025-10-19 00:24:58
spotify:track:10F9vRZJFsnB8KGesrzAPy,10F9vRZJFsnB8KGesrzAPy,Totally Fine,Alan Silvestri,Avengers: Endgame,spotify:album:6r4Vfnoifx2CLiTKCaKji8,USHR11939124,1,2019-04-26,2019-04-26,True,False,,2,2025-10-19 00:25:00
spotify:track:2ulsQWNc9AYu00wcKjPYtV,2ulsQWNc9AYu00wcKjPYtV,Five Seconds,Alan Silvestri,Avengers: Endgame,spotify:album:6r4Vfnoifx2CLiTKCaKji8,USHR11939156,1,2019-04-26,2019-04-26,True,False,,2,2025-10-19 00:25:03
spotify:track:1fNwvHEncsLvhwEKmzlO6S,1fNwvHEncsLvhwEKmzlO6S,New Avengers - Avengers: Age of Ultron,Danny Elfman,Avengers: Age of Ultron,spotify:album:0xJzVmrwTmCvzaXWzE7jbP,USHR11536421,2,2019-04-26,2019-05-18,True,False,,2,2025-10-19 00:25:09
spotify:track:1tzj2vY4twkNmZ5K3DUOPp,1tzj2vY4twkNmZ5K3DUOPp,"Theme (from ""Spider Man"") [Original Television Series]",Michael Giacchino,Spider-Man: Homecoming (Original Motion Picture Soundtrack),spotify:album:3Aao9FYpxQXuNrAPjJnud1,US4DG1700301,3,2019-04-26,2022-03-07,True,False,,2,2025-10-19 00:25:15
spotify:track:6r9gskUHqOtP5rivvZuyEy,6r9gskUHqOtP5rivvZuyEy,Taking a Stand,Henry Jackman,Captain America: The Winter Soldier,spotify:album:3nWTffckeFVKV26BNZgKCl,USHR11435433,1,2019-04-26,2019-04-26,True,False,,2,2025-10-19 00:25:17
spotify:track:4Jm9RwZ2C46J06ARRllUs5,4Jm9RwZ2C46J06ARRllUs5,Thor: Ragnarok,Mark Mothersbaugh,Thor: Ragnarok,spotify:album:4gecrZPdDxMlVxBtpobpxr,USHR11738242,2,2019-04-26,2022-03-07,True,False,,2,2025-10-19 00:25:19
spotify:track:1TgdMhc341oncqEcMTorG0,1TgdMhc341oncqEcMTorG0,Sicilian Pastorale,Nino Rota,The Godfather,spotify:album:5CeLOKEJeP3EpEdT9v2lep,USMC17251834,1,2019-04-26,2019-04-26,True,False,,2,2025-10-19 00:25:22
spotify:track:3z34jmhudi5benGc1a8CBJ,3z34jmhudi5benGc1a8CBJ,I Can Feel (Fingertips),Ferdinand Weber,I Can Feel (Fingertips),spotify:album:4mLvQkJUgktl5IcbEyECht,GBKPL1945298,1,2019-04-26,2019-04-26,True,False,,2,2025-10-19 00:25:23
spotify:track:4ong8gUO6Nq4iYf1BvoYXT,4ong8gUO6Nq4iYf1BvoYXT,Girls Like You,Kurt Hugo Schneider,Girls Like You,spotify:album:0IAoxSmVaLGEy3DGStZ0XP,GBDMT1800240,2,2019-04-26,2019-04-28,True,False,,2,2025-10-19 00:25:31
spotify:track:7y8kO7t6WKkWsTlXoDxqMm,7y8kO7t6WKkWsTlXoDxqMm,Worried Down with the Blues (Live),Allman Brothers Band,"Fox Box: 3 Nights Live at Fox Theatre in Atlanta, Ga (September 24, 2004)",spotify:album:2kGPPSNv3KpG1CfH7RvATe,USW4D0201004,1,2019-04-26,2019-04-26,True,False,,2,2025-10-19 00:25:49
spotify:track:0EvfIJmTPccLT0IM2UGC1G,0EvfIJmTPccLT0IM2UGC1G,"You're My Favorite Song - From ""Camp Rock 2: The Final Jam""",Demi Lovato,Camp Rock 2: The Final Jam,spotify:album:5iK842b9xnZblgZkRxWCFe,USWD11038145,2,2019-04-28,2019-05-01,True,False,,2,2025-10-19 00:25:51
spotify:track:1570rO6Ld2CQtylj79nZuI,1570rO6Ld2CQtylj79nZuI,"This Is Me - From ""Camp Rock""",Demi Lovato,Your Favorite Songs from 100 Disney Channel Original Movies,spotify:album:5gmYqZjyX50yWhiT31hUxJ,USWD10833742,1,2019-04-29,2019-04-29,True,False,,2,2025-10-19 00:25:53
spotify:track:4hQ6UGyWQIGJmHSo0J88JW,4hQ6UGyWQIGJmHSo0J88JW,Back To You - From 13 Reasons Why – Season 2 Soundtrack,Selena Gomez,Back To You,spotify:album:3N7eWDCvfWv34xWNohdHjO,USUM71805992,11,2019-04-29,2025-06-05,True,False,,2,2025-10-19 00:25:56
spotify:track:0MgPF1bNdUeCeI3rXwY9uq,0MgPF1bNdUeCeI3rXwY9uq,Fox on the Run - Single Version,Sweet,Best Of...,spotify:album:0ZSMNKAIzJR9fcQs09rWKO,DEC767400020,9,2019-04-30,2019-10-22,True,False,,2,2025-10-19 00:25:58
spotify:track:6vFN0uVMQxHofQFnNhGBq8,6vFN0uVMQxHofQFnNhGBq8,"Guardians Inferno - From ""Guardians of the Galaxy Vol. 2""",The Sneepers,Guardians Inferno,spotify:album:79ybAdcRPW24RFUackx0gc,USHR11737933,3,2019-04-30,2024-09-12,True,False,,2,2025-10-19 00:26:33
spotify:track:7GVUmCP00eSsqc4tzj1sDD,7GVUmCP00eSsqc4tzj1sDD,Come and Get Your Love - Single Version,Redbone,Come and Get Your Love,spotify:album:5Gf5m9M6RiK2lkjpbP0xRu,USSM17300653,21,2019-04-30,2024-03-22,True,False,,2,2025-10-19 00:27:31
spotify:track:5xtxxuIqInrLDSfjA6Co3o,5xtxxuIqInrLDSfjA6Co3o,Fiebre (Prod. King DouDou),Bad Gyal,Slow Wine Mixtape,spotify:album:0ShnVtpw8BRsf8vzHVQvas,ES71G1637592,1,2019-05-02,2019-05-02,True,False,,2,2025-10-19 00:28:16
spotify:track:4kVr5IKVbZWj7S90DcNKTu,4kVr5IKVbZWj7S90DcNKTu,She Don't Want Your Love,GIANNI TAYLOR,She Don't Want Your Love,spotify:album:4HOwesaTZHtTTwAz0Kmtka,QZES51926185,17,2019-05-02,2023-06-18,True,False,,2,2025-10-19 00:28:32
spotify:track:2exsNDr7iveMCBiMRoztLC,2exsNDr7iveMCBiMRoztLC,Ganas,D3llano,Ganas,spotify:album:4BRVvUtSuHqJQIQKtdVZag,QZ5FN1935955,1,2019-05-02,2019-05-02,True,False,,2,2025-10-19 00:29:22
spotify:track:7ClOVHIX88ij7fkeNZnjEf,7ClOVHIX88ij7fkeNZnjEf,Hold Tight,NIIKO X SWAE,Hold Tight,spotify:album:0mVe6LdsNdL6tq5GiQpxyU,QM4TX1907213,14,2019-05-02,2019-07-14,True,False,,2,2025-10-19 00:29:34
spotify:track:1XoF3AeUbSzADC1Au0vMCA,1XoF3AeUbSzADC1Au0vMCA,Higher,New Beat Order,Higher,spotify:album:5NDNP4KmXF2RmHDbxnTFXo,QM24S1910868,12,2019-05-02,2019-07-14,True,False,,2,2025-10-19 00:29:36
spotify:track:6MJUCumnQsQEKbCy28tbCP,6MJUCumnQsQEKbCy28tbCP,Adictiva,Daddy Yankee,Adictiva,spotify:album:7Eeyj4vopzd7c1aAhwXFGU,US2BU1801109,1,2019-05-02,2019-05-02,True,False,,2,2025-10-19 00:29:55
spotify:track:72djmuS0qzY74NLxYaspjP,72djmuS0qzY74NLxYaspjP,Disclaimer,GLNNA,Disclaimer,spotify:album:1uniWlk5iWtahVPDml0DpK,QM42K1997070,1,2019-05-02,2019-05-02,True,False,,2,2025-10-19 00:29:57
spotify:track:6Wx1g8XXHYZ5Wk2IGsBZdL,6Wx1g8XXHYZ5Wk2IGsBZdL,Neverland,M3XX D4MIAN,Neverland,spotify:album:2fEe6PUmy7zQjhlc8X2pxp,NL1AP1900620,1,2019-05-02,2019-05-02,True,False,,2,2025-10-19 00:30:15
spotify:track:4vnxi71Kyijq3jZFFrQdpk,4vnxi71Kyijq3jZFFrQdpk,Let's Get Crazy,Zeper,Let's Get Crazy,spotify:album:47STavwsFvpLKUEmcoVKRZ,NLT2H1900019,1,2019-05-02,2019-05-02,True,False,,2,2025-10-19 00:30:24
spotify:track:3zoUZzYLueWujOOfy1MNpt,3zoUZzYLueWujOOfy1MNpt,Delusions,Duke & Jones,Delusions,spotify:album:5WiQwI5e6vtpkQ6bcOOuFm,QZFPL1800011,1,2019-05-02,2019-05-02,True,False,,2,2025-10-19 00:31:41
spotify:track:4txQPJDlvU72lC6EMhT7m9,4txQPJDlvU72lC6EMhT7m9,Qué Tienes Tú (feat. Jesús de Reik & Mau y Ricky),Dvicio,Qué Tienes Tú (feat. Jesús de Reik & Mau y Ricky),spotify:album:694hCUyeR4sSjV7J1mu0dO,ES5021800196,1,2019-05-02,2019-05-02,True,False,,2,2025-10-19 00:31:43
spotify:track:33iNRdOMvEGp7CLkKi1T1z,33iNRdOMvEGp7CLkKi1T1z,Keep Floatin',G. Soldier,Quasar,spotify:album:0nTIxgZvZbEoojEWQudfIK,GB-SMU-28-38800,1,2019-05-02,2019-05-02,True,False,,2,2025-10-19 00:32:03
spotify:track:6bhs3KkiPbT1hEtnb57YH2,6bhs3KkiPbT1hEtnb57YH2,3 A.M.,Parker Lane,3 A.M.,spotify:album:5KKKFrX1vmiATi73SJ2HVK,QMEZE1804097,1,2019-05-02,2019-05-02,True,False,,2,2025-10-19 00:32:10
spotify:track:3lXf5f7yrqM7h1xRNrbcrY,3lXf5f7yrqM7h1xRNrbcrY,Cave Crawl,Warm Drag,Warm Drag,spotify:album:3zaID2h7j9xtqHiJvbdTlL,USA3D1832202,4,2019-05-02,2019-08-10,True,False,,2,2025-10-19 00:32:12
spotify:track:2pcfjEdVNSZwodUXjlxpXh,2pcfjEdVNSZwodUXjlxpXh,Baby Be Good,The Ray-Ons,Eccentric Soul: The Forte Label,spotify:album:2odsUYbi8bSi0jkjeAQ4mC,USCW61300096,4,2019-05-02,2019-08-10,True,False,,2,2025-10-19 00:32:14
spotify:track:0AWb9mTTtZe6wOlCvmcFaj,0AWb9mTTtZe6wOlCvmcFaj,Why Oh Why,Little Alice,Going Back: A Collection Of Rhythm & Blues,spotify:album:6SlqyTwWucGhQFgYW7XfFr,USFI86201446,4,2019-05-02,2019-08-10,True,False,,2,2025-10-19 00:32:16
spotify:track:5wSietjBQqmCmDswSx2fSk,5wSietjBQqmCmDswSx2fSk,Poor Little Heather,David Newman,Heathers,spotify:album:0TWvdzy4nUrSkFioVW45GT,US3M58922321,4,2019-05-02,2019-08-10,True,False,,2,2025-10-19 00:32:27
spotify:track:2GoqEqB1ARpBxcgEcZOilN,2GoqEqB1ARpBxcgEcZOilN,What Love Can Do,The Ascots,The Hits Of Harlem Volume Two,spotify:album:3BCglukIY7hGfUy7L9DBPo,QMWN31100376,12,2019-05-02,2023-07-28,True,False,,2,2025-10-19 00:32:31
spotify:track:5E3Ey0ivIATcdUfifgE9xr,5E3Ey0ivIATcdUfifgE9xr,Ain't Gonna Be Blue,Jack's Cats,The State of Swing,spotify:album:6d1sMX1qvQa5n3JSVIStMm,CAJZ71900002,41,2019-05-02,2025-07-10,True,False,,2,2025-10-19 00:32:33
spotify:track:3vwdj8p2CIsNQfwMx3jtLr,3vwdj8p2CIsNQfwMx3jtLr,Start The Motor,Tracy Bryant,Subterranean,spotify:album:0TSLVXImaqsQ6RLYeJFV2D,USA2B1600064,16,2019-05-02,2019-06-07,True,False,,2,2025-10-19 00:32:37
spotify:track:0eHHekFzomA568bUZlHMra,0eHHekFzomA568bUZlHMra,Mystic Woman,Brooklynn,Mystic Woman,spotify:album:4rm2FCwi8UPIQVzjERNBfi,QZDA41985913,3,2019-05-02,2019-05-03,True,False,,2,2025-10-19 00:32:46
spotify:track:1UrZqBZyp5qjEY6wpiuJWN,1UrZqBZyp5qjEY6wpiuJWN,She Is My Dream,The Tads,"Cult Hits of the 1950's, Vol. 2",spotify:album:4Q2FBaSBTFCb82hZGgttKa,USV351395453,42,2019-05-02,2025-07-10,True,False,,2,2025-10-19 00:33:14
spotify:track:3d2zDCGkHZpYZ0kHAnEa2P,3d2zDCGkHZpYZ0kHAnEa2P,2u,James Burke,Future Eye,spotify:album:5m3Ji5xBP3lIXPSKRmqxgq,QZES51993245,4,2019-05-02,2019-05-03,True,False,,2,2025-10-19 00:33:18
spotify:track:4naxBWpkPBW0Ru8EIW0S4M,4naxBWpkPBW0Ru8EIW0S4M,But Not For Me,The Clickettes,The Very Best Of The Clickettes,spotify:album:0sq0P0opmRaRQ3vs4p4ZSV,QMWN31100136,2,2019-05-02,2019-05-03,True,False,,2,2025-10-19 00:33:20
spotify:track:4NaprYJVziASJhsqhJcO9n,4NaprYJVziASJhsqhJcO9n,Cheeky Two-Step,John Altman,John Altman: Silent Screen,spotify:album:6vqKyHJWNcgJeSHREfS88g,GBBGL1605281,2,2019-05-02,2019-05-03,True,False,,2,2025-10-19 00:33:37
spotify:track:4vDRn8ROikrY7kOwZKJoxo,4vDRn8ROikrY7kOwZKJoxo,Lose You,Lylak Munk,Lylak,spotify:album:0oO9jLRuYO4GmlckiP50MR,uscgh1946785,2,2019-05-02,2019-05-03,True,False,,2,2025-10-19 00:33:39
spotify:track:2t4JFSQnqvrXKhA34wmRa3,2t4JFSQnqvrXKhA34wmRa3,Can't Stop Me Now,Kid Dean,Kid Dean,spotify:album:2UjRH4jQRx93k6i2xitZnF,TCADI1736495,2,2019-05-03,2019-05-03,True,False,,2,2025-10-19 00:33:48
spotify:track:7GWY69atVdWuka2WjKIyd6,7GWY69atVdWuka2WjKIyd6,Love of No Return,Peter Sivo Band,Peter Sivo Band (1946-1961),spotify:album:3KqbzOS2Q4ZFYRQj2ojYVS,QMDA61423381,5,2019-05-03,2023-06-05,True,False,,2,2025-10-19 00:34:10
spotify:track:7BB7cDTfZQ2jYnbfR4KHPi,7BB7cDTfZQ2jYnbfR4KHPi,You Got Me Hypnotized,Girl Pack,Heartbreaker,spotify:album:5tcqgc14m9aUtgnEwbJW29,TCADQ1846971,2,2019-05-03,2019-05-03,True,False,,2,2025-10-19 00:34:14
spotify:track:4HOaAZImHEvuzJxi08ttBE,4HOaAZImHEvuzJxi08ttBE,You Got Me Hypnotized,Ghostess,You Got Me Hypnotized,spotify:album:0p9f4ZY01mAwBRkXcKNW3z,TCAEC1942841,2,2019-05-03,2019-05-03,True,False,,2,2025-10-19 00:34:17
spotify:track:2coRXiBP7x42lI1LVdwtw7,2coRXiBP7x42lI1LVdwtw7,Rise In Love,Zephyrtone,Rise In Love,spotify:album:4YOWMJeIsNE3mg4vgTvPjU,FR2X41989564,1,2019-05-26,2019-05-26,True,False,,3,2025-10-19 00:35:37
spotify:track:6VCiop8l5OWssezYim0cp7,6VCiop8l5OWssezYim0cp7,Sour Grapes ($UICIDEBOY$ X TRAVIS BARKER),$uicideboy$,LIVE FAST DIE WHENEVER,spotify:album:3TSr9PtbSLkZ7OiSQg0nQQ,QZAPK1800037,1,2019-05-26,2019-05-26,True,False,,3,2025-10-19 00:35:49
spotify:track:0O9B2ntRfo2bb2zrG7NKnk,0O9B2ntRfo2bb2zrG7NKnk,Miss Me,Twinbeatz,Miss Me,spotify:album:335CQxySsHuRlOueIvYaMc,QZES91939657,1,2019-05-26,2019-05-26,True,False,,3,2025-10-19 00:36:00
spotify:track:7s9dTDdWlWbOrQoF7S0nfR,7s9dTDdWlWbOrQoF7S0nfR,Running Away,Abhijeet Phukan,Running Away,spotify:album:4KrEKc08lFFhCNPdjv56d3,AEA0D1965279,1,2019-05-26,2019-05-26,True,False,,3,2025-10-19 00:36:02
spotify:track:5imCvF3VHty1TZ0qaE1JEj,5imCvF3VHty1TZ0qaE1JEj,Blessed (with Tyga),Shenseea,Blessed (with Tyga),spotify:album:7aTeShQY6NnCiFmjYluvcl,USUM71908297,1,2019-05-26,2019-05-26,True,False,,3,2025-10-19 00:36:35
spotify:track:1lJBFpv9GSEvCCrc5BBrOV,1lJBFpv9GSEvCCrc5BBrOV,Yesterday,Varun Rawal,Yesterday,spotify:album:1sBDilXRUSDQ2mOSZHSHuc,AEA0D1968412,1,2019-05-26,2019-05-26,True,False,,3,2025-10-19 00:37:27
spotify:track:1YQRhlnqNU8kZ1uNamqJj9,1YQRhlnqNU8kZ1uNamqJj9,Waves,Electranumb,Waves,spotify:album:35m2KzYQU0ZMYSrsDcCSZk,QZGWW1904717,2,2019-05-26,2019-05-26,True,False,,3,2025-10-19 00:37:50
spotify:track:0qPi7GvM1H7jTiMmIaCa87,0qPi7GvM1H7jTiMmIaCa87,Maximum Drive,Ash Vix,Maximum Drive,spotify:album:3o7Ygsryz6wb5wXbVYoNQp,CA5KR1926113,1,2019-05-26,2019-05-26,True,False,,3,2025-10-19 00:37:52
spotify:track:3f9k5ITQ03UnmSAYshBmTB,3f9k5ITQ03UnmSAYshBmTB,Talk,Ady Manral,Talk,spotify:album:1IARQAkqbvWKXyCIGxfs6B,TCAEF1953199,1,2019-05-26,2019-05-26,True,False,,3,2025-10-19 00:37:59
spotify:track:6Aawhe9BTrIm1k3xUKanPw,6Aawhe9BTrIm1k3xUKanPw,Rockabye,Kurt Hugo Schneider,Kurt & Company Vol 1,spotify:album:0liFLxbOTzTV8wU4HvrNvv,GBDMT1700174,1,2019-05-28,2019-05-28,True,False,,3,2025-10-19 00:38:37
spotify:track:2g4bwKzf5509SxmVaPFfc3,2g4bwKzf5509SxmVaPFfc3,Yellow - Acoustic Cover,Coldplay,Relaxing Classical Playlist: Peaceful Heart of Winter,spotify:album:0OuvSbT8h4nUHGvpnbZUlW,PLS921748137,1,2019-05-28,2019-05-28,True,False,,3,2025-10-19 00:38:44
spotify:track:4bgCdwNpbU3sCJ3mupBW8S,4bgCdwNpbU3sCJ3mupBW8S,I Don't Want to Be - Stripped Version,Gavin DeGraw,Chariot - Stripped,spotify:album:0Fm4Qx8IVHEEBYPeRzNUGI,USJAY0400262,1,2019-05-31,2019-05-31,True,False,,3,2025-10-19 00:39:09
spotify:track:4kU85oxeEebmaiadd4p4qN,4kU85oxeEebmaiadd4p4qN,Phir Mohabbat,Kaljan Kedar,Phir Mohabbat,spotify:album:59Fsg8IToOnkeeAgkrtUun,GBSMU4045271,3,2019-05-31,2019-11-08,True,False,,3,2025-10-19 00:39:23
spotify:track:0PkPrsnbiM1MQhp91IWaMb,0PkPrsnbiM1MQhp91IWaMb,"Khabar Nahi (From ""Dostana"")",Vishal-Shekhar,Best of Me Vishal Shekhar,spotify:album:6uxRlKbjePj7hvCiHV5y3k,INS170816340,3,2019-05-31,2025-05-25,True,False,,3,2025-10-19 00:39:26
spotify:track:1cmZbGkCEVVAck2MsWpPYQ,1cmZbGkCEVVAck2MsWpPYQ,Hasi - Female Version,Ami Mishra,Hamari Adhuri Kahani (Original Motion Picture Soundtrack),spotify:album:7sVzilmsqYcLMYw2gtvoZM,INS171500728,4,2019-05-31,2023-05-21,True,False,,3,2025-10-19 00:39:29
spotify:track:405WtAgW3RTg49mxDiPVlJ,405WtAgW3RTg49mxDiPVlJ,Tu Jo Mila,Anupam Bhowmick,Tu Jo Mila,spotify:album:4ujP5rc4tatgbDkh7WtMcB,AEA0D1850112,3,2019-06-01,2019-10-08,True,False,,3,2025-10-19 00:39:40
spotify:track:1plFCZ6QFAjSRutT02GTCn,1plFCZ6QFAjSRutT02GTCn,"Channa Mereya (From ""Ae Dil Hai Mushkil"")",Pritam,"Channa Mereya (From ""Ae Dil Hai Mushkil"")",spotify:album:7IuYiJjqLtPUqgDYlUTuML,INS171602370,12,2019-06-08,2022-07-31,True,False,,3,2025-10-19 00:41:14
spotify:track:2BeY2dQPbD8xYxx3yhBTVD,2BeY2dQPbD8xYxx3yhBTVD,"Mann Mera (From ""Table No. 21"")",Gajendra Verma,Table No. 21,spotify:album:3O895TQZsINpYkZuMtIwFF,GBSGZ1200069,5,2019-06-08,2019-11-08,True,False,,3,2025-10-19 00:41:16
spotify:track:7eA8EGUwSdCtzraYYaE8ci,7eA8EGUwSdCtzraYYaE8ci,"Shake It Out - MTV Unplugged, 2012 / Live",Florence + The Machine,MTV Presents Unplugged: Florence + The Machine,spotify:album:11JHRCPKllt4DDiaaBi3Kl,GBUM71201411,1,2019-06-08,2019-06-08,True,False,,3,2025-10-19 00:41:25
spotify:track:3Xzog9enTvbsc0G7G9M58D,3Xzog9enTvbsc0G7G9M58D,Shut Up and Dance - Live Acoustic - 2015,WALK THE MOON,Shut Up And Dance (Acoustic),spotify:album:7gVpldI2kuvncnrLtiOcDl,USRC11501303,1,2019-06-08,2019-06-08,True,False,,3,2025-10-19 00:41:28
spotify:track:5zsHmE2gO3RefVsPyw2e3T,5zsHmE2gO3RefVsPyw2e3T,What's Up Danger (with Black Caviar),Blackway,Spider-Man: Into the Spider-Verse,spotify:album:35s58BRTGAEWztPo9WqCIs,USUM71818369,6,2019-06-14,2025-05-12,True,False,,3,2025-10-19 00:42:37
spotify:track:4Uy3kNxW2kB8AEoXljEcth,4Uy3kNxW2kB8AEoXljEcth,"Familia (with Anuel Aa, feat. Bantu) - Spider-Man: Into the Spider-Verse",Nicki Minaj,Spider-Man: Into the Spider-Verse,spotify:album:35s58BRTGAEWztPo9WqCIs,USUM71820327,3,2019-06-14,2023-06-05,True,False,,3,2025-10-19 00:42:41
spotify:track:6sfVSlvCl5evgokuWNrHbE,6sfVSlvCl5evgokuWNrHbE,"Pani Da Rang Male (From ""Vicky Donor"")",Ayushmann Khurrana,Vicky Donor,spotify:album:4AyGMWLHvkZiBniFBvTw8F,GBSGZ1100026,1,2019-06-14,2019-06-14,True,False,,3,2025-10-19 00:43:21
spotify:track:0edt0Ar7ewLkMqy0jUtSWm,0edt0Ar7ewLkMqy0jUtSWm,"Bulleya (From ""Ae Dil Hai Mushkil"")",Pritam,"Bulleya (From ""Ae Dil Hai Mushkil"")",spotify:album:0Ynrxx0EqVssD0NaX5PeF7,INS171602235,5,2019-06-14,2023-07-05,True,False,,3,2025-10-19 00:43:23
spotify:track:6CV2iSJV2W6yAITDxSSes3,6CV2iSJV2W6yAITDxSSes3,"Baatein Ye Kabhi Na (From ""Khamoshiyan"") - Male",Jeet Gannguli,Musical Bond: Jeet Gannguli & Arijit Singh,spotify:album:5Z5vhemw4ig06H73KolMti,INS171402463,4,2019-06-14,2022-07-31,True,False,,3,2025-10-19 00:43:25
spotify:track:4peiaLdhDgUgQ646Gpbvh3,4peiaLdhDgUgQ646Gpbvh3,"Dooriyan (From ""Love Aaj Kal"")",Mohit Chauhan,Love Aaj Kal,spotify:album:4u7WFjehsC5sUibLEOaqLf,GBSGZ0900021,3,2019-06-14,2019-10-16,True,False,,3,2025-10-19 00:43:27
spotify:track:3GrCQPpKqKzOcKfMAoqn82,3GrCQPpKqKzOcKfMAoqn82,"Bolna (From ""Kapoor & Sons (Since 1921)"")",Tanishk Bagchi,"Bolna (From ""Kapoor & Sons (Since 1921)"")",spotify:album:0wzJaFTmOlIGokjoNJ9loW,INS171600165,8,2019-06-14,2025-08-06,True,False,,3,2025-10-19 00:43:41
spotify:track:1plOkuDLCiVDjugyQDcaUq,1plOkuDLCiVDjugyQDcaUq,"Ashq Na Ho (From ""Holiday"")",Pritam,Best of Bollywood: Arijit Singh,spotify:album:6Mwut6BYqsL6WrhC1u3I06,INS171401310,3,2019-06-14,2019-10-25,True,False,,3,2025-10-19 00:43:43
spotify:track:73yIZXOY6Th386dlZTZLju,73yIZXOY6Th386dlZTZLju,"Mar Jayian Romantic (From ""Vicky Donor"")",Vishal Dadlani,Vicky Donor,spotify:album:4AyGMWLHvkZiBniFBvTw8F,GBSGZ1100027,2,2019-06-14,2019-10-16,True,False,,3,2025-10-19 00:43:45
spotify:track:6h09y5UH6sDRERJALlaJPi,6h09y5UH6sDRERJALlaJPi,"Jeena Jeena (From ""Badlapur"")",Atif Aslam,Jeena Jeena,spotify:album:47BxXUsijYFRSasnmu8M2U,GBSGZ1500292,3,2019-06-14,2019-10-16,True,False,,3,2025-10-19 00:43:49
spotify:track:6gI0m9ncxfuxf3mWHYKJSQ,6gI0m9ncxfuxf3mWHYKJSQ,Sun Mere Humsafar,Arpit G,Sun Mere Humsafar,spotify:album:5gqBLIu2sO3arRerpgDFxC,QZBRF1827518,3,2019-06-14,2019-10-11,True,False,,3,2025-10-19 00:43:52
spotify:track:1ruNjDDYrRQDrNgC2OHh5E,1ruNjDDYrRQDrNgC2OHh5E,Yaariyan (reprise),Sunidhi Chauhan,Cocktail,spotify:album:6Wu6m82JvVQvsa3kRhRebR,GBSGZ1200015,3,2019-06-14,2019-10-24,True,False,,3,2025-10-19 00:44:09
spotify:track:3At4t5vZ0lDuNWLBPEk6Ck,3At4t5vZ0lDuNWLBPEk6Ck,Channa Vey,Kunal Ganjawala,Channa Vey,spotify:album:1D3xG0AxMZbq0nVyu0PUgJ,INUM70503538,2,2019-06-14,2019-10-11,True,False,,3,2025-10-19 00:44:11
spotify:track:2aeKhvJGVFLcwX2C3SO7Yo,2aeKhvJGVFLcwX2C3SO7Yo,"Ek Charraiya (From ""Citylights"")",Jeet Gannguli,Musical Bond: Jeet Gannguli & Arijit Singh,spotify:album:5Z5vhemw4ig06H73KolMti,INS171400774,2,2019-06-14,2019-08-18,True,False,,3,2025-10-19 00:44:13
spotify:track:0RjEjs91p7SpYubEnEanBm,0RjEjs91p7SpYubEnEanBm,"Tu Jo Hain (From ""Mr. X"")",Ankit Tiwari,"Tu Jo Hain (From ""Mr. X"")",spotify:album:2q5HkL1LvSygRC39DRXGUW,INS171500352,3,2019-06-15,2019-11-08,True,False,,3,2025-10-19 00:44:22
spotify:track:40dePAoXs9qDwSNNAOf7hn,40dePAoXs9qDwSNNAOf7hn,Love Loud,Levi Ware,Love Loud,spotify:album:5fcnJcOdBig3JaznoAFuRU,QZBAG1700001,1,2019-06-17,2019-06-17,True,False,,3,2025-10-19 00:44:28
spotify:track:3gwurt17Arq2OTWaM7qZPW,3gwurt17Arq2OTWaM7qZPW,The Wonder Of You,Villagers,Big Little Lies EP,spotify:album:0U2wW1yU3cG3hG7MOFza9M,USA171710047,1,2019-06-17,2019-06-17,True,False,,3,2025-10-19 00:44:38
spotify:track:3ZqYrxqkm6u5rz5JyhYkDD,3ZqYrxqkm6u5rz5JyhYkDD,Call On Me - Alternate Take,Big Brother & The Holding Company,Box Of Pearls,spotify:album:2uEM5GPliifxJ0llkQ59oR,USSM16801236,11,2019-06-17,2020-04-04,True,False,,3,2025-10-19 00:44:44
spotify:track:49iSYnIgA9P8EVH6M8uu2E,49iSYnIgA9P8EVH6M8uu2E,September Song,Agnes Obel,Aventine,spotify:album:5mdWrhN59Jte2qZeLVKBJC,BEP011400295,8,2019-06-17,2019-07-23,True,False,,3,2025-10-19 00:44:46
spotify:track:78tuHzwhY28c7ikM10hFYL,78tuHzwhY28c7ikM10hFYL,The Wonder Of You,Villagers,Big Little Lies,spotify:album:4YU2XJH8yVtQh5oPylvoDw,USA171710047,8,2019-06-17,2019-07-02,True,False,,3,2025-10-19 00:45:30
spotify:track:2rBq9rceYqbr4YIqbSLhNg,2rBq9rceYqbr4YIqbSLhNg,Down By The River (feat. Emy Perez),MÖWE,Down By The River (feat. Emy Perez),spotify:album:1Nl1SBGIkh5xfBRWrJffCg,DK4YA1822001,1,2019-06-17,2019-06-17,True,False,,3,2025-10-19 00:45:33
spotify:track:40vfXX854M4Y5ndNIVth6J,40vfXX854M4Y5ndNIVth6J,Redford (For Yia-Yia & Pappou),Sufjan Stevens,Undun,spotify:album:0cwlEeMEkvdoiPNJxlzHtI,US64G0300714,6,2019-06-17,2019-07-25,True,False,,3,2025-10-19 00:45:47
spotify:track:7KX65PC1UZuImsUInThbav,7KX65PC1UZuImsUInThbav,Cold Little Heart - Radio Edit,Michael Kiwanuka,Cold Little Heart,spotify:album:55A6d8TOuiAs6zDiKj2c3A,GBUM71700693,7,2019-06-17,2022-04-16,True,False,,3,2025-10-19 00:45:53
spotify:track:6ZCt6rUZg5fk2ihvnocwIo,6ZCt6rUZg5fk2ihvnocwIo,Can't Help Falling in Love,Noah Young,Can't Help Falling in Love,spotify:album:5LmZwfzDRCGiIjgqkvLvko,TCADM1842020,1,2019-06-22,2019-06-22,True,False,,3,2025-10-19 00:46:57
spotify:track:6cg1tQIcuYgoIkvtPXshOY,6cg1tQIcuYgoIkvtPXshOY,Lake Nivu,Jerro,The Fool,spotify:album:1hTekpIUKOslOqgT35cZI2,FR2X41924389,1,2019-06-25,2019-06-25,True,False,,3,2025-10-19 00:47:47
spotify:track:5eKsif8K04twbv5sxUcdup,5eKsif8K04twbv5sxUcdup,Mood100,Jonny Sum,I Dream EP,spotify:album:6hcHyGB139B7bLCozd6JjY,SE5VF1900457,1,2019-06-25,2019-06-25,True,False,,3,2025-10-19 00:47:49
spotify:track:1jZqT8S8zfyLBw0BdCQn6X,1jZqT8S8zfyLBw0BdCQn6X,Please - Jeff Samuel Remix,Rhye,Blood Remixed,spotify:album:1AvkRISSdzC7cq7eLoS5w1,USC4R1802510,1,2019-06-26,2019-06-26,True,False,,3,2025-10-19 00:47:51
spotify:track:7Feaw9WAEREY0DUOSXJLOM,7Feaw9WAEREY0DUOSXJLOM,Summer Days (feat. Macklemore & Patrick Stump of Fall Out Boy),Martin Garrix,Summer Days (feat. Macklemore & Patrick Stump of Fall Out Boy),spotify:album:0xbuJLlb5afBcmCpdOaszR,NLM5S1900528,34,2019-06-27,2024-11-03,True,False,,3,2025-10-19 00:48:29
spotify:track:1f38Gx6xQz6r4H1jGVNBJo,1f38Gx6xQz6r4H1jGVNBJo,Loco Contigo (with J. Balvin & Tyga),DJ Snake,Loco Contigo (with J. Balvin & Tyga),spotify:album:3HXHo0qkSUO4M9p6PEnA01,USUG11901580,2,2019-06-27,2019-07-14,True,False,,3,2025-10-19 00:48:37
spotify:track:7MH4ejNKq0pBYmPCI21LT4,7MH4ejNKq0pBYmPCI21LT4,I'll Never Love Again,Matt Bloyd,I'll Never Love Again,spotify:album:34blizQ18kmplDlNZCAh3e,QZ22B2018512,1,2019-06-30,2019-06-30,True,False,,3,2025-10-19 00:49:23
spotify:track:11qJo8BHxYDUg6NSVZp95i,11qJo8BHxYDUg6NSVZp95i,Girls Just Wanna Have Fun,The Mayries,#Acoustic,spotify:album:6NIj5YBKDtfqUJ5qDy9PbI,SE5IB1700949,1,2019-06-30,2019-06-30,True,False,,3,2025-10-19 00:49:36
spotify:track:1JUMhvz16BI72c2UMRwyPK,1JUMhvz16BI72c2UMRwyPK,"There's No Way - Live from Box Fresh, London, 2018",Lauv,"There's No Way (Live from Box Fresh, London, 2018)",spotify:album:0SMJ1B3H1S7vK4b1Ojw8vP,GBKPL1831700,1,2019-06-30,2019-06-30,True,False,,3,2025-10-19 00:49:42
spotify:track:6S3JlDAGk3uu3NtZbPnuhS,6S3JlDAGk3uu3NtZbPnuhS,Baby Blue - Remastered 2010,Badfinger,Straight Up,spotify:album:0BWOueFZKxQrQWNRt20Lvc,GBDCE1000031,3,2019-07-04,2019-09-03,True,False,,3,2025-10-19 00:49:51
spotify:track:2GMZviWV8WEIHgdH7Y5vU2,2GMZviWV8WEIHgdH7Y5vU2,Midnight Sun - Remastered 2010,Badfinger,Magic Christian Music,spotify:album:6uA2hir5o45vrILeqQVTbr,GBDCE1000109,1,2019-07-04,2019-07-04,True,False,,3,2025-10-19 00:49:53
spotify:track:5PaQkcDTFaIpxhCq2HMbN2,5PaQkcDTFaIpxhCq2HMbN2,The Start of Things,Trent Reznor and Atticus Ross,Mid90s (Original Music from the Motion Picture),spotify:album:4fyH8qQJjj9WR939GCL1Sr,TCADX1830393,1,2019-07-04,2019-07-04,True,False,,3,2025-10-19 00:50:09
spotify:track:0THutYP9Uqq75bogKFuoXL,0THutYP9Uqq75bogKFuoXL,Eden (Harlem),Nicholas Britell,If Beale Street Could Talk (Original Motion Picture Score),spotify:album:0fJDCdcog8975mFnYSCKZT,USLS51832401,1,2019-07-04,2019-07-04,True,False,,3,2025-10-19 00:50:13
spotify:track:0lG90tbq6VDUkjKaiU9TeA,0lG90tbq6VDUkjKaiU9TeA,The Spier House,Rob Simonsen,"Love, Simon (Original Motion Picture Score)",spotify:album:590ZWDqzalFPYjGf0ZmFAY,USLS51819202,1,2019-07-04,2019-07-04,True,False,,3,2025-10-19 00:50:43
spotify:track:0WjNvRuNKpKZ3JtjTDtHL3,0WjNvRuNKpKZ3JtjTDtHL3,Spring Sheep Dip,Craig Armstrong,Far from the Madding Crowd (Original Motion Picture Soundtrack),spotify:album:4J9mOsvXXsEy7ocReEwBBP,USSM11501814,1,2019-07-04,2019-07-04,True,False,,3,2025-10-19 00:50:49
spotify:track:7pFImdVGKqKQaIJ4AYFIiX,7pFImdVGKqKQaIJ4AYFIiX,If Beale Street Could Talk (End Credits),Nicholas Britell,If Beale Street Could Talk (Original Motion Picture Score),spotify:album:0fJDCdcog8975mFnYSCKZT,USLS51832418,1,2019-07-04,2019-07-04,True,False,,3,2025-10-19 00:50:54
spotify:track:3LFFoMyGHmiV3b5ZeaBF7O,3LFFoMyGHmiV3b5ZeaBF7O,Toys and Stars,Carter Burwell,Goodbye Christopher Robin (Original Motion Picture Soundtrack),spotify:album:104RkCOzBNrnI17KaEtzwO,USQX91701848,1,2019-07-04,2019-07-04,True,False,,3,2025-10-19 00:50:58
spotify:track:37UNeKSzilH978feP03T04,37UNeKSzilH978feP03T04,Reconcile,Jon Brion,Lady Bird (Original Motion Picture Soundtrack),spotify:album:0LIWkw76T7O499slpRTeQ1,USLS51713022,3,2019-07-04,2025-10-10,True,False,,3,2025-10-19 00:51:00
spotify:track:5RvMBGXe1JqZ25nMobzw26,5RvMBGXe1JqZ25nMobzw26,Overflow Of Love,Alexandre Desplat,The Shape Of Water,spotify:album:058fiqH1NYYmur8cicws4l,GBUM71705464,1,2019-07-04,2019-07-04,True,False,,3,2025-10-19 00:51:02
spotify:track:4NICjgGXc9Gujpv2FfeosZ,4NICjgGXc9Gujpv2FfeosZ,Oak Returns,Craig Armstrong,Far from the Madding Crowd (Original Motion Picture Soundtrack),spotify:album:4J9mOsvXXsEy7ocReEwBBP,USSM11501815,1,2019-07-04,2019-07-04,True,False,,3,2025-10-19 00:51:04
spotify:track:7Ly4vpc0e0JaqKIbCHtSHX,7Ly4vpc0e0JaqKIbCHtSHX,My Edward and I (feat. Jack Liebeck),Dario Marianelli,Jane Eyre - Original Motion Picture Soundtrack,spotify:album:4EHO6nIhB0OCyOY2vQ8yqX,GBARL1100094,1,2019-07-04,2019-07-04,True,False,,3,2025-10-19 00:51:06
spotify:track:2ACmbgMUjcCzEIIHYjSRdu,2ACmbgMUjcCzEIIHYjSRdu,A Certain Kind of Feeling,John Anthony,Love Songs On Guitar,spotify:album:2GXntyJf4ojiJAG2ibcN1A,GBSWE1558987,2,2019-07-10,2019-08-09,True,False,,3,2025-10-19 00:52:07
spotify:track:3pryCnejhwCIAJ5519ysPN,3pryCnejhwCIAJ5519ysPN,Satyagraha: Act II: Confrontation and Rescue,Philip Glass,Glass: Satyagraha,spotify:album:7pQ1vxq2x9ukcUnswdQRuQ,USSM18400240,3,2019-07-10,2020-01-05,True,False,,3,2025-10-19 00:52:14
spotify:track:1jHi7q6piCjlkMRMhr2N9G,1jHi7q6piCjlkMRMhr2N9G,Earth Song,Kyle Dixon & Michael Stein,Spheres (Original Score),spotify:album:0FxvjAQQvYouHmDAjF3PnR,USLS51831714,2,2019-07-10,2019-08-09,True,False,,3,2025-10-19 00:52:24
spotify:track:3CbiMpMzToJhNJWza98K22,3CbiMpMzToJhNJWza98K22,The First I love You,Kyle Dixon & Michael Stein,Stranger Things 3 (Original Score from the Netflix Original Series),spotify:album:3yWXEa4TRUts0oMWjNo2qc,QZ8BZ1900361,2,2019-07-10,2019-08-09,True,False,,3,2025-10-19 00:52:26
spotify:track:6HqCtvLgJr29Dr8RpoWZ8h,6HqCtvLgJr29Dr8RpoWZ8h,Deep,Peter Sandberg,Deep,spotify:album:68EKgpFtjm3T6EYEDnxjgU,GB45A1901419,2,2019-07-10,2019-08-09,True,False,,3,2025-10-19 00:52:29
spotify:track:7KYP2eRgJUXTUZqR5fHnCq,7KYP2eRgJUXTUZqR5fHnCq,"5000 Candles in the Wind (From ""Parks and Recreation"")",Sea Turtle Harmonic,5000 Candles In The Wind,spotify:album:132uoMThjajBdp3zhTc6cP,QZ22B1746194,11,2019-07-13,2020-03-28,True,False,,3,2025-10-19 00:52:31
spotify:track:49frnvrdSjHqpGnnubnmx0,49frnvrdSjHqpGnnubnmx0,Start The Motor,Tracy Bryant,Subterranean,spotify:album:6a56ivQAgklyuavtNdm9UA,USA2B1600064,11,2019-07-14,2019-12-10,True,False,,3,2025-10-19 00:52:33
spotify:track:3yNZ5r3LKfdmjoS3gkhUCT,3yNZ5r3LKfdmjoS3gkhUCT,bad guy (with Justin Bieber),Billie Eilish,bad guy (with Justin Bieber),spotify:album:6lMlX68jJrx67hiCqdiDvW,USUM71912813,24,2019-07-14,2023-03-27,True,False,,3,2025-10-19 00:52:45
spotify:track:7dOeiXeTSfA1ixaYmQcWu7,7dOeiXeTSfA1ixaYmQcWu7,Rich Love (with Seeb),OneRepublic,Rich Love,spotify:album:0fLgNovzjpxE13hCIWa0sL,USUM71705541,22,2019-07-14,2023-04-28,True,False,,3,2025-10-19 00:53:41
spotify:track:2uK4ZMBb56FzAwOU3mFDt9,2uK4ZMBb56FzAwOU3mFDt9,Moseqah,Turkey Arabian Sons,Daring Rose,spotify:album:0Z1Qn0YnDQo6BxBXxS9p0y,GBMA21921799,1,2019-07-14,2019-07-14,True,False,,3,2025-10-19 00:53:58
spotify:track:3pkzNScqa26RBRk3ly9VF8,3pkzNScqa26RBRk3ly9VF8,Rippin' Kittin - Original Mix,Tenebrio,Rippin' Kittin,spotify:album:1V2uDEVaG8JSIVe2NT5hrL,CA2MV0900040,2,2019-07-17,2019-07-24,True,False,,3,2025-10-19 00:54:31
spotify:track:464Idjlx9C2RUbmgX9shtF,464Idjlx9C2RUbmgX9shtF,I Want U - Marcel Dettmann Interpretation,DJ Hell,I Want U,spotify:album:5apfDI2Kvxc1TbZCgXXui8,DEAR41775753,1,2019-07-17,2019-07-17,True,False,,3,2025-10-19 00:54:33
spotify:track:5ZEQjTroORCu6uWvZrdeNc,5ZEQjTroORCu6uWvZrdeNc,My Life Is Going On - Música Original De La Serie De TV La Casa De Papel / Money Heist,Cecilia Krull,My Life Is Going On,spotify:album:3Q4MvKGORSPdwa0OWLWXOA,ES84S1700139,15,2019-07-21,2025-08-15,True,False,,3,2025-10-19 00:55:38
spotify:track:3ntrdR24dLkKrzSGRv1FlH,3ntrdR24dLkKrzSGRv1FlH,Stand By Me - Remastered 2010,John Lennon,Rock 'N' Roll,spotify:album:4D5tTcz72CXGPtzTabLTDY,GBAYE1000824,1,2019-07-23,2019-07-23,True,False,,3,2025-10-19 00:56:08
spotify:track:0gL2miWkmktpseXSwHJVnG,0gL2miWkmktpseXSwHJVnG,Piece Of My Heart,Christina Vierra and The Ryan Rehm Band,Big Little Lies,spotify:album:5bVh1bvKmcaBUjQwcapIEN,USA171994000,1,2019-07-24,2019-07-24,True,False,,3,2025-10-19 00:56:18
spotify:track:6Kynli1iHBqJRWUCohcV9h,6Kynli1iHBqJRWUCohcV9h,Kaam 25 - Sacred Games,DIVINE,Kaam 25,spotify:album:22kgtYXKwgjccIu3kxC75m,FR59R1811556,36,2019-07-26,2025-03-02,True,False,,3,2025-10-19 00:56:34
spotify:track:0Y0AtAfminbqKqMBJ33NGw,0Y0AtAfminbqKqMBJ33NGw,"Yaad Rakh - The Dewarists, Season 5",Benny Dayal,Yaad Rakh,spotify:album:6nSdf2QanqJcCGOkx9D5sw,FR10S1794321,1,2019-07-26,2019-07-26,True,False,,3,2025-10-19 00:56:57
spotify:track:5ljDRYaFEZy9INmM8Fl81e,5ljDRYaFEZy9INmM8Fl81e,"My Life Is Going On (Cecilia Krull vs. Gavin Moss) [Música Original de la Serie de TV ""La Casa de Papel""]",Cecilia Krull,"My Life Is Going On (Cecilia Krull vs. Gavin Moss) [Música Original de la Serie de TV ""La Casa de Papel""]",spotify:album:2h50A30QjRpcIobOc8GU64,ES7001833701,2,2019-07-26,2019-07-26,True,False,,3,2025-10-19 00:57:14
spotify:track:7scONDwVvlfi9mvbz6FDS5,7scONDwVvlfi9mvbz6FDS5,The Entertainer (Scott Joplin),Ragtime Music Unlimited,"50 Ragtime Piano Classics (Best Of Scott Joplin, Joseph Lamb & James Scott)",spotify:album:0h4EqyysSt7O1YgXMH7a3P,USA371246591,1,2019-07-26,2019-07-26,True,False,,3,2025-10-19 00:57:20
spotify:track:6y3uI07vKeKWNeH0pEdT8Y,6y3uI07vKeKWNeH0pEdT8Y,Magnetic Hurricane,Emmanuel Lipszyc,Electronic Blockbusters,spotify:album:35jSyK4RTebQa0IRVjXMNn,FR26F1700200,1,2019-07-26,2019-07-26,True,False,,3,2025-10-19 00:57:22
spotify:track:1nTIlEfFDYpeRTkvhdF6I3,1nTIlEfFDYpeRTkvhdF6I3,If I Could Fly,Joe Satriani,Is There Love In Space?,spotify:album:2rSSRNgFyaVKuAWoz6yYWO,USSM10400837,1,2019-07-27,2019-07-27,True,False,,3,2025-10-19 00:57:36
spotify:track:3y8PHo3ln3b7C9kkPuEWRN,3y8PHo3ln3b7C9kkPuEWRN,A Celebration,Joe Satriani,Unstoppable Momentum,spotify:album:4oOWqLfZUACxyueli79Ram,USSM11301414,1,2019-07-27,2019-07-27,True,False,,3,2025-10-19 00:57:38
spotify:track:6SPfnsAo5VDOFRyI6PlVDB,6SPfnsAo5VDOFRyI6PlVDB,Unstoppable Momentum,Joe Satriani,Unstoppable Momentum,spotify:album:4oOWqLfZUACxyueli79Ram,USSM11301404,2,2019-07-27,2019-09-12,True,False,,3,2025-10-19 00:57:40
spotify:track:6VNEO4hMKm0zPz2ceQJ8XI,6VNEO4hMKm0zPz2ceQJ8XI,"God Is Crying - Live at the Metropolis Theatre, Montreal, Canada - December 2000",Joe Satriani,Satchurated: Live In Montreal,spotify:album:1RVaqQJKWq5ZqegVvcyO2f,USSM11107149,2,2019-07-27,2019-09-12,True,False,,3,2025-10-19 00:57:42
spotify:track:6IJ0f6Q3MZ8wPgkZbuIjIs,6IJ0f6Q3MZ8wPgkZbuIjIs,"Andalusia - Live at the Metropolis Theatre, Montreal, Canada - December 2000",Joe Satriani,Satchurated: Live In Montreal,spotify:album:1RVaqQJKWq5ZqegVvcyO2f,USSM11107150,2,2019-07-27,2019-09-12,True,False,,3,2025-10-19 00:57:44
spotify:track:2eHf1hQ9PAVhWZeQ2yaFjy,2eHf1hQ9PAVhWZeQ2yaFjy,God Is Crying,Joe Satriani,Black Swans and Wormhole Wizards,spotify:album:553p61nO6RZ79Z526RH5nC,USSM11003004,1,2019-07-27,2019-07-27,True,False,,3,2025-10-19 00:57:47
spotify:track:7fumRmsJgKUj0Zl8OaRJlW,7fumRmsJgKUj0Zl8OaRJlW,Ten Words,Joe Satriani,Super Colossal,spotify:album:1uJrKo3W0dGgmSM5FBMsbE,USSM10600022,1,2019-07-27,2019-07-27,True,False,,3,2025-10-19 00:57:49
spotify:track:5cguSM8YxXkeqcJxOUfs6X,5cguSM8YxXkeqcJxOUfs6X,Made of Tears,Joe Satriani,Super Colossal,spotify:album:1uJrKo3W0dGgmSM5FBMsbE,USSM10600026,1,2019-07-27,2019-07-27,True,False,,3,2025-10-19 00:57:52
spotify:track:4LLjDHDwBqsDVZxniYiJYe,4LLjDHDwBqsDVZxniYiJYe,Far Beyond The Sun,Yngwie Malmsteen,The Yngwie Malmsteen Collection,spotify:album:4S2kyFPZheSFR1m1IJ0Hzc,JPA018400020,2,2019-07-27,2019-09-12,True,False,,3,2025-10-19 00:57:54
spotify:track:6qRi4Nuw8lU4pn0kK3LGJA,6qRi4Nuw8lU4pn0kK3LGJA,Jeux Interdits: Spanish Romance (Arr. for Guitar and Orchestra),Anonymous,Mediterráneo,spotify:album:59wykB5aKaXRudvU8VTo6h,DEN961003030,1,2019-07-27,2019-07-27,True,False,,3,2025-10-19 00:57:56
spotify:track:2wxkIxCjB5047xUG5njMQ2,2wxkIxCjB5047xUG5njMQ2,Farewell (feat. Michael Manring),Calum Graham,Tabula Rasa,spotify:album:30OgCzf2n8pLPvqW5ECtkR,CAC9I1601011,1,2019-07-27,2019-07-27,True,False,,3,2025-10-19 00:57:59
spotify:track:2DYDDJe30NEPDlejhaxgeN,2DYDDJe30NEPDlejhaxgeN,A Mi Primo Tomate,Raimundo Amador,Flamenco es... Raimundo Amador,spotify:album:1iigQIKTWdYqmKG6seG0dJ,ES5700000210,1,2019-07-27,2019-07-27,True,False,,3,2025-10-19 00:58:01
spotify:track:1lTMeXgyFdmo5VzlXt3cvu,1lTMeXgyFdmo5VzlXt3cvu,Torre de Marfil (Rumba Flamenco),Paco Cepero,Flamenco De Pura Cepa,spotify:album:3rSXGZXPbNWDD8rU7HyYPe,ES6670000632,1,2019-07-27,2019-07-27,True,False,,3,2025-10-19 00:58:03
spotify:track:0pxgXjiNwxX7nO96ywdGZe,0pxgXjiNwxX7nO96ywdGZe,Sahib Teri Bandi - Maki Madni,The Derek Trucks Band,Songlines,spotify:album:0bAKGnvpKWdI3lH7Q3RCJJ,USSM10507184,2,2019-07-27,2019-09-12,True,False,,3,2025-10-19 00:58:05
spotify:track:1xlFVE09PM5GXeGC8fxES6,1xlFVE09PM5GXeGC8fxES6,A Night to Remember,Andy Timmons,"That Was Then, This Is Now",spotify:album:39DUHGUGVtng9ObK2tbuTe,USFN10222012,1,2019-07-27,2019-07-27,True,False,,3,2025-10-19 00:58:13
spotify:track:1cbHidaSuivwVSopkj6yTZ,1cbHidaSuivwVSopkj6yTZ,Cave,Grayson Erhard,Cave,spotify:album:6t5xZXhCwja06TQn19o44U,QM77D1600001,1,2019-07-27,2019-07-27,True,False,,3,2025-10-19 00:58:19
spotify:track:4E6SMz8ioJ2jj8uQrULqWM,4E6SMz8ioJ2jj8uQrULqWM,The Turn Of A Friendly Card (Part One) - Part 1,The Alan Parsons Project,The Turn Of A Friendly Card (Expanded Edition),spotify:album:00jalpLLeWNB3mdvN4DipA,USAR19700014,2,2019-07-27,2019-09-12,True,False,,3,2025-10-19 00:58:25
spotify:track:2kj5f1eRhUFhW6K0qUwoD8,2kj5f1eRhUFhW6K0qUwoD8,Wild World - 2009 Remastered Version,Mr. Big,Bump Ahead [Expanded],spotify:album:4CgsfLFMXaJVXz0k2mHkVA,USAT20901235,2,2019-07-27,2019-09-12,True,False,,3,2025-10-19 00:58:29
spotify:track:4SFJBLKQnddNn8h2N52EKu,4SFJBLKQnddNn8h2N52EKu,On Your Way Sweet Soul,Andy Timmons,Theme from a Perfect World,spotify:album:62bvGtckemXfkTyTs0sFbi,USUJH1600021,2,2019-07-27,2019-09-12,True,False,,3,2025-10-19 00:58:31
spotify:track:3lWzVNe1yFZlkeBBzUuZYu,3lWzVNe1yFZlkeBBzUuZYu,Bella Ciao - Música Original de la Serie la Casa de Papel/ Money Heist,Manu Pilas,Bella Ciao (Música Original de la Serie la Casa de Papel/ Money Heist),spotify:album:05Ng00IfiS6xeyQX8WtjHU,ES84S1800619,12,2019-07-27,2025-09-01,True,False,,3,2025-10-19 00:58:47
spotify:track:0pM7PCxuclmb1qsjTqt6WX,0pM7PCxuclmb1qsjTqt6WX,Nenjinile Rebirth,Chris G.,Nenjinile Rebirth,spotify:album:5ofUC9Rbhk7rknQbDp4GIG,TCADY1824962,1,2019-07-28,2019-07-28,True,False,,3,2025-10-19 00:59:37
spotify:track:4DTPvhTmF3oVTLjAfHujVK,4DTPvhTmF3oVTLjAfHujVK,Semma Weightu,"Hariharasudhan,Arunraja Kamaraj,Dopeadelicz",Kaala (Tamil) (Original Motion Picture Soundtrack),spotify:album:7ypfdQ9KvJb9NizV0dqh8y,IND291809150,1,2019-07-28,2019-07-28,True,False,,3,2025-10-19 00:59:45
spotify:track:02U1wo5IoGEPAkYidjUAv8,02U1wo5IoGEPAkYidjUAv8,Pakki Gal,Mickey Singh,Pakki Gal,spotify:album:1Rs5S8jAz49lHqfBIP1OFU,CA5KR1838962,1,2019-07-28,2019-07-28,True,False,,3,2025-10-19 00:59:55
spotify:track:4G4uJKitc1GSxB1rOF6eaf,4G4uJKitc1GSxB1rOF6eaf,Tik Tik Tik (Title Track),D. Imman,Tik Tik Tik (Original Motion Picture Soundtrack),spotify:album:0Q9dgaF7W9uU4WbhLx54XA,INS171704096,1,2019-07-28,2019-07-28,True,False,,3,2025-10-19 00:59:57
spotify:track:2Yy1oOzy0RQuXB0cQcFsys,2Yy1oOzy0RQuXB0cQcFsys,My City,M.C. Azad,Most Wanted,spotify:album:4DdbiC4ApXLOQU9qCg1amF,CA5KR1708302,1,2019-07-28,2019-07-28,True,False,,3,2025-10-19 01:00:06
spotify:track:5QokJpDZQvBhg18NbQNjNj,5QokJpDZQvBhg18NbQNjNj,Kitn King in the North (feat. Byg Byrd),Sikander Kahlon,Mohali Messiah,spotify:album:0BRjpEEN9BKcZn8b0gNh4C,TCADM1822254,1,2019-07-28,2019-07-28,True,False,,3,2025-10-19 01:00:10
spotify:track:12M2FNbOi1FOIe5KBGEwU3,12M2FNbOi1FOIe5KBGEwU3,Rabb Rakha,B.I.R,Rabb Rakha,spotify:album:7xiFRhSJMOAaE9NQp7UnEb,INS171807461,1,2019-07-28,2019-07-28,True,False,,3,2025-10-19 01:00:30
spotify:track:3exvq9aZlgLzlpeCpzxXNz,3exvq9aZlgLzlpeCpzxXNz,Out of Control,Haji Springer,Out of Control - Single,spotify:album:78ZcnKRgvJQCtLYwLUX5Xa,QM4TW1907568,1,2019-07-28,2019-07-28,True,False,,3,2025-10-19 01:01:01
spotify:track:3XEUVgaBwMQx5zMwS4cDO0,3XEUVgaBwMQx5zMwS4cDO0,Mili Raahat,Raga,Mili Raahat,spotify:album:5WuK7bU7l7SbYIrIVfcx3y,GB-SMU-34-58836,1,2019-07-28,2019-07-28,True,False,,3,2025-10-19 01:01:06
spotify:track:1uA9r7nVaPzAvK2iPzJAmp,1uA9r7nVaPzAvK2iPzJAmp,Real Life,Sun J,Real Life - Single,spotify:album:0MALFt0pWhkFclAL9B2ryi,QM4TX1812271,1,2019-07-28,2019-07-28,True,False,,3,2025-10-19 01:01:12
spotify:track:5gBa7yfdEUKrpJbhAygKRs,5gBa7yfdEUKrpJbhAygKRs,"Vaadi Pulla Vaadi - From ""Meesaya Murukku""",Hiphop Tamizha,Vaadi Pulla Vaadi,spotify:album:6o279wwm5geGXjI6NnTCMl,INT201701488,1,2019-07-29,2019-07-29,True,False,,3,2025-10-19 01:01:18
spotify:track:3Fvw8hX5uajqFqZJB1KhGi,3Fvw8hX5uajqFqZJB1KhGi,Squad Mera,Splash,U R,spotify:album:4TpGJGIWPszZfEokHkyZiJ,GBKPL1804182,1,2019-07-29,2019-07-29,True,False,,3,2025-10-19 01:01:25
spotify:track:0Zk0jUiOIn6hcViDB3aMKx,0Zk0jUiOIn6hcViDB3aMKx,Fake Yeezys,KKG,Fake Yeezys,spotify:album:5tPTltnmD9vPw0Eg7cNZvO,TCADQ1878869,1,2019-07-29,2019-07-29,True,False,,3,2025-10-19 01:01:27
spotify:track:07qdj4Vz8EnocC0Qxwed7i,07qdj4Vz8EnocC0Qxwed7i,I Know What's Going On,M.C. Azad,Most Wanted,spotify:album:4DdbiC4ApXLOQU9qCg1amF,CA5KR1708300,1,2019-07-29,2019-07-29,True,False,,3,2025-10-19 01:01:29
spotify:track:3FYrauenN3nxu6G9OchcrO,3FYrauenN3nxu6G9OchcrO,"Pakkam Vanthu (From ""Kaththi"")",Anirudh Ravichander,Kaththi (Original Motion Picture Soundtrack),spotify:album:0CHQy8WKl6HXPdoJM84pwb,GBSGZ1400176,1,2019-07-29,2019-07-29,True,False,,3,2025-10-19 01:01:32
spotify:track:4I9KMyos5GGAuop5XTXLIj,4I9KMyos5GGAuop5XTXLIj,Suede Gully,Puma,Suede Gully,spotify:album:5uxH9Qj3ki6ZaMMquLqh8s,AUBEC1710967,7,2019-07-29,2020-02-22,True,False,,3,2025-10-19 01:01:34
spotify:track:1Oyoegq8YSlnhuDdNvgy7Z,1Oyoegq8YSlnhuDdNvgy7Z,Shut Up,KKG,Shut Up,spotify:album:3w57qxtEC5y6AqRFzuaaJZ,TCADU1853600,1,2019-07-29,2019-07-29,True,False,,3,2025-10-19 01:01:36
spotify:track:5WGmR4mKkbuKpTAkbEGQne,5WGmR4mKkbuKpTAkbEGQne,Murder,M.C. Azad,Most Wanted,spotify:album:4DdbiC4ApXLOQU9qCg1amF,CA5KR1708299,1,2019-07-29,2019-07-29,True,False,,3,2025-10-19 01:01:38
spotify:track:5iv6lZAIguXWYW4Zaz5zvY,5iv6lZAIguXWYW4Zaz5zvY,Porkkalam - Tamil Rap,G. V. Prakash,Aadukalam (Original Motion Picture Soundtrack),spotify:album:0czPRsN8uZZ5o3J8usUHbR,INS171000320,2,2019-07-29,2019-07-30,True,False,,3,2025-10-19 01:01:40
spotify:track:4Wk3CYokLbIkIo1CjBJ4gc,4Wk3CYokLbIkIo1CjBJ4gc,Anthem for the North East - Extended Version,Feyago,Hip Hop Homeland North East,spotify:album:4nPz3oXhsfAe1ryzvE1CA1,GBLLT1617398,1,2019-07-29,2019-07-29,True,False,,3,2025-10-19 01:01:46
spotify:track:1LY7q5iuj64jO2LYfJclqA,1LY7q5iuj64jO2LYfJclqA,Kaali Yug,Providence,The Clash - Edition One,spotify:album:117wGc9J3DjbJOVIlho2Xz,QM24S1834115,3,2019-07-29,2021-08-03,True,False,,3,2025-10-19 01:01:51
spotify:track:6B3zy3LOKHndqsviCr2z15,6B3zy3LOKHndqsviCr2z15,Em Calls Paul - Skit,Eminem,Kamikaze,spotify:album:3HNnxK7NgLXbDoxRZxNWiR,USUM71813337,1,2019-09-02,2019-09-02,True,False,,4,2025-10-19 01:03:19
spotify:track:6VF5zak5ZUKRIqoOuBeTd9,6VF5zak5ZUKRIqoOuBeTd9,Her Allure,Porch Upright,Her Allure,spotify:album:1fnd7YoSKhNYEBHf6krjOv,SEXGF1902801,4,2019-09-02,2020-05-05,True,False,,4,2025-10-19 01:03:59
spotify:track:4YutJsNwBBInE8vemufpQ8,4YutJsNwBBInE8vemufpQ8,"Girl Crush - Recorded at Metropolis Studios, London",Harry Styles,Spotify Singles,spotify:album:7neiWgd56IO7vi2cRUP8Tj,USSM11708590,9,2019-09-05,2021-02-09,True,False,,4,2025-10-19 01:05:44
spotify:track:2XtL4VAqehOQulLpf1sFVF,2XtL4VAqehOQulLpf1sFVF,Keeping It In The Dark - From 13 Reasons Why - Season 3 Soundtrack,Daya,Keeping It In The Dark,spotify:album:34kdsqSo8eVjo29lNLBCRl,USUG11900611,1,2019-09-06,2019-09-06,True,False,,4,2025-10-19 01:06:40
spotify:track:10hMM5nsZQf66ldBlgWBfG,10hMM5nsZQf66ldBlgWBfG,All For Us - from the HBO Original Series Euphoria,Labrinth,All For Us,spotify:album:6x4UQQ7TVOja89iXV047Zo,USUG11902729,4,2019-09-06,2022-04-18,True,False,,4,2025-10-19 01:06:42
spotify:track:5jHilrZDaP1vJMZfdN1He3,5jHilrZDaP1vJMZfdN1He3,The Recipe - Bonus Track,Kendrick Lamar,"good kid, m.A.A.d city",spotify:album:748dZDqSZy6aPXKcI9H80u,USUM71203149,1,2019-09-08,2019-09-08,True,False,,4,2025-10-19 01:09:08
spotify:track:04dqYNkXUPAVc9ZfHYicW6,04dqYNkXUPAVc9ZfHYicW6,Irreplaceable,Zak Manley,Irreplaceable,spotify:album:597cDRdmbPhqWq8GpaJk1o,SE5IB1801145,1,2019-09-08,2019-09-08,True,False,,4,2025-10-19 01:09:10
spotify:track:5MZYOtR8fcaZoWzweBNdMm,5MZYOtR8fcaZoWzweBNdMm,Dilemma,Brandon Chase,Dilemma,spotify:album:5Jj8Jcob18UYy4GhRNrSMq,SE5IB1801132,1,2019-09-08,2019-09-08,True,False,,4,2025-10-19 01:09:12
spotify:track:30AOB0nWOlkklLWXRLGjk5,30AOB0nWOlkklLWXRLGjk5,Issues - Acoustic,Sara Farell,Issues,spotify:album:4FY4L6DTrO5Z54usj8ZAT8,SE5IB1700861,1,2019-09-08,2019-09-08,True,False,,4,2025-10-19 01:09:15
spotify:track:4VqTRBvYg0z8C4nsl4Hupy,4VqTRBvYg0z8C4nsl4Hupy,Sunflower - Spider-Man: Into the Spider-Verse,Post Malone,Hollywood's Bleeding,spotify:album:3KziODx7ieQTgYCVrS6nBv,USUM71814888,1,2019-09-10,2019-09-10,True,False,,4,2025-10-19 01:09:24
spotify:track:70QTEaxxGNh2LyD9TdKwFL,70QTEaxxGNh2LyD9TdKwFL,Hand On Heart,Steve Vai,Fire Garden,spotify:album:7spLDW9NqYMDCE5mW4waKk,USSM19400433,1,2019-09-12,2019-09-12,True,False,,4,2025-10-19 01:10:09
spotify:track:0RiRZpuVRbi7oqRdSMwhQY,0RiRZpuVRbi7oqRdSMwhQY,Sunflower - Spider-Man: Into the Spider-Verse,Post Malone,Hollywood's Bleeding,spotify:album:4g1ZRSobMefqF6nelkgibi,USUM71814888,32,2019-09-12,2025-03-21,True,False,,4,2025-10-19 01:11:13
spotify:track:5GMdPeOxQxZcD4bIEdEutW,5GMdPeOxQxZcD4bIEdEutW,Patience,The Lumineers,Cleopatra,spotify:album:5y1YWb4OONEGbxZQLRNUwO,USDMG1673811,1,2019-09-13,2019-09-13,True,False,,4,2025-10-19 01:12:42
spotify:track:1u1PzGnsWKjAwSZ9Rg1kjD,1u1PzGnsWKjAwSZ9Rg1kjD,Sleepwalk,Santo & Johnny,Volume Secondo,spotify:album:0EgtsDw1Yc9umsqXTXGbq8,USA370542965,1,2019-09-19,2019-09-19,True,False,,4,2025-10-19 01:13:31
spotify:track:3Ee0sFEGTYHuCMDJjK3bHM,3Ee0sFEGTYHuCMDJjK3bHM,Democracy - Bonus Track,The Lumineers,III,spotify:album:5DIgFG1fM76vmNYlvfv2JJ,USDMG1995111,1,2019-09-19,2019-09-19,True,False,,4,2025-10-19 01:13:38
spotify:track:1dtv4QGLJbGIvNbQ5Wv4zL,1dtv4QGLJbGIvNbQ5Wv4zL,Old Lady - Bonus Track,The Lumineers,III,spotify:album:5DIgFG1fM76vmNYlvfv2JJ,USDMG1995112,1,2019-09-19,2019-09-19,True,False,,4,2025-10-19 01:13:53
spotify:track:4K2tdsx59nDJmT8Pe7Ct4t,4K2tdsx59nDJmT8Pe7Ct4t,Soundtrack Song - Bonus Track,The Lumineers,III,spotify:album:5DIgFG1fM76vmNYlvfv2JJ,USDMG1995113,1,2019-09-21,2019-09-21,True,False,,4,2025-10-19 01:14:10
spotify:track:2ZWgslAG5ybkCzpl24Sihi,2ZWgslAG5ybkCzpl24Sihi,April,The Lumineers,III,spotify:album:5DIgFG1fM76vmNYlvfv2JJ,USDMG1995109,1,2019-09-21,2019-09-21,True,False,,4,2025-10-19 01:14:16
spotify:track:44alNkXsYnTyPnkMdohBcx,44alNkXsYnTyPnkMdohBcx,Bloom (Online Bonus Track),The Paper Kites,Woodland,spotify:album:4TBDgyNsiHYu9xTbasFCE9,TCAAZ1171906,15,2019-09-21,2024-05-26,True,False,,4,2025-10-19 01:14:24
spotify:track:2m0GZQrTyAgS6SeVdsctEY,2m0GZQrTyAgS6SeVdsctEY,Lost In The Right Direction,Muriël Bostdorp,Lost In The Right Direction,spotify:album:7xy8B4OtkD7r0UlSBfeEHT,QM24S1924035,2,2019-09-24,2020-05-11,True,False,,4,2025-10-19 01:14:44
spotify:track:3VBPPIu4MGBnMj4SF8sJBJ,3VBPPIu4MGBnMj4SF8sJBJ,Fragment,Ever So Blue,Fragment,spotify:album:4hDrHeKxgRFP07lI6RAkoE,SE5Q51901596,1,2019-09-24,2019-09-24,True,False,,4,2025-10-19 01:14:46
spotify:track:1cpsFVBA63bmSjNIhLGvhF,1cpsFVBA63bmSjNIhLGvhF,Calm At Last,Una Luna,Calm At Last,spotify:album:6Zqt1z1JPfVCz3lSC2KrtK,SEXGF1800401,1,2019-09-24,2019-09-24,True,False,,4,2025-10-19 01:14:50
spotify:track:2kOWXD4YeNn1bGZljZlX93,2kOWXD4YeNn1bGZljZlX93,Cor Meum,8th Floor Wide,Cor Meum,spotify:album:3bQzP4OhhRxxIuBEelUeTq,SEXGF1800901,1,2019-09-24,2019-09-24,True,False,,4,2025-10-19 01:14:52
spotify:track:2tBzGzq7FDjDP7t93P2lXG,2tBzGzq7FDjDP7t93P2lXG,Courte promenade,Max Rossiter,Courte promenade,spotify:album:6SJbgxStFBWugDHrKRQ8Kn,SE5W31901601,1,2019-09-24,2019-09-24,True,False,,4,2025-10-19 01:14:55
spotify:track:7oA8tNtNbXLnawHP9MYJqm,7oA8tNtNbXLnawHP9MYJqm,Lac d'Annecy,Haute-Savoie,Lac d'Annecy,spotify:album:3CA1z1HlJUMBPxW4vqA3KG,SEXGF1801601,1,2019-09-24,2019-09-24,True,False,,4,2025-10-19 01:14:57
spotify:track:76thQH4xV5zQ9vzjRYWrdP,76thQH4xV5zQ9vzjRYWrdP,Ladoga,Benjamin Dobbs,Ladoga,spotify:album:6EFOOqdCJxTRKRVRy42Bk8,SE5W31904501,1,2019-09-24,2019-09-24,True,False,,4,2025-10-19 01:14:59
spotify:track:1bHXbuM7CqRCSn5Zg1knnZ,1bHXbuM7CqRCSn5Zg1knnZ,Bergamo,Nelson Haynes,Bergamo,spotify:album:6jSSjJeFpsaMNP2uVrsgBC,SE5W31902301,2,2019-09-24,2020-05-05,True,False,,4,2025-10-19 01:15:01
spotify:track:716WusJfauRzjUjNEKs4Cd,716WusJfauRzjUjNEKs4Cd,Windswept,Aimee Fleur,Windswept,spotify:album:4GXv9uCvk3MF3c37pLWfxz,SE5IB1900968,1,2019-09-24,2019-09-24,True,False,,4,2025-10-19 01:15:04
spotify:track:3Z0n8POAcDQCSyxA06cqbW,3Z0n8POAcDQCSyxA06cqbW,Tone of Love,Charles Bolt,Tone of Love,spotify:album:5Q23RuwpOqhN28KtBOdnGp,SE4RG1908901,3,2019-09-24,2020-06-17,True,False,,4,2025-10-19 01:15:09
spotify:track:6nFq454HmDgKLSit00vniw,6nFq454HmDgKLSit00vniw,Valse Glacée,Tomasz Kraal,Valse Glacée,spotify:album:6efs2LoTvfJFf3nMTM3l9W,SEXGF1801401,1,2019-09-24,2019-09-24,True,False,,4,2025-10-19 01:15:13
spotify:track:28SIY2M7W3bs1s5K5yxhBC,28SIY2M7W3bs1s5K5yxhBC,Mirage,Robin Bennich,Mirage,spotify:album:6CQKX5bb2MZHTDTOurFBB0,SE5IB1901054,1,2019-09-24,2019-09-24,True,False,,4,2025-10-19 01:15:15
spotify:track:2JEtj0CmIo5INNhlIXajWO,2JEtj0CmIo5INNhlIXajWO,Contemplating No Thing,Once Proven,Contemplating No Thing,spotify:album:3AUHyeuSUB3EivGsHlKmGJ,N/A,1,2019-09-24,2019-09-24,True,False,,4,2025-10-19 01:15:17
spotify:track:1MxHKxjuUwyBw0uREfYyKZ,1MxHKxjuUwyBw0uREfYyKZ,Blue,Clarence Öfwerman,Blue,spotify:album:4bKozDx7DQxvaLrX38Ntpv,SE5IB1900767,1,2019-09-24,2019-09-24,True,False,,4,2025-10-19 01:15:19
spotify:track:16sB9zUfi5arfIIZdENxzm,16sB9zUfi5arfIIZdENxzm,Heliotrope,Joan Sterling,Heliotrope,spotify:album:7gU2GhjgpLIgtnu96ZpeEg,SE5IB1900456,1,2019-09-24,2019-09-24,True,False,,4,2025-10-19 01:15:21
spotify:track:3N3iNOV21wnkiGd48XLas2,3N3iNOV21wnkiGd48XLas2,For the Loved Ones,Charlie Key,Songs for Inner Peace,spotify:album:3azoT3LX5Lve88W1Q6TfNT,SE4RG1904803,1,2019-09-24,2019-09-24,True,False,,4,2025-10-19 01:15:24
spotify:track:4KYnY8kcM4vNdAeUWcLs8u,4KYnY8kcM4vNdAeUWcLs8u,Sarabande,Sufi Sheman,Sarabande,spotify:album:0SIhjEc0Poljl2tBGC84fq,SE5IB1900458,2,2019-09-24,2020-05-11,True,False,,4,2025-10-19 01:15:25
spotify:track:4ED3U4fdaA5KHNuJz3jjIB,4ED3U4fdaA5KHNuJz3jjIB,Maestro Dell'Invisibile,Léon Branche,Maestro Dell'Invisibile,spotify:album:5FltWLY2mUDwwq9aeVzPSv,SEXGF1905401,1,2019-09-24,2019-09-24,True,False,,4,2025-10-19 01:15:27
spotify:track:33dahwAOW1V1quRlxh1Ffp,33dahwAOW1V1quRlxh1Ffp,Misli na tebe,Frano Stanić,Misli na tebe,spotify:album:3PEQD0rAwurBJiYIiT1OLx,SE5W31917201,4,2019-09-24,2020-07-22,True,False,,4,2025-10-19 01:15:30
spotify:track:4tR0kFyGPZHEsQLKQD6xGP,4tR0kFyGPZHEsQLKQD6xGP,Dancing Elves,Stellan Johnson,Dancing Elves,spotify:album:2JrEFb6L7QvCnGssoq6QH0,N/A,1,2019-09-24,2019-09-24,True,False,,4,2025-10-19 01:15:34
spotify:track:0JYn3juUc1lZ4kFeGey1kI,0JYn3juUc1lZ4kFeGey1kI,Amorous Rebound,Sumsar,Amorous Rebound,spotify:album:4nXeZ1J8OUhb7vo4fh2zYE,SEXGF1905501,1,2019-09-24,2019-09-24,True,False,,4,2025-10-19 01:15:36
spotify:track:7zNHn0MVJufus72oQQAO3l,7zNHn0MVJufus72oQQAO3l,Recurring Memory,Robin Bennich,Recurring Memory,spotify:album:16mG9I20uRfS6xVzYkuK7i,SE5IB1900921,3,2019-09-24,2020-05-13,True,False,,4,2025-10-19 01:15:38
spotify:track:31Ym8LjfKv5dpgppLUmpWs,31Ym8LjfKv5dpgppLUmpWs,Missy,Porch Upright,Missy,spotify:album:76M1XQdN9UnipO6FQG3TJc,SEXGF1900701,1,2019-09-24,2019-09-24,True,False,,4,2025-10-19 01:15:40
spotify:track:2ZBrOKj7dDANWEA4DcXQ2N,2ZBrOKj7dDANWEA4DcXQ2N,A New Day,Milo Stavos,A New Day,spotify:album:5lF6GKix1t49qCXs9TASLh,N/A,1,2019-09-24,2019-09-24,True,False,,4,2025-10-19 01:15:42
spotify:track:0AukQFDwWaNPsRoTScTpbm,0AukQFDwWaNPsRoTScTpbm,Your Tale,Hiroshi Yamazaki,Your Tale,spotify:album:7j5J3dQj7dIiT8f4XKPc3Q,N/A,2,2019-09-24,2019-09-24,True,False,,4,2025-10-19 01:15:44
spotify:track:3xSMHqImMckctNyDwbc6dy,3xSMHqImMckctNyDwbc6dy,Human,Leyton Stills,Human,spotify:album:6AaAowUpbHG5fkBpHpAGis,SE5IB1900001,3,2019-09-24,2020-05-11,True,False,,4,2025-10-19 01:15:46
spotify:track:7CzyIeMXvK2BFc9rc6wqJf,7CzyIeMXvK2BFc9rc6wqJf,Erin's Waltz,Per Magnusson,Erin's Waltz,spotify:album:3mAciq9EYfuFTLUVarqP6L,SE5IB1800090,1,2019-09-24,2019-09-24,True,False,,4,2025-10-19 01:15:48
spotify:track:1wzs3egssHXkk53jicYbHm,1wzs3egssHXkk53jicYbHm,Reed Straw,Jorulf,Reed Straw,spotify:album:7l7eL57jH34b8T0qd1PAQm,SEXGF1905601,2,2019-09-24,2020-03-25,True,False,,4,2025-10-19 01:15:50
spotify:track:3iKSSbjbCtMPJP7XUezBES,3iKSSbjbCtMPJP7XUezBES,Carry Me,Peighton,Carry Me,spotify:album:4Xn32CUV1ymaDHYlwBIv0J,SE5IB1900003,2,2019-09-24,2020-05-05,True,False,,4,2025-10-19 01:15:52
spotify:track:4RInQKgHfqQBhKomdMIfsP,4RInQKgHfqQBhKomdMIfsP,Scarlet Macaw,Hayden Cargile,Scarlet Macaw,spotify:album:2Nfx6pdv7VoBJzWkcjmLdH,SE5W31917301,1,2019-09-24,2019-09-24,True,False,,4,2025-10-19 01:15:55
spotify:track:2xgBsQS1gpI57AJB5aQg2y,2xgBsQS1gpI57AJB5aQg2y,Farvel til sommeren,Nansen Christoffersen,Farvel til sommeren,spotify:album:4ykDSRfJ83p4U2QJPIqq0H,SE5W31922901,1,2019-09-24,2019-09-24,True,False,,4,2025-10-19 01:15:56
spotify:track:0YfRVjJY04f7vMyMELYFej,0YfRVjJY04f7vMyMELYFej,Solitude,Layla Frost,Layla Frost,spotify:album:2vpyn9Uhp6eEu0P2jpft7V,N/A,1,2019-09-24,2019-09-24,True,False,,4,2025-10-19 01:15:58
spotify:track:3mmBXRDRNvVtGDHIbH2pzH,3mmBXRDRNvVtGDHIbH2pzH,Danse sur Glace,Caroline Collette,Danse sur Glace,spotify:album:1B1z5Va0UbjpnnRNTvpJaZ,SE5IB1900057,1,2019-09-24,2019-09-24,True,False,,4,2025-10-19 01:16:01
spotify:track:21Ky8dYEzcp04NJNKyUt1L,21Ky8dYEzcp04NJNKyUt1L,Mending,Mark Mintuny,Mending,spotify:album:0V6QaIaGDI7fycgBzUENid,SE5IB1900900,2,2019-09-24,2019-10-30,True,False,,4,2025-10-19 01:16:03
spotify:track:0NTNYW3E9mPy9jZjlHalDb,0NTNYW3E9mPy9jZjlHalDb,Don't Let Me Go,Mark Souzek,Don't Let Me Go,spotify:album:4ozcA642MNNioVbF8ehgJ3,SE5IB1800862,1,2019-09-24,2019-09-24,True,False,,4,2025-10-19 01:16:05
spotify:track:52AH50uB1sJZBRjGJlcW8m,52AH50uB1sJZBRjGJlcW8m,Arrebol,Lionel Scardino,Sinestesia,spotify:album:0doAzw09nCA6aH8KVC20Ai,QZFZ31972742,1,2019-09-24,2019-09-24,True,False,,4,2025-10-19 01:16:07
spotify:track:4H157dvrPw2S3W8tMiOQVr,4H157dvrPw2S3W8tMiOQVr,Princess Elvira,Ana Olgica,Princess Elvira,spotify:album:1POQKpuewoZ12enSJ4m9am,SE5ZO1800701,3,2019-09-24,2020-06-17,True,False,,4,2025-10-19 01:16:11
spotify:track:56fIwUypHXydCXvt9wHj9P,56fIwUypHXydCXvt9wHj9P,Den kvällen jag såg dig,Maya Åström,Den kvällen jag såg dig,spotify:album:1MBtjhiVI3Yo8dCbmbFOqh,SE5W31921301,1,2019-09-24,2019-09-24,True,False,,4,2025-10-19 01:16:13
spotify:track:3ClKFHLvLvVEyCxFXg9lEi,3ClKFHLvLvVEyCxFXg9lEi,Veracity,Helene Roche,Veracity,spotify:album:5GxPPNwT35iYXeLZPXNf7M,SE5IB1900908,1,2019-09-24,2019-09-24,True,False,,4,2025-10-19 01:16:15
spotify:track:3FX2xpx6NBmW8qxTIpQg5N,3FX2xpx6NBmW8qxTIpQg5N,Loch Awe,Tuga Topić,Loch Awe,spotify:album:6M2AuIkSKhWKFPROoUApIw,SE5W31902701,1,2019-09-24,2019-09-24,True,False,,4,2025-10-19 01:16:26
spotify:track:3Le8dA7PwImsZxRgEnwnt6,3Le8dA7PwImsZxRgEnwnt6,Hopes and Dreams,Emmanuelle Rimbaud,Hopes and Dreams,spotify:album:2DCnFIiUvZtHmswOzjH7zh,SE5IB1800864,2,2019-09-24,2019-11-01,True,False,,4,2025-10-19 01:16:28
spotify:track:2yHHq5iNkGv3Vh0mn3GZ0p,2yHHq5iNkGv3Vh0mn3GZ0p,Wisdom Valley,Milo Edale,The Piano Inside,spotify:album:7dwDcfD6Oo51Vp2bdXwkeO,SE4RG1921302,1,2019-09-24,2019-09-24,True,False,,4,2025-10-19 01:16:30
spotify:track:5K5kYg6D3rOks7NyLpziTU,5K5kYg6D3rOks7NyLpziTU,"Judaai (From ""Badlapur)",Rekha Bhardwaj,Badlapur (Original Motion Picture Soundtrack),spotify:album:2jrhoBoX4Ktvq3PYL04PIR,GBSGZ1500294,3,2019-09-26,2019-11-08,True,False,,4,2025-10-19 01:16:38
spotify:track:3bZPdEskcnMdepwCaDSJRl,3bZPdEskcnMdepwCaDSJRl,Bin Tere,Vishal-Shekhar,I Hate Luv Storys (Original Motion Picture Soundtrack),spotify:album:4SPHfSWibeoFCSdR4vd5QL,INS171000175,10,2019-09-26,2024-05-24,True,False,,4,2025-10-19 01:16:40
spotify:track:43wLf5iwEFm65mp6K06kVy,43wLf5iwEFm65mp6K06kVy,Bawara Mann,Jubin Nautiyal,Jolly Ll.B 2,spotify:album:2X9vW95DkIHBIaFFt6aIrq,INS181700030,2,2019-09-26,2019-10-11,True,False,,4,2025-10-19 01:16:45
spotify:track:6uQkoo1UGWThtEpNEYc6Ga,6uQkoo1UGWThtEpNEYc6Ga,"Sapna Jahan (From ""Brothers"")",Ajay-Atul,"Sapna Jahan (From ""Brothers"")",spotify:album:4kTUCS1HWZ7YjjbKofxUuz,INS171501082,1,2019-09-26,2019-09-26,True,False,,4,2025-10-19 01:16:51
spotify:track:50mnqGStE7b577DH2k2ltd,50mnqGStE7b577DH2k2ltd,"Khamoshiyan (From ""Khamoshiyan"")",Jeet Gannguli,Musical Bond: Jeet Gannguli & Arijit Singh,spotify:album:5Z5vhemw4ig06H73KolMti,INS171402465,2,2019-09-26,2019-10-16,True,False,,4,2025-10-19 01:16:53
spotify:track:517bz7zkWELmyL4eZzJ5R9,517bz7zkWELmyL4eZzJ5R9,"Galliyan (From ""Ek Villain"")",Ankit Tiwari,Best Of Shraddha Kapoor,spotify:album:6EHCTm248DJb77KFh7qfLj,INS181401009,3,2019-09-26,2019-10-12,True,False,,4,2025-10-19 01:16:58
spotify:track:4r8JqkhpTb5tzSKKHnVJIJ,4r8JqkhpTb5tzSKKHnVJIJ,Tujhe Bhula Diya,Mohit Chauhan,Anjaana Anjaani,spotify:album:6FC95PYKFrO8UYhjCidPZ9,INS181007761,6,2019-09-26,2024-07-15,True,False,,4,2025-10-19 01:17:00
spotify:track:3vqJY3pVELLIxqXXyI08yr,3vqJY3pVELLIxqXXyI08yr,Roobaroo,A.R. Rahman,Rang De Basanti (Original Motion Picture Soundtrack),spotify:album:0NKNDn80mhKn4Xi6nHrsqQ,INS170500265,16,2019-09-26,2025-05-25,True,False,,4,2025-10-19 01:17:02
spotify:track:6jzUvO5F2fnOvYqCTMd5U1,6jzUvO5F2fnOvYqCTMd5U1,"Roke Na Ruke Naina (From ""Badrinath Ki Dulhania"")",Arijit Singh,Heart Touching Songs,spotify:album:17tjOnr6MqgosUNRmThObQ,INS181700238,1,2019-09-26,2019-09-26,True,False,,4,2025-10-19 01:17:07
spotify:track:6kOX6RoDSwPk4fZgeQq5eF,6kOX6RoDSwPk4fZgeQq5eF,"Soniyo (From ""RAAZ - The Mystery Continues"") - From the Heart",Raju Singh,Perfect 10: Love Story,spotify:album:541ntrBvD7kY5raK8nKfaJ,INS170816460,2,2019-09-26,2019-10-09,True,False,,4,2025-10-19 01:17:09
spotify:track:5xlQ5GmvWJ488wRQNo1cTP,5xlQ5GmvWJ488wRQNo1cTP,So Jao,Bashir Lone,Haider,spotify:album:3JjCJkHvXRX8s2PgwVMXuL,INU151400124,1,2019-09-26,2019-09-26,True,False,,4,2025-10-19 01:17:11
spotify:track:6t4a5b9gsZ1TGs6z6v51Ku,6t4a5b9gsZ1TGs6z6v51Ku,Channa Vey,Kunal Ganjawala,Made For Each Other,spotify:album:2u1N3D1QoFdxHZmNPAPY9g,INUM70503538,3,2019-09-26,2019-11-07,True,False,,4,2025-10-19 01:17:13
spotify:track:0hpP2fBridGH2Bq6qmg9LM,0hpP2fBridGH2Bq6qmg9LM,Dil Hi Toh Hai,Pritam,"Dil Hi Toh Hai (From ""The Sky Is Pink"")",spotify:album:3KXFgTmP1RwCF2G181ip3B,N/A,2,2019-09-26,2019-10-09,True,False,,4,2025-10-19 01:17:15
spotify:track:2kRW9l26uGIrTrHkLTiYnM,2kRW9l26uGIrTrHkLTiYnM,Koi Nahi,Rupinn,Koi Nahi,spotify:album:2Rd5dd4UsykRzXM7wADuVg,INUM71900040,1,2019-09-26,2019-09-26,True,False,,4,2025-10-19 01:17:17
spotify:track:5QVHNa0ppJUOoqSd36ovQS,5QVHNa0ppJUOoqSd36ovQS,"Pachtaoge (From ""Jaani Ve"")",Arijit Singh,"Pachtaoge (From ""Jaani Ve"")",spotify:album:3Ptq3ARmJ8iTLBb7M7Bho0,INS181904506,41,2019-09-26,2023-07-10,True,False,,4,2025-10-19 01:17:19
spotify:track:4wqyrrwu6HCZWqdbOx53JX,4wqyrrwu6HCZWqdbOx53JX,"Humnava (From ""Hamari Adhuri Kahani"")",Mithoon,"Humnava (From ""Hamari Adhuri Kahani"")",spotify:album:3SOcXXBWU0GCJLNBelCHGF,INS171500732,1,2019-09-26,2019-09-26,True,False,,4,2025-10-19 01:17:25
spotify:track:03Iuqy6uN1LfXBelHpgwvX,03Iuqy6uN1LfXBelHpgwvX,"O Rangrez (From ""Bhaag Milkha Bhaag"")",Shankar-Ehsaan-Loy,The Spirit of Bhaag Milkha Bhaag,spotify:album:5VLrb2wbYcINWynm5T5ya8,INS171300371,4,2019-09-26,2023-06-09,True,False,,4,2025-10-19 01:17:41
spotify:track:01npLGQTbZBIHVRcXJbLzR,01npLGQTbZBIHVRcXJbLzR,Kuchh Khaas,Mohit Chauhan,Fashion,spotify:album:2GSUgBsr2UX7xzyvZY6Frz,INS180808434,7,2019-09-26,2024-07-12,True,False,,4,2025-10-19 01:17:45
spotify:track:7elRvorDP9KEOHIisFgrJG,7elRvorDP9KEOHIisFgrJG,"fuck, i'm lonely (with Anne-Marie)",Lauv,13 Reasons Why,spotify:album:1zbH0DnpYxaoqTojXNLQb6,GBKPL1959035,1,2019-09-27,2019-09-27,True,False,,4,2025-10-19 01:17:51
spotify:track:1iQDltZqI7BXnHrFy4Qo1k,1iQDltZqI7BXnHrFy4Qo1k,Trampoline (with ZAYN),SHAED,Trampoline (with ZAYN),spotify:album:5QqqBZmdQmY1MvlnpBkagB,QZ47A1900210,110,2019-09-27,2025-06-01,True,False,,4,2025-10-19 01:18:28
spotify:track:37EJ2kCLr8RoXDxYE5cHrF,37EJ2kCLr8RoXDxYE5cHrF,Take Me Somewhere Else,Eik Octobre,Take Me Somewhere Else,spotify:album:0PRMKJ747Z8clDXDAEVptv,DKRS41900802,1,2019-09-27,2019-09-27,True,False,,4,2025-10-19 01:18:30
spotify:track:4C9ysvTrYnfCjZ8x8HJWp8,4C9ysvTrYnfCjZ8x8HJWp8,Pour que tu m’aimes encore,Joséphine Auclair,Pour que tu m’aimes encore,spotify:album:5Xbze3vkFASbO4tX2rHNuU,SE5W31919001,1,2019-09-27,2019-09-27,True,False,,4,2025-10-19 01:18:33
spotify:track:41mFwl6ZbwEBQ1TO4T5YcM,41mFwl6ZbwEBQ1TO4T5YcM,Ci vediamo domani,Fioretta Rizzo,Ci vediamo domani,spotify:album:7rJwNO3fEGBelaV2guffzp,SE5W31916301,1,2019-09-27,2019-09-27,True,False,,4,2025-10-19 01:18:35
spotify:track:03lm0budvLeN51ri2W0eRJ,03lm0budvLeN51ri2W0eRJ,My Oak,Jeff Bright Jr,My Oak,spotify:album:70yvq1iSou9rQ5zRoDYXTn,N/A,1,2019-09-27,2019-09-27,True,False,,4,2025-10-19 01:18:37
spotify:track:2e6uDYgJsa7rgIYzbNVoCi,2e6uDYgJsa7rgIYzbNVoCi,Carry On,Novo Talos,Carry On,spotify:album:68BILfzNn8IfOeQZ3Q2bcp,SE5IB1800238,2,2019-09-27,2020-04-26,True,False,,4,2025-10-19 01:18:41
spotify:track:3LQwGnHo2iHiRGbLl5aPXQ,3LQwGnHo2iHiRGbLl5aPXQ,Bluebird (Solo Piano Version),Alexis Ffrench,Bluebird (Solo Piano Version),spotify:album:1DsyDD6mimG3xUjdCvPFSz,USSM11900011,1,2019-09-27,2019-09-27,True,False,,4,2025-10-19 01:18:43
spotify:track:5uUwKnLsfHUqZim6rivEpr,5uUwKnLsfHUqZim6rivEpr,Inertia,8th Floor Wide,Valentine,spotify:album:5JZE7FuuZT7fa8PkTb852M,SEXGF1801902,1,2019-09-27,2019-09-27,True,False,,4,2025-10-19 01:18:50
spotify:track:3PFaIXHfT7cLCo1mRGbhZU,3PFaIXHfT7cLCo1mRGbhZU,Sunlight,Alec Windt,In Love,spotify:album:2KlIpwlJnD92CbIQp3CiIm,SE5IB1800954,1,2019-09-27,2019-09-27,True,False,,4,2025-10-19 01:18:52
spotify:track:1COWV6U3LKqCBpiHPthbiB,1COWV6U3LKqCBpiHPthbiB,Vibrations,Mae Ji-Yoon,Vibrations,spotify:album:4PZeTqPcpKkVRuzjR2d8VL,SE5IB1701704,1,2019-09-27,2019-09-27,True,False,,4,2025-10-19 01:18:54
spotify:track:63TfOdue04Jf7m61CX8QG1,63TfOdue04Jf7m61CX8QG1,Travels/Memories,Les Clouds,Crossing Over,spotify:album:6DYQ4Yu1n7fEadsZoG0cUU,N/A,1,2019-09-27,2019-09-27,True,False,,4,2025-10-19 01:18:56
spotify:track:1cwF3476JAc3oDy1e3hkz1,1cwF3476JAc3oDy1e3hkz1,Touched,Stephanie Ferrer,Touched,spotify:album:2u3NUipNJsBFZ4kH8uZtMr,SE5IB1900008,2,2019-09-27,2020-07-22,True,False,,4,2025-10-19 01:18:58
spotify:track:5S7nfUHhiA3kfmyMPvhV6V,5S7nfUHhiA3kfmyMPvhV6V,Divine Structure,Charlotte Funke,Episode,spotify:album:09cW79JXOPShafrskPjFxK,SE5ZO1800402,1,2019-09-27,2019-09-27,True,False,,4,2025-10-19 01:19:04
spotify:track:7eEwlmgLLzzWGR1YNuQfDN,7eEwlmgLLzzWGR1YNuQfDN,Bliss,Sufi Ellman,Bliss,spotify:album:1FpbbSOjOEWAwBPzRv3CO2,SE5IB1900892,3,2019-09-27,2020-07-22,True,False,,4,2025-10-19 01:19:06
spotify:track:45HRj3YdVgAOLbkSRiJ4l3,45HRj3YdVgAOLbkSRiJ4l3,Floriscope,Floriscope,Floriscope,spotify:album:46uHYqrgHF2YaQGVEu4adp,SE5IB1801099,2,2019-09-27,2020-05-05,True,False,,4,2025-10-19 01:19:08
spotify:track:2aJ7n5Ig3H6f3WSxORFpD8,2aJ7n5Ig3H6f3WSxORFpD8,Magnolian Rendition,Emile Franck,Magnolian Rendition,spotify:album:79K9fESdfmvtaeTGCInTB1,SE5ZO1900701,1,2019-10-02,2019-10-02,True,False,,4,2025-10-19 01:19:12
spotify:track:3AJSnSiVDz37q85LP2Rop0,3AJSnSiVDz37q85LP2Rop0,There's No Business Like Show Business,Sonny Rollins,Worktime,spotify:album:3U4FgdQ4R2foLXHsPAltwL,USFI85600614,1,2019-10-04,2019-10-04,True,False,,4,2025-10-19 01:19:14
spotify:track:3AY6H68WNMDzWw9JhPW4Jv,3AY6H68WNMDzWw9JhPW4Jv,"Fool's Gold - Recorded At RAK Studios, London",Niall Horan,Spotify Singles,spotify:album:5Zi0SV2aU0OjmV9k2K1NVi,USUG11702134,5,2019-10-04,2022-09-29,True,False,,4,2025-10-19 01:19:20
spotify:track:7xQxjMokrYnY8n9w19FZqr,7xQxjMokrYnY8n9w19FZqr,"Finally Free - From ""Smallfoot""",Niall Horan,Finally Free,spotify:album:47oDAQvTvsYGXBlGJKe2O2,USUG11801366,3,2019-10-04,2020-03-16,True,False,,4,2025-10-19 01:19:22
spotify:track:3GInDh3WMfEmAIQcopehGS,3GInDh3WMfEmAIQcopehGS,"Too Much To Ask - Recorded At RAK Studios, London",Niall Horan,Spotify Singles,spotify:album:5Zi0SV2aU0OjmV9k2K1NVi,USUG11702133,3,2019-10-04,2020-03-16,True,False,,4,2025-10-19 01:19:24
spotify:track:4jvjzW7Hm0yK4LvvE0Paz9,4jvjzW7Hm0yK4LvvE0Paz9,Falling Down - Bonus Track,Lil Peep,"Come Over When You're Sober, Pt. 2",spotify:album:52JymrguPgkmmwLaWIusst,USQX91802294,4,2019-10-04,2022-06-13,True,False,,4,2025-10-19 01:20:07
spotify:track:7eQl3Yqv35ioqUfveKHitE,7eQl3Yqv35ioqUfveKHitE,Tum Se Hi,Pritam,Jab We Met,spotify:album:4OYdTHNgjhXzgVjbqsb0tO,INS180705982,49,2019-10-08,2025-08-06,True,False,,4,2025-10-19 01:21:30
spotify:track:6fW78cd0p3ZDUzoqvx2Xqe,6fW78cd0p3ZDUzoqvx2Xqe,Muskurane - Romantic,Jeet Gannguli,Citylights (Original Motion Picture Soundtrack),spotify:album:5Hn2O2s9NQ5EaPtwAc665L,INS171400522,3,2019-10-08,2019-11-08,True,False,,4,2025-10-19 01:21:35
spotify:track:3nKEiJUeaWn8q2O9I1xwlB,3nKEiJUeaWn8q2O9I1xwlB,Shukran Allah,Salim–Sulaiman,Kurbaan (Original Motion Picture Soundtrack),spotify:album:7gJUjDpRvBRY5oCh4pC9d5,INS170900428,4,2019-10-08,2023-10-19,True,False,,4,2025-10-19 01:21:41
spotify:track:3kuxr8U3QynLzyW82p5hYR,3kuxr8U3QynLzyW82p5hYR,Aas Paas Khuda,Rahat Fateh Ali Khan,Anjaana Anjaani,spotify:album:6FC95PYKFrO8UYhjCidPZ9,INS181007759,2,2019-10-08,2022-10-30,True,False,,4,2025-10-19 01:21:53
spotify:track:6udC4b4jOSnHb9ItnXgKLR,6udC4b4jOSnHb9ItnXgKLR,Saibo,Sachin-Jigar,Shor in the City (Original Motion Picture Soundtrack),spotify:album:2HZl13JCi3PIaqVlIkp4q6,INS171100070,12,2019-10-08,2025-08-06,True,False,,4,2025-10-19 01:21:55
spotify:track:1O3WfEwaSpsgZ6tw8jNT8I,1O3WfEwaSpsgZ6tw8jNT8I,Maana Ke Hum Yaar Nahin,Sachin-Jigar,Meri Pyaari Bindu,spotify:album:5aB2ao1SUs9f4bAmptE1yM,INY091700003,4,2019-10-08,2025-05-08,True,False,,4,2025-10-19 01:22:07
spotify:track:7B1Dla8uais9Ahg4VEeekq,7B1Dla8uais9Ahg4VEeekq,Nas Interlude (Skit),DIVINE,Kohinoor,spotify:album:0XDtCjokUgSrL527Ftk0xE,INUM71900047,18,2019-10-09,2021-08-20,True,False,,4,2025-10-19 01:22:32
spotify:track:20rwogC6aE369YsxFb5aRp,20rwogC6aE369YsxFb5aRp,Din Shagna Da,Jasleen Royal,Phillauri,spotify:album:0VcufnK1aFnUCIQR2j9cFE,INS181700288,2,2019-10-09,2022-07-31,True,False,,4,2025-10-19 01:23:07
spotify:track:5FXMRdJjKq1BIX4e8Eg9mK,5FXMRdJjKq1BIX4e8Eg9mK,Ajab Si,KK,Om Shanti Om,spotify:album:2cUzlmLfL5LUTSEk7qG09k,INS180705748,10,2019-10-09,2025-04-13,True,False,,4,2025-10-19 01:23:09
spotify:track:3RFNUexrtXExkzTEiJ0eBh,3RFNUexrtXExkzTEiJ0eBh,Woh Baarishein,Arjun Kanungo,Woh Baarishein,spotify:album:5dAEzdCBAh48H04DpBvWDw,INUM71900025,1,2019-10-09,2019-10-09,True,False,,4,2025-10-19 01:23:22
spotify:track:0ATM2Nsy8yZk4KUUVYaHm7,0ATM2Nsy8yZk4KUUVYaHm7,"Mera Mann-Yahin Hoon Main (From ""T-Series Mixtape"")",Ayushmann Khurrana,Guitar Cafe - Ayushmann Khurrana,spotify:album:5rjryIzCnrQmRXUVvQkVAq,INS181701559,2,2019-10-09,2020-07-25,True,False,,4,2025-10-19 01:23:27
spotify:track:0nelifxxjcih085mvTkDLy,0nelifxxjcih085mvTkDLy,"Sanedo (From ""Made in China"")",Sachin-Jigar,Sanedo,spotify:album:1OdisfOTdVZbN4uhkz86ng,INS171903180,1,2019-10-09,2019-10-09,True,False,,4,2025-10-19 01:23:40
spotify:track:58xpZwxUpgrnJMTEmvkZMP,58xpZwxUpgrnJMTEmvkZMP,Pehli Baar Mohabbat,Mohit Chauhan,Kaminey,spotify:album:1qv61iBeeO95BnymDWUgWI,INS180902829,2,2019-10-11,2022-10-30,True,False,,4,2025-10-19 01:23:57
spotify:track:44DFFra1iTFvIGpzVlRHFx,44DFFra1iTFvIGpzVlRHFx,Sang Hoon Tere,Pritam,Jannat 2 (Original Motion Picture Soundtrack),spotify:album:6CtqkIRtoYPHgFc1ft1DPi,INS171200264,1,2019-10-11,2019-10-11,True,False,,4,2025-10-19 01:24:04
spotify:track:1oG1VRkfVvE734V4xBZhoY,1oG1VRkfVvE734V4xBZhoY,Chandni Raat,Ali Sethi,Chandni Raat,spotify:album:54lwvQZvDzscnTlvAneRcQ,FR10S1981796,1,2019-10-13,2019-10-13,True,False,,4,2025-10-19 01:25:20
spotify:track:2rpmOh2ttV8YdQhFHzcehe,2rpmOh2ttV8YdQhFHzcehe,Lonely People,TonyOzs,Lonely People,spotify:album:5fF3OVcdlZWMWzRscWPxjd,QZES51942375,1,2019-10-15,2019-10-15,True,False,,4,2025-10-19 01:25:42
spotify:track:2hi7cAK9u06E41v6VEiQkG,2hi7cAK9u06E41v6VEiQkG,"Symphony No. 9 in D Minor, Op. 125 ""Choral"": II. Molto vivace",Ludwig van Beethoven,"Symphony No.9 In D Minor Opus 125 ""Choral"" - L. Van Beethoven",spotify:album:7ISARvD6JV0JGXksfrpeb9,GBF076510181,1,2019-10-15,2019-10-15,True,False,,4,2025-10-19 01:26:18
spotify:track:6Dc2tCivms1s2X9myWe4ni,6Dc2tCivms1s2X9myWe4ni,Tuyo (Narcos Theme) - A Netflix Original Series Soundtrack,Rodrigo Amarante,Tuyo (Narcos Theme),spotify:album:3GelLDk6XCrXCT4ok0jjGU,USLS51551202,1,2019-10-15,2019-10-15,True,False,,4,2025-10-19 01:26:20
spotify:track:5YAP8zpqj1eIX88makBjDe,5YAP8zpqj1eIX88makBjDe,Roses (with Juice WRLD feat. Brendon Urie),benny blanco,Roses (with Juice WRLD feat. Brendon Urie),spotify:album:1L5crFW0oLBfmg007gKzxx,USUM71820961,2,2019-10-15,2020-07-19,True,False,,4,2025-10-19 01:27:00
spotify:track:6HXiHNDPK9cofTPCb4hMeO,6HXiHNDPK9cofTPCb4hMeO,"Viraaniya (From ""Namastey London"")",Himesh Reshammiya,Namastey London,spotify:album:5oesmtW9NDu7CMZheh37rm,GBSGZ0700025,1,2019-10-15,2019-10-15,True,False,,4,2025-10-19 01:27:10
spotify:track:0vt3DlLY9G276aK4p29yRT,0vt3DlLY9G276aK4p29yRT,"You Are My Soniya (From ""Kabhi Khushi Kabhie Gham"")",Sandesh Shandilya,Sonu Nigam: Best of Me,spotify:album:6t6xffp18j87wZRLXOwHa7,INS170100024,2,2019-10-15,2024-04-19,True,False,,4,2025-10-19 01:27:15
spotify:track:2bTOQ3zfHVDEBX9ffy3JzR,2bTOQ3zfHVDEBX9ffy3JzR,"Suraj Hua Maddham (From ""Kabhi Khushi Kabhie Gham"")",Sandesh Shandilya,Sonu Nigam: Best of Me,spotify:album:6t6xffp18j87wZRLXOwHa7,INS170100025,6,2019-10-15,2023-10-21,True,False,,4,2025-10-19 01:27:22
spotify:track:0BGkjQ1KkKjXdrM5VxBhAO,0BGkjQ1KkKjXdrM5VxBhAO,Yaariyan,Momina Mustehsan,Yaariyan,spotify:album:2qeXV1g7gZIEzxGyPnK4jH,CA5KR1929969,1,2019-10-16,2019-10-16,True,False,,4,2025-10-19 01:27:40
spotify:track:3MpGQae6zAFd7Z1FdLV9fV,3MpGQae6zAFd7Z1FdLV9fV,Twilight Time - Single Version,The Platters,The Flying Platters Around The World,spotify:album:0UvGTptcqQEJ2u5yACvlUH,USMR15887025,1,2019-10-17,2019-10-17,True,False,,4,2025-10-19 01:29:29
spotify:track:0aMBJsMtNUl5Ow5XZ77vZr,0aMBJsMtNUl5Ow5XZ77vZr,Send In The Clowns - From ‘A Little Night Music’,Frank Sinatra,Ol' Blue Eyes Is Back,spotify:album:7rume1B0CM3J35YeAYq0zu,USRH10801092,2,2019-10-17,2020-08-28,True,False,,4,2025-10-19 01:29:36
spotify:track:36jmCuoX8FRWJpU8h0KF9d,36jmCuoX8FRWJpU8h0KF9d,Centuries (Piano Version),Piano Music Masters,Centuries (Piano Version),spotify:album:52A5QvHK8SSnXDZKMNetx2,QMM9G1500092,1,2019-11-14,2019-11-14,True,False,,5,2025-10-19 01:29:52
spotify:track:0lIPko2DVhrMgo4QLr6cGz,0lIPko2DVhrMgo4QLr6cGz,New Level,Raja Kumari,Curry Sauce Vol. 1,spotify:album:2tSpE6cZIbBusnGiBNgKPC,CA5KR1525477,1,2019-11-14,2019-11-14,True,False,,5,2025-10-19 01:29:54
spotify:track:6zUUIjpVYT7y4dgmVtt3ZW,6zUUIjpVYT7y4dgmVtt3ZW,Memo,Raja Kumari,Curry Sauce Vol. 1,spotify:album:2tSpE6cZIbBusnGiBNgKPC,CA5KR1525478,1,2019-11-14,2019-11-14,True,False,,5,2025-10-19 01:29:58
spotify:track:0k2modGW9JkPeVZSYQvWhz,0k2modGW9JkPeVZSYQvWhz,"Husn Parcham (From ""Zero"")",Bhoomi Trivedi,"Husn Parcham (From ""Zero"")",spotify:album:0u0yV8ag4qmWS1NWXLcZ6A,INS181802923,1,2019-11-14,2019-11-14,True,False,,5,2025-10-19 01:30:10
spotify:track:2fYwXajnfsfp4APMSop4Uc,2fYwXajnfsfp4APMSop4Uc,BoJack's Theme,Patrick Carney,BoJack Horseman (Music from the Netflix Original Series),spotify:album:1TCONwUgvvjqSYJFPUCUTW,USLS51705301,1,2019-11-18,2019-11-18,True,False,,5,2025-10-19 01:31:01
spotify:track:0Xm0TK4dhhldtrpCkiqxUj,0Xm0TK4dhhldtrpCkiqxUj,Seaport,Jesse Novak,BoJack Horseman (Music from the Netflix Original Series),spotify:album:1TCONwUgvvjqSYJFPUCUTW,USLS51705311,2,2019-11-18,2019-11-18,True,False,,5,2025-10-19 01:31:13
spotify:track:5NGtFXVpXSvwunEIGeviY3,5NGtFXVpXSvwunEIGeviY3,Gymnopédie No. 1,Erik Satie,Erik Satie & Friends,spotify:album:32kkHw8GnItrzLQ1qwupbJ,USSM11509437,1,2019-11-18,2019-11-18,True,False,,5,2025-10-19 01:31:35
spotify:track:5yhMwlObProJpmAiotWOAm,5yhMwlObProJpmAiotWOAm,Little Earthquakes,Imperial Mammoth,Gold Confetti,spotify:album:0p3kok7YMCIkCOouE1gCWC,USXG21100023,1,2019-11-18,2019-11-18,True,False,,5,2025-10-19 01:31:58
spotify:track:5lfNSjn4xu0JT8SL78AkKa,5lfNSjn4xu0JT8SL78AkKa,Hallway,Jesse Novak,BoJack Horseman (Music from the Netflix Original Series),spotify:album:1TCONwUgvvjqSYJFPUCUTW,USLS51705312,1,2019-11-18,2019-11-18,True,False,,5,2025-10-19 01:32:10
spotify:track:4P4e9L3Ca5QKQQ5sauA75y,4P4e9L3Ca5QKQQ5sauA75y,Kelsey Apology,Jesse Novak,BoJack Horseman (Music from the Netflix Original Series),spotify:album:1TCONwUgvvjqSYJFPUCUTW,USLS51705313,1,2019-11-18,2019-11-18,True,False,,5,2025-10-19 01:32:12
spotify:track:0cGuOGlPRjsvICrAJF8HSr,0cGuOGlPRjsvICrAJF8HSr,Chasing Kelsey,Jesse Novak,BoJack Horseman (Music from the Netflix Original Series),spotify:album:1TCONwUgvvjqSYJFPUCUTW,USLS51705314,1,2019-11-18,2019-11-18,True,False,,5,2025-10-19 01:32:15
spotify:track:6J9ugrqVR0S9buA5apWti7,6J9ugrqVR0S9buA5apWti7,Seahorse Birth,Jesse Novak,BoJack Horseman (Music from the Netflix Original Series),spotify:album:1TCONwUgvvjqSYJFPUCUTW,USLS51705315,1,2019-11-18,2019-11-18,True,False,,5,2025-10-19 01:32:17
spotify:track:3ZJe4mqnhyxww23RuZ7dTh,3ZJe4mqnhyxww23RuZ7dTh,Post Birth,Jesse Novak,BoJack Horseman (Music from the Netflix Original Series),spotify:album:1TCONwUgvvjqSYJFPUCUTW,USLS51705316,1,2019-11-18,2019-11-18,True,False,,5,2025-10-19 01:32:19
spotify:track:0neDPFihhc9sGb0aX3Fw2c,0neDPFihhc9sGb0aX3Fw2c,Baby Seahorse and Convenience Store,Jesse Novak,BoJack Horseman (Music from the Netflix Original Series),spotify:album:1TCONwUgvvjqSYJFPUCUTW,USLS51705317,1,2019-11-18,2019-11-18,True,False,,5,2025-10-19 01:32:21
spotify:track:1jvdu7SUdpsrfqGDaVtRMh,1jvdu7SUdpsrfqGDaVtRMh,Shark Chase,Jesse Novak,BoJack Horseman (Music from the Netflix Original Series),spotify:album:1TCONwUgvvjqSYJFPUCUTW,USLS51705318,1,2019-11-18,2019-11-18,True,False,,5,2025-10-19 01:32:23
spotify:track:0mj0fMumHBSMckFeQoZCQU,0mj0fMumHBSMckFeQoZCQU,Darkness and Tunnel,Jesse Novak,BoJack Horseman (Music from the Netflix Original Series),spotify:album:1TCONwUgvvjqSYJFPUCUTW,USLS51705319,1,2019-11-18,2019-11-18,True,False,,5,2025-10-19 01:32:26
spotify:track:0w4wCn0POJYlJkb6qDAyNB,0w4wCn0POJYlJkb6qDAyNB,Fan Section,Jesse Novak,BoJack Horseman (Music from the Netflix Original Series),spotify:album:1TCONwUgvvjqSYJFPUCUTW,USLS51705320,1,2019-11-18,2019-11-18,True,False,,5,2025-10-19 01:32:28
spotify:track:4ncUfBFumoPfEFWWldJ8TX,4ncUfBFumoPfEFWWldJ8TX,Factory,Jesse Novak,BoJack Horseman (Music from the Netflix Original Series),spotify:album:1TCONwUgvvjqSYJFPUCUTW,USLS51705321,1,2019-11-18,2019-11-18,True,False,,5,2025-10-19 01:32:30
spotify:track:2ZafG8CBCe634ZNHHcDpxo,2ZafG8CBCe634ZNHHcDpxo,Flying,Jesse Novak,BoJack Horseman (Music from the Netflix Original Series),spotify:album:1TCONwUgvvjqSYJFPUCUTW,USLS51705322,1,2019-11-18,2019-11-18,True,False,,5,2025-10-19 01:32:32
spotify:track:6pDCdmqbDfNRTQySZlQnHw,6pDCdmqbDfNRTQySZlQnHw,Seahorse Reunion,Jesse Novak,BoJack Horseman (Music from the Netflix Original Series),spotify:album:1TCONwUgvvjqSYJFPUCUTW,USLS51705323,1,2019-11-18,2019-11-18,True,False,,5,2025-10-19 01:32:34
spotify:track:3jJrWsfgQi51t6DGJZrHKj,3jJrWsfgQi51t6DGJZrHKj,Final Kelsey Pursuit,Jesse Novak,BoJack Horseman (Music from the Netflix Original Series),spotify:album:1TCONwUgvvjqSYJFPUCUTW,USLS51705324,1,2019-11-18,2019-11-18,True,False,,5,2025-10-19 01:32:36
spotify:track:0bnx5K9nFBwIjW8XAZWQZs,0bnx5K9nFBwIjW8XAZWQZs,Renegade - Radio Edit,DANK,Renegade,spotify:album:6jf5Yr2p2PJhConXWjeuDH,USUS11202591,1,2019-11-18,2019-11-18,True,False,,5,2025-10-19 01:32:51
spotify:track:0kEBYD0sMCPtsfpwFLG9aj,0kEBYD0sMCPtsfpwFLG9aj,"The Planets, Op. 32: II. Venus, the Bringer of Peace",Gustav Holst,Holst: The Planets,spotify:album:4v0Xyz0LVToUsSTGdsvKSK,DEF058104553,1,2019-11-18,2019-11-18,True,False,,5,2025-10-19 01:32:53
spotify:track:1OXBfwBYtj2AAKi6jom1qT,1OXBfwBYtj2AAKi6jom1qT,Stars (Live at Montreux),Nina Simone,BoJack Horseman (Music from the Netflix Original Series),spotify:album:1TCONwUgvvjqSYJFPUCUTW,USLS51705308,2,2019-11-18,2020-02-20,True,False,,5,2025-10-19 01:32:55
spotify:track:28V4pKryaz4Fk68P6yj5yN,28V4pKryaz4Fk68P6yj5yN,Sugar and Cream (Extra Sugar Mix),11 Acorn Lane,Ladies Night,spotify:album:37TPTEBX1LA7SrITRlmKxI,US2AE1600103,1,2019-11-18,2019-11-18,True,False,,5,2025-10-19 01:33:01
spotify:track:0nQ8v7XXMBxqLp7w2cRPKS,0nQ8v7XXMBxqLp7w2cRPKS,Jerry and Tom,Smashtrax,"Wacky Kids & Cartoon Tunes: Toons, Circus & Comedy",spotify:album:0Aame3YxJkSVG9RZDiyBH1,US3DF1703838,1,2019-11-18,2019-11-18,True,False,,5,2025-10-19 01:33:10
spotify:track:17i5jLpzndlQhbS4SrTd0B,17i5jLpzndlQhbS4SrTd0B,"Cello Suite No. 1 in G Major, BWV 1007: I. Prélude",Johann Sebastian Bach,"Bach: Cello Suites Nos. 1, 5 & 6",spotify:album:3cvjMNWg7t46NyDZzujfNg,USSM18200515,4,2019-11-18,2022-12-12,True,False,,5,2025-10-19 01:33:12
spotify:track:1wvcU5SQuIRQZ6BTqdoHTb,1wvcU5SQuIRQZ6BTqdoHTb,Love Really Happened To Me,Bob Kelly,Cult Crooner Classics,spotify:album:2Yoe0e8qksrZyMBD1dSQnz,USEG41010131,14,2019-11-18,2022-10-07,True,False,,5,2025-10-19 01:33:23
spotify:track:7kKi0zu5qXL4yXju1kXbtv,7kKi0zu5qXL4yXju1kXbtv,Remedy,Ashley Clark,"Indie Poppers, Vol. 5",spotify:album:3emuWfbXBWFQyDVXXaIpSU,FRD601704815,1,2019-11-18,2019-11-18,True,False,,5,2025-10-19 01:33:35
spotify:track:7MyqRtvFcYGwWWiV1WmEnV,7MyqRtvFcYGwWWiV1WmEnV,Picnic for Two,Frank Tapp,Tragedy & Romance,spotify:album:0BWrRRrvBIftXYVsh6EGIh,QMGXA1447684,1,2019-11-18,2019-11-18,True,False,,5,2025-10-19 01:33:40
spotify:track:6eaZfo1JStg1gh2ye2dUfB,6eaZfo1JStg1gh2ye2dUfB,New Jersey,Peter Sivo Band,Easy Listening Rarities,spotify:album:1UNNCJAA7CvGSwPXyC5A3L,QM4TX1861951,1,2019-11-18,2019-11-18,True,False,,5,2025-10-19 01:33:42
spotify:track:6yy4qvgikqN0Dg4v9NUFNO,6yy4qvgikqN0Dg4v9NUFNO,Bellissimo,Phil Bender-Stone,Old World Folk,spotify:album:1GYrDMBbdbYJXETrJjSMlF,USEG40602413,1,2019-11-18,2019-11-18,True,False,,5,2025-10-19 01:33:44
spotify:track:1bwXRScnt3k6vSyVqcKyNj,1bwXRScnt3k6vSyVqcKyNj,Heaven Or Las Vegas,Cocteau Twins,Heaven Or Las Vegas (Remastered),spotify:album:37hHXJ7xas2Nb7Jbi8ip4E,GBAFL9000039,1,2019-11-19,2019-11-19,True,False,,5,2025-10-19 01:33:51
spotify:track:4wopYJ5wpYOM6ogm2Jugnw,4wopYJ5wpYOM6ogm2Jugnw,"fuck, i'm lonely (with Anne-Marie) - from “13 Reasons Why: Season 3”",Lauv,~how i'm feeling~,spotify:album:4aoWQU2gSUjl4AZeCPSo1b,GBKPL1959035,4,2019-12-03,2019-12-20,True,False,,5,2025-10-19 01:35:42
spotify:track:4RVOFKvNboJBHwiEvqBHne,4RVOFKvNboJBHwiEvqBHne,Boom Shankar,Gurbax,Boom Shankar,spotify:album:7EnPcq5QJDVhkfSpxMViYH,TCACN1612289,1,2019-12-05,2019-12-05,True,False,,5,2025-10-19 01:35:49
spotify:track:3eDsxtliwduBeC3UAdOMG5,3eDsxtliwduBeC3UAdOMG5,"Bandook Meri Laila (From ""A Gentleman"") (feat. Raftaar, Sidharth Malhotra)",Ash King,"Bandook Meri Laila (From ""A Gentleman"")",spotify:album:5t56lgAtpMZZf1zKbZEAJh,INS181701573,1,2019-12-05,2019-12-05,True,False,,5,2025-10-19 01:35:57
spotify:track:42q9E0k1mhutX5s6hY0b7O,42q9E0k1mhutX5s6hY0b7O,Ved - Gurbax Remix,Ritviz,Ved - Single,spotify:album:5ZbVBEbF0g22ZRnuYiOdSz,INO131605807,1,2019-12-05,2019-12-05,True,False,,5,2025-10-19 01:35:59
spotify:track:7ed6rHfDgcehpe0CcJOzbF,7ed6rHfDgcehpe0CcJOzbF,Aghori,Gurbax,Heady Cuts,spotify:album:3fD4UK0d4quAX9zquirXIo,INO131602855,1,2019-12-05,2019-12-05,True,False,,5,2025-10-19 01:36:01
spotify:track:2YplrdHMBoRdnHgMeHEwHm,2YplrdHMBoRdnHgMeHEwHm,The Sound of Silence - Electric Version,Simon & Garfunkel,Sounds Of Silence,spotify:album:07RAGILF28QweYQSZasr5k,USSM16401131,43,2019-12-06,2024-05-24,True,False,,5,2025-10-19 01:36:18
spotify:track:55LK166LWHOpXOroZ5g82J,55LK166LWHOpXOroZ5g82J,Meherbani,Arko,The Shaukeens,spotify:album:4KFEHvkGVZCLQ2vJM6tlh1,N/A,5,2019-12-06,2023-01-28,True,False,,5,2025-10-19 01:36:20
spotify:track:1fzAokzOONl4XEPUFoammu,1fzAokzOONl4XEPUFoammu,"Agar Tum Saath Ho (From ""Tamasha"")",Alka Yagnik,Loveholic Arijit Singh,spotify:album:7patNeMdCSnjhX082Uv3yg,INS181501796,2,2019-12-06,2020-10-25,True,False,,5,2025-10-19 01:36:22
spotify:track:0pw3p4gf5homOkvOGOJulF,0pw3p4gf5homOkvOGOJulF,Tune Jo Na Kaha,Pritam,New York,spotify:album:66DHPOlHSIRiBiGjG7Xvfx,INY090900003,64,2019-12-06,2025-07-31,True,False,,5,2025-10-19 01:36:24
spotify:track:4D3IIkBWnpL097OkljGnRW,4D3IIkBWnpL097OkljGnRW,Live Forever (With Cheat Codes),Liam Payne,LP1,spotify:album:52pHDA5D1zt7xcfJdOkHWx,GBUM71905049,1,2019-12-10,2019-12-10,True,False,,5,2025-10-19 01:36:51
spotify:track:7e1yb9WJfvLfIFe3gUzZ0T,7e1yb9WJfvLfIFe3gUzZ0T,For You (With Rita Ora),Liam Payne,LP1,spotify:album:52pHDA5D1zt7xcfJdOkHWx,USQ4E1703341,1,2019-12-10,2019-12-10,True,False,,5,2025-10-19 01:37:09
spotify:track:1y1rQTkWmrZdJmjwuK07GC,1y1rQTkWmrZdJmjwuK07GC,"Kaise Hua (From ""Kabir Singh"")",Vishal Mishra,"Kaise Hua (From ""Kabir Singh"")",spotify:album:1ncyKqyZae6DoyjYaV9LmS,INS181903732,11,2019-12-13,2025-09-18,True,False,,5,2025-10-19 01:38:57
spotify:track:0ojpEubhy4JNeVftmVuiN7,0ojpEubhy4JNeVftmVuiN7,Pehla Pyaar,Vishal Mishra,Kabir Singh,spotify:album:3uuu6u13U0KeVQsZ3CZKK4,INS181903750,33,2019-12-13,2024-09-29,True,False,,5,2025-10-19 01:39:15
spotify:track:5A8z3NF3WltcQGLfbF6R6g,5A8z3NF3WltcQGLfbF6R6g,Señorita - Acoustic,Kurt Hugo Schneider,Señorita,spotify:album:0I1yCfe9Wtq4AqLKmLaOsf,GBDMT1900168,1,2019-12-15,2019-12-15,True,False,,5,2025-10-19 01:39:50
spotify:track:5Y8uxo3AMqroM57uWHiM6O,5Y8uxo3AMqroM57uWHiM6O,They Can't Take That Away From Me,Ray Conniff,'S Marvelous,spotify:album:1wOj4A7KkmiG3ACdEnJoLe,USSM19908958,1,2019-12-15,2019-12-15,True,False,,5,2025-10-19 01:40:54
spotify:track:6yipH0hUeAf4YPK40k1oIY,6yipH0hUeAf4YPK40k1oIY,Ala Barfi,Pritam,Barfi! (Original Motion Picture Soundtrack),spotify:album:2KZs4INik6X4KeZEsEWEm4,INU151200075,9,2019-12-27,2024-04-15,True,False,,5,2025-10-19 01:42:49
spotify:track:63MvWd6T6yoS7h4AJ4Hjrm,63MvWd6T6yoS7h4AJ4Hjrm,"Aankh Marey (From ""Simmba"")",Neha Kakkar,"Aankh Marey (From ""Simmba"")",spotify:album:4Tm5PfvhoU8ZAkmHYvEzIN,INS181802845,2,2019-12-29,2023-06-08,True,False,,5,2025-10-19 01:42:57
spotify:track:24d3IPklAxzBJB2nuWeSpg,24d3IPklAxzBJB2nuWeSpg,"Sheher Ki Ladki (From ""Khandaani Shafakhana"")",Badshah,"Sheher Ki Ladki (From ""Khandaani Shafakhana"")",spotify:album:4aroXseEbgMQBVvF0SfAHz,INS181903971,1,2019-12-29,2019-12-29,True,False,,5,2025-10-19 01:42:59
spotify:track:11JhQHtNDWg5yWhUEGQKeV,11JhQHtNDWg5yWhUEGQKeV,What We Need Is Some Rock - 1975 Version,Just Water,Downtown And Brooklyn: The Complete Recordings,spotify:album:5AK1ajZw6fSdTDbKEBKAmm,uscgh0583448,2,2019-12-30,2019-12-30,True,False,,5,2025-10-19 01:43:02
spotify:track:3UCkSy4kbnW02zvLJPRTiT,3UCkSy4kbnW02zvLJPRTiT,"Symphony No. 7 in A Major, Op. 92: II. Allegretto",Ludwig van Beethoven,"Beethoven, Van L.: Symphonies Nos. 2 and 7",spotify:album:53TF6dlvKI54Gg5LMOHW6f,SEAES0816060,7,2019-12-30,2023-11-30,True,False,,5,2025-10-19 01:43:13
spotify:track:38xD3KUrA5x52TixusbEOm,38xD3KUrA5x52TixusbEOm,Hard Imagination,Morris DJ,Techno Exclusive,spotify:album:7cgHNQHXGGJ2t5IE4XhKtX,FR6V81989258,7,2019-12-30,2020-02-17,True,False,,5,2025-10-19 01:43:15
spotify:track:66D5Q4LfSZuTi9SF7rX6oU,66D5Q4LfSZuTi9SF7rX6oU,Fist of God,MSTRKRFT,Fist of God,spotify:album:1DnzLOrLqOGgyqQdrt5ize,USDM30800065,5,2019-12-30,2020-02-17,True,False,,5,2025-10-19 01:43:18
spotify:track:49y78l709VxMkIcq7jUJKN,49y78l709VxMkIcq7jUJKN,Love On A Real Train,Tangerine Dream,Dream Sequence,spotify:album:7ALFR4o9ZXfqNVv9EOORn1,GBAAA8300226,2,2019-12-30,2020-01-05,True,False,,5,2025-10-19 01:43:20
spotify:track:51KK6AgwzlRd8FUUW72Qoq,51KK6AgwzlRd8FUUW72Qoq,By the Way,Jerry Honigman,By the Way,spotify:album:2jGCdfDPldTe6lhOS6hbGC,USV351344054,2,2019-12-30,2020-01-06,True,False,,5,2025-10-19 01:43:26
spotify:track:5poCf1lc3EvlK5wtivfKLQ,5poCf1lc3EvlK5wtivfKLQ,Gone,M83,"Dead Cities, Red Seas & Lost Ghosts",spotify:album:5u8hliZZtH3mc6o7BJRmVP,FR86W0300360,1,2019-12-30,2019-12-30,True,False,,5,2025-10-19 01:43:48
spotify:track:4jNQkWhuzqrbqQuqanFFJ6,4jNQkWhuzqrbqQuqanFFJ6,Where Is My Mind,Maxence Cyrin,Novö Piano,spotify:album:21wMUhXhWLew2zsWQhlYEM,FR13Z0900040,1,2019-12-30,2019-12-30,True,False,,5,2025-10-19 01:43:53
spotify:track:0RIhBrl8mzH71pQXZyWaLT,0RIhBrl8mzH71pQXZyWaLT,"World Destruction - Original 12"" Mix",Time Zone,Change The Beat - The Celluloid Records Story 1979 - 1987,spotify:album:25Kag9cU21zj5HtxLfDVyF,DEG931390689,1,2019-12-30,2019-12-30,True,False,,5,2025-10-19 01:43:56
spotify:track:3CQzpCIeGwTPvxOTVHUlPD,3CQzpCIeGwTPvxOTVHUlPD,"Happy Working Song - From ""Enchanted"" / Soundtrack Version",Amy Adams,Disney Princesses,spotify:album:3eJzuQvZPM2TAF8mBkVAea,USWD10732973,1,2020-01-02,2020-01-02,True,False,,5,2025-10-19 01:44:05
spotify:track:4NAbnwBxeiFY714TBr3zBJ,4NAbnwBxeiFY714TBr3zBJ,Wishin' And Hopin' - Stereo Version,Dusty Springfield,A Girl Called Dusty,spotify:album:1ulDMEpgJC1L4W05dMyqHl,GBF086400349,1,2020-01-04,2020-01-04,True,False,,5,2025-10-19 01:44:11
spotify:track:0JlHhicC1HetuYgujLD9hO,0JlHhicC1HetuYgujLD9hO,When I Fall In Love - Remastered,Nat King Cole,Love Songs,spotify:album:4BtCNXyLlIHevbEnbVJBXC,USCA29900745,1,2020-01-04,2020-01-04,True,False,,5,2025-10-19 01:44:24
spotify:track:5URfZHMlUWTWxPvvSBWcPk,5URfZHMlUWTWxPvvSBWcPk,Beautiful Boy (Darling Boy) - Remastered 2010,John Lennon,Double Fantasy,spotify:album:1NWA2fPLUAW5df7UGI5thp,USTO11000021,3,2020-01-04,2020-04-22,True,False,,5,2025-10-19 01:44:26
spotify:track:5zpshtPITFI3O5qBIlayAa,5zpshtPITFI3O5qBIlayAa,Ala Barfi (Kaju Barfi),Pritam,Barfi! (Original Motion Picture Soundtrack),spotify:album:2KZs4INik6X4KeZEsEWEm4,INU151200112,4,2020-01-04,2024-04-15,True,False,,5,2025-10-19 01:44:34
spotify:track:43nFXMe2yHP2O5UL4jZlur,43nFXMe2yHP2O5UL4jZlur,The Universal Soldier (Live),Donovan,Unplugged,spotify:album:53UKQ1vo6BjCfnho4Zzcub,USBT21616256,1,2020-01-05,2020-01-05,True,False,,5,2025-10-19 01:44:54
spotify:track:1bx6spmieE655BQvWdTYKA,1bx6spmieE655BQvWdTYKA,Ghar More Pardesiya,Pritam,Kalank,spotify:album:63jrLuBlHcMN7MUbjbJ4LI,N/A,1,2020-01-05,2020-01-05,True,False,,5,2025-10-19 01:45:22
spotify:track:2rAJ3PA5JGMktxYiSg53Um,2rAJ3PA5JGMktxYiSg53Um,Tabaah Ho Gaye,Pritam,Kalank,spotify:album:63jrLuBlHcMN7MUbjbJ4LI,N/A,1,2020-01-05,2020-01-05,True,False,,5,2025-10-19 01:45:28
spotify:track:2Fv2injs4qAm8mJBGaxVKU,2Fv2injs4qAm8mJBGaxVKU,"Tujhe Kitna Chahne Lage (From ""Kabir Singh"")",Arijit Singh,"Tujhe Kitna Chahne Lage (From ""Kabir Singh"")",spotify:album:3I8PdIhk6pNm8Kv0HiF14V,INS181902088,6,2020-01-05,2025-07-15,True,False,,5,2025-10-19 01:45:34
spotify:track:7quZMBPs3bgW4V8mdM892Q,7quZMBPs3bgW4V8mdM892Q,EK Ladki Ko Dekha,Bhagyesh Hendre,EK Ladki Ko Dekha,spotify:album:6v0edgNF0VN90KtrLqYFS8,QZDA71916525,1,2020-01-05,2020-01-05,True,False,,5,2025-10-19 01:45:39
spotify:track:3mLdsGVuIG0jJAn8dQFvqU,3mLdsGVuIG0jJAn8dQFvqU,Tango For Taj,A.R. Rahman,Rockstar,spotify:album:3RZxrS2dDZlbsYtMRM89v8,INS181103505,29,2020-01-09,2024-06-25,True,False,,5,2025-10-19 01:46:19
spotify:track:3SQxHIOVpQbt3a4uCH9Vuc,3SQxHIOVpQbt3a4uCH9Vuc,The Dichotomy Of Fame,A.R. Rahman,Rockstar,spotify:album:3RZxrS2dDZlbsYtMRM89v8,INS181103507,18,2020-01-09,2024-06-07,True,False,,5,2025-10-19 01:46:28
spotify:track:7k3jpyYPnVnbO0p7iejWxL,7k3jpyYPnVnbO0p7iejWxL,Saadda Haq,Mohit Chauhan,Rockstar,spotify:album:3RZxrS2dDZlbsYtMRM89v8,INS181103510,28,2020-01-09,2025-05-26,True,False,,5,2025-10-19 01:46:33
spotify:track:0Z23yVp0oSHPQYYUqyRhlV,0Z23yVp0oSHPQYYUqyRhlV,Just a Sec,eery,Her,spotify:album:57OXg20mVGA8SMpNcee8OV,GBSMU2728329,1,2020-01-13,2020-01-13,True,False,,5,2025-10-19 01:47:43
spotify:track:0iJ0qDXskUszMNZQZIUEnD,0iJ0qDXskUszMNZQZIUEnD,Cupid's Crooner,Jay Graydon & Timothy Hosman,Timeless Vocals: The Golden Years,spotify:album:3pqyNyOXcYTul8SGhJLNL6,US3DF1549365,2,2020-01-13,2020-03-04,True,False,,5,2025-10-19 01:47:51
spotify:track:0NY5icwPr5u2rJK8mGy5IG,0NY5icwPr5u2rJK8mGy5IG,Consummation,Trent Reznor and Atticus Ross,Gone Girl (Soundtrack from the Motion Picture),spotify:album:3RP0tRQ51HVC57O8q9jCw2,USQX91401980,3,2020-01-14,2023-11-30,True,False,,5,2025-10-19 01:47:53
spotify:track:6X6QU3SzzdGq7eOwDpHSV5,6X6QU3SzzdGq7eOwDpHSV5,"Die Zauberflote (The Magic Flute), K. 620, Act II: Der Holle Rache kocht in meinem Herzen",Wolfgang Amadeus Mozart,"Mozart (A Homage) - 250 Year Celebration, Vol. 5 (Opera Gala)",spotify:album:2v6bzeMpWNhB44sBHSowam,US2TL0934504,1,2020-01-16,2020-01-16,True,False,,5,2025-10-19 01:48:43
spotify:track:40pngv2aF2b5KuOe35CRYL,40pngv2aF2b5KuOe35CRYL,1.0_7-waitfortheQ.ogg,Mac Quayle,"Mr. Robot, Vol. 1 (Original Television Series Soundtrack)",spotify:album:012oKUlmu9qA84z4kYrOAj,USLS51661307,3,2020-01-16,2023-12-01,True,False,,5,2025-10-19 01:48:45
spotify:track:6rYbWpM93R4nSHVsGGGdvU,6rYbWpM93R4nSHVsGGGdvU,By the Way,Jerry Honigman,Back to the Boom Boom,spotify:album:1mUMmzsZDI65rccdXB1HFV,QMFMG1394143,1,2020-01-16,2020-01-16,True,False,,5,2025-10-19 01:48:55
spotify:track:4OffmzjuxT6e9y8E6VDG2i,4OffmzjuxT6e9y8E6VDG2i,"Chan Kitthan (From ""Chan Kitthan"")",Ayushmann Khurrana,Guitar Cafe - Ayushmann Khurrana,spotify:album:5rjryIzCnrQmRXUVvQkVAq,INS181801472,3,2020-01-30,2020-07-15,True,False,,5,2025-10-19 01:55:11
spotify:track:5fyUn9xoM0B3Draac5yj6B,5fyUn9xoM0B3Draac5yj6B,Betaabiyaan,Arun Kamath,Now We Begin,spotify:album:3Xq2hTSC97VqvfJMjFiGFZ,INO131605774,1,2020-02-02,2020-02-02,True,False,,5,2025-10-19 01:56:23
spotify:track:6q9XTgfWilsnyiFofvYrIF,6q9XTgfWilsnyiFofvYrIF,"Garmi (From ""Street Dancer 3D"") (feat. Varun Dhawan)",Badshah,"Garmi (From ""Street Dancer 3D"")",spotify:album:6NYmsKroUtthf1XpzGSCx7,INS181905948,2,2020-02-07,2020-02-08,True,False,,5,2025-10-19 01:57:38
spotify:track:6ND043moKMngCsSoERREWk,6ND043moKMngCsSoERREWk,The Ballad of Davy Crockett,Fess Parker,Columbia Country Classics Volume 3: Americana,spotify:album:4gjtwmWWKjI9p3dLUUfZEA,USSM15400205,1,2020-02-10,2020-02-10,True,False,,5,2025-10-19 01:57:45
spotify:track:2slqvGLwzZZYsT4K4Y1GBC,2slqvGLwzZZYsT4K4Y1GBC,Only The Young - Featured in Miss Americana,Taylor Swift,Only The Young,spotify:album:5LGsh3kexUfi3qkIIxb8vK,USUG11904286,39,2020-02-10,2024-05-06,True,False,,5,2025-10-19 01:57:51
spotify:track:1dN1kLO0APnnU5QQJNzwt4,1dN1kLO0APnnU5QQJNzwt4,Dhaai Kilo Bakwaas,SlowCheeta,Karwaan,spotify:album:2uvC1LN9oPAYRrXC4FOxQJ,INS181801628,3,2020-02-10,2020-04-02,True,False,,5,2025-10-19 01:58:05
spotify:track:1qTh7hzjd361hjuzeaMFWK,1qTh7hzjd361hjuzeaMFWK,Hey Ya !,Clinton Cerejo,Karthik Calling Karthik,spotify:album:13aLziSCr93ULLwPE2JURA,INS180907642,31,2020-02-11,2024-04-21,True,False,,5,2025-10-19 01:58:07
spotify:track:2FVrGYkQ0FKoTgabrPRNtA,2FVrGYkQ0FKoTgabrPRNtA,Opening,jung jaeil,Parasite,spotify:album:2XRuEEbhMF9Q4TcJBw4GqP,KRA491900326,1,2020-02-11,2020-02-11,True,False,,5,2025-10-19 01:58:10
spotify:track:6NFH18bmkb20RgkKGuMiEG,6NFH18bmkb20RgkKGuMiEG,Conciliation I,jung jaeil,Parasite,spotify:album:2XRuEEbhMF9Q4TcJBw4GqP,KRA491900327,1,2020-02-11,2020-02-11,True,False,,5,2025-10-19 01:58:12
spotify:track:570g1HTQqmsUMPslJgTXy7,570g1HTQqmsUMPslJgTXy7,On The Way to Rich House,jung jaeil,Parasite,spotify:album:2XRuEEbhMF9Q4TcJBw4GqP,KRA491900328,1,2020-02-11,2020-02-11,True,False,,5,2025-10-19 01:58:15
spotify:track:3voUjituoQ9TY4HwwKrwMS,3voUjituoQ9TY4HwwKrwMS,Conciliation II,jung jaeil,Parasite,spotify:album:2XRuEEbhMF9Q4TcJBw4GqP,KRA491900329,1,2020-02-11,2020-02-11,True,False,,5,2025-10-19 01:58:17
spotify:track:27bUIAXBm4Yz0HJ9QTJ9Uf,27bUIAXBm4Yz0HJ9QTJ9Uf,Plum Juice,jung jaeil,Parasite,spotify:album:2XRuEEbhMF9Q4TcJBw4GqP,KRA491900330,1,2020-02-11,2020-02-11,True,False,,5,2025-10-19 01:58:20
spotify:track:0y67YEbpJcnZM1mvS1VkPF,0y67YEbpJcnZM1mvS1VkPF,Mr. Yoon and Park,jung jaeil,Parasite,spotify:album:2XRuEEbhMF9Q4TcJBw4GqP,KRA491900331,1,2020-02-11,2020-02-11,True,False,,5,2025-10-19 01:58:22
spotify:track:6Fnahlv5S4wx4P4P1otVKI,6Fnahlv5S4wx4P4P1otVKI,Conciliation III,jung jaeil,Parasite,spotify:album:2XRuEEbhMF9Q4TcJBw4GqP,KRA491900332,1,2020-02-11,2020-02-11,True,False,,5,2025-10-19 01:58:24
spotify:track:0xSHUM4HMiEDkBSlcSGMOV,0xSHUM4HMiEDkBSlcSGMOV,The Belt of Faith,jung jaeil,Parasite,spotify:album:2XRuEEbhMF9Q4TcJBw4GqP,KRA491900333,24,2020-02-11,2020-05-20,True,False,,5,2025-10-19 01:58:27
spotify:track:7DyVi7CausS9XJrLnDhw81,7DyVi7CausS9XJrLnDhw81,Moon Gwang Left,jung jaeil,Parasite,spotify:album:2XRuEEbhMF9Q4TcJBw4GqP,KRA491900334,25,2020-02-11,2020-05-20,True,False,,5,2025-10-19 01:58:29
spotify:track:1cUZxm2ezeXAdc7CXRjPmr,1cUZxm2ezeXAdc7CXRjPmr,Viens à moi,Joséphine Auclair,Viens à moi,spotify:album:0nxd0nPZoTFxRmIiWHkO4q,SE5W31919002,2,2020-03-14,2020-04-26,True,False,,6,2025-10-19 01:58:31
spotify:track:2gOZZ461iBIgZB42kyMu4a,2gOZZ461iBIgZB42kyMu4a,Tulip,Steve Jones Swiff,Tulip,spotify:album:0iO0SP6ZBPKcazqdqfWRr8,SE5IB1901561,2,2020-03-14,2020-04-26,True,False,,6,2025-10-19 01:58:33
spotify:track:7LwNSNnRAMPm7u3XzqxAVi,7LwNSNnRAMPm7u3XzqxAVi,Pillow,Henrietta Kuipers,Pillow,spotify:album:1n0kZGZE9J8tDnxCdh5NCo,SE5IB1900750,2,2020-03-14,2020-03-25,True,False,,6,2025-10-19 01:58:35
spotify:track:7pDD127Pc7US1ZG0sJy3e0,7pDD127Pc7US1ZG0sJy3e0,Distant Lapse,Jase Moran,Distant Lapse,spotify:album:1WdR1q6Tq8PXKRoQAwXl3y,QZK6Q1957902,3,2020-03-15,2020-04-26,True,False,,6,2025-10-19 01:59:07
spotify:track:6pkLwLA9v8qDcqgoRk9iP7,6pkLwLA9v8qDcqgoRk9iP7,Hopeful,Purple Kees,Hopeful,spotify:album:5W5ERP4mbMVUknLRC2ts2x,195081033075,2,2020-03-15,2020-04-26,True,False,,6,2025-10-19 01:59:09
spotify:track:1nb8v8CM6lSxX1sB56oDhb,1nb8v8CM6lSxX1sB56oDhb,Forhåbningsfuld,Bolethe Kristensen,Forhåbningsfuld,spotify:album:4wzZfCtOTPmDAfPMmkVxHc,SE5W31928902,2,2020-03-15,2020-04-26,True,False,,6,2025-10-19 01:59:11
spotify:track:0kIcfCkBxum1vAYk6b2RZs,0kIcfCkBxum1vAYk6b2RZs,Days Off,Steven Windhaug,Extraordinary Occations,spotify:album:5VPgbgP79InzC2NpESX0R9,SE4RG2008001,2,2020-03-15,2020-04-26,True,False,,6,2025-10-19 01:59:13
spotify:track:3JsqqR5Wj3EoC2fzdonr21,3JsqqR5Wj3EoC2fzdonr21,Coal,Arden Forest,Coal,spotify:album:6vjDyvoZakhYBhJmQyHnjM,SE5Q51903530,1,2020-03-15,2020-03-15,True,False,,6,2025-10-19 01:59:16
spotify:track:617kNUnrMKYKGIpAsC93O7,617kNUnrMKYKGIpAsC93O7,Rainy Day,Peter Cavallo,Rainy Day,spotify:album:3Ewl07iOLShjXRTAdC61se,SE5ZV1902301,1,2020-03-15,2020-03-15,True,False,,6,2025-10-19 01:59:18
spotify:track:5lszZIR5GNQubgdMefwp2T,5lszZIR5GNQubgdMefwp2T,Highlands,Steve Jones Swiff,Highlands,spotify:album:3dIFhoR2URHhpLMEVrv4eC,SE5IB1901333,1,2020-03-15,2020-03-15,True,False,,6,2025-10-19 01:59:20
spotify:track:1n2Sk8AcK918oJR8C9Il8f,1n2Sk8AcK918oJR8C9Il8f,Une âme brisée,Gabriela Tolda,Une âme brisée,spotify:album:2obsAuUxVlzIvhxvXd7ZRx,SE5IB2000011,1,2020-03-15,2020-03-15,True,False,,6,2025-10-19 01:59:23
spotify:track:3FGyavyOBVi9W1tk0yGeuX,3FGyavyOBVi9W1tk0yGeuX,Opus I,Margrete Wiik,Opus I,spotify:album:3pWZKLxAhle0wtjkmAYVBW,SE5IB2000019,2,2020-03-15,2020-07-22,True,False,,6,2025-10-19 01:59:25
spotify:track:0EyMOXlxP0iH4I9SOAjKtS,0EyMOXlxP0iH4I9SOAjKtS,Mass,Zwera,Mass,spotify:album:2LTY4ASorTFysOfV8Nk1c2,SE5IB2000229,1,2020-03-15,2020-03-15,True,False,,6,2025-10-19 01:59:27
spotify:track:4ujJJwrejs0lGkVU23ls5j,4ujJJwrejs0lGkVU23ls5j,See you in the morning,Wendy Salisbury,See you in the morning,spotify:album:1oS4DdHemsUapv1o5Uur7T,SE5W31921702,1,2020-03-15,2020-03-15,True,False,,6,2025-10-19 01:59:33
spotify:track:37svGyFPieAZ9D89ejymzG,37svGyFPieAZ9D89ejymzG,Whenever You're With Me,Maura Huffman,Whenever You're With Me,spotify:album:6Zi81juw9l7a13KmNMJjQb,SE5W31936901,1,2020-03-15,2020-03-15,True,False,,6,2025-10-19 01:59:36
spotify:track:5dUnkSplnv6nM1JMWQbOwt,5dUnkSplnv6nM1JMWQbOwt,A Letter,Rebecca Leonard,A Letter,spotify:album:6KmLpG31FYe9eYB4VoKM4v,SE5IB2000065,1,2020-03-15,2020-03-15,True,False,,6,2025-10-19 01:59:38
spotify:track:0djBbURQR8Zu4SD4K48lzJ,0djBbURQR8Zu4SD4K48lzJ,October stroll,Jutila,October stroll,spotify:album:7dnDyRoLFwV6HSSiZ3L1AP,SE5W31909302,1,2020-03-15,2020-03-15,True,False,,6,2025-10-19 01:59:40
spotify:track:2kz1DrWQsJl1k4lWDsPRsC,2kz1DrWQsJl1k4lWDsPRsC,Aquatic,Sigrid Vass,Aquatic,spotify:album:1Wbx7ISrA2F90ohwHYrJsu,SE5IB1901324,3,2020-03-15,2020-07-22,True,False,,6,2025-10-19 01:59:42
spotify:track:5lefNG7G6OMsOTcwPX0Hfe,5lefNG7G6OMsOTcwPX0Hfe,Dells Pond,Elizabeth Bouknight,Dells Pond,spotify:album:1hp6OfvkiYWV9LaaJbEQLu,SE5W32034601,1,2020-03-15,2020-03-15,True,False,,6,2025-10-19 01:59:44
spotify:track:3X1K0wUJNK4GSSxcmSeMaF,3X1K0wUJNK4GSSxcmSeMaF,Dreamery,Eliza Kloppers,Dreamery,spotify:album:4NuhbbdCGHxQqM99WCpQbO,SE5IB2000068,1,2020-03-15,2020-03-15,True,False,,6,2025-10-19 01:59:46
spotify:track:7vGB0te1eym1Gf8NJlXKF7,7vGB0te1eym1Gf8NJlXKF7,Willow,Herbert Campas,Willow,spotify:album:0Dj4cbCUpaInhC1CfukTwT,SE5W31938801,1,2020-03-15,2020-03-15,True,False,,6,2025-10-19 01:59:47
spotify:track:7GhkhTL5VK9Co25CbiBf9T,7GhkhTL5VK9Co25CbiBf9T,On the Other Side,Tiny Rhino,On the Other Side,spotify:album:633hqMGhBHeMIyTOFfNzm7,SE5W32045803,1,2020-03-15,2020-03-15,True,False,,6,2025-10-19 01:59:49
spotify:track:7HwJqlErsgkpld73bb7kxC,7HwJqlErsgkpld73bb7kxC,Partings,Marcus Ackermann,A New Day,spotify:album:6qTn1Zdgx0idq2yTJ4FJeA,QZAKB1910734,1,2020-03-15,2020-03-15,True,False,,6,2025-10-19 01:59:52
spotify:track:1UVNO2jUwZZuSUmHE2jf03,1UVNO2jUwZZuSUmHE2jf03,It's Not Ice,Tristan Eckerson,Trozo Revisited,spotify:album:427N8QK4GyrAvh1YztylPU,GBKPL1963298,1,2020-03-15,2020-03-15,True,False,,6,2025-10-19 01:59:54
spotify:track:65D1Dr0vNzYruUkQu8Jt5j,65D1Dr0vNzYruUkQu8Jt5j,Dust,Verinda,Dust,spotify:album:2of8zmcTMEhShflLa5FQYe,SE5IB1901328,1,2020-03-15,2020-03-15,True,False,,6,2025-10-19 01:59:56
spotify:track:6aJcjGsNvyivFBeBaigFXQ,6aJcjGsNvyivFBeBaigFXQ,Morgensol,Bolethe Kristensen,Morgensol,spotify:album:1CiembCAvOPBFHRbZe8cLk,SE5W31928901,2,2020-03-15,2020-03-26,True,False,,6,2025-10-19 01:59:57
spotify:track:5DlyTthy9x32FuYn7yZYvo,5DlyTthy9x32FuYn7yZYvo,Tuesday Saunter,Dana Meijer,Tuesday Saunter,spotify:album:1rzhIWScywELe0BCmrUlCm,SE5IB2000076,1,2020-03-15,2020-03-15,True,False,,6,2025-10-19 02:00:00
spotify:track:4weTP460iZfnd8sREo32sX,4weTP460iZfnd8sREo32sX,Ringlus,Jan Thiel,Süda,spotify:album:0dR60aXaRgIAUExGS6ZKfG,SE5W32046102,2,2020-03-15,2020-05-13,True,False,,6,2025-10-19 02:00:03
spotify:track:2iqN4qtrdyp43YZONn3sgF,2iqN4qtrdyp43YZONn3sgF,I Try,Helena Gabriel,I Try,spotify:album:6EZsJTZbEkW91ZFgpzCchU,SE5IB2000020,1,2020-03-15,2020-03-15,True,False,,6,2025-10-19 02:00:05
spotify:track:7vF6BeR1XaVvgDVX0zpJKv,7vF6BeR1XaVvgDVX0zpJKv,De Angelis,Antoine Minot,De Angelis,spotify:album:1WV4uwUBSu9Pwwr8bWv2GP,SEXGF1905301,1,2020-03-15,2020-03-15,True,False,,6,2025-10-19 02:00:09
spotify:track:0A4dIaTsi18FAaxEduAphf,0A4dIaTsi18FAaxEduAphf,Road to Eternity,Flip Espeler,Road to Eternity,spotify:album:371puXSmC07SLgwjHnDV7j,SE5IB2000010,1,2020-03-15,2020-03-15,True,False,,6,2025-10-19 02:00:11
spotify:track:1503ZyojOUoKbVYKtepu8J,1503ZyojOUoKbVYKtepu8J,Softest Touch,Eamonn Watt,Softest Touch,spotify:album:5ClLcKV4jxzFkiYnOyX7lJ,TCAEM1920465,1,2020-03-15,2020-03-15,True,False,,6,2025-10-19 02:00:13
spotify:track:3YwKWP2h2kJEMDIEylnrYs,3YwKWP2h2kJEMDIEylnrYs,From This Day,Anthony Sullivan,From This Day,spotify:album:1kdEjESVU0bMzMDsbdsG0L,SE5IB2000154,1,2020-03-15,2020-03-15,True,False,,6,2025-10-19 02:00:15
spotify:track:3E5RxrpJLq3qiIlWW6kTLL,3E5RxrpJLq3qiIlWW6kTLL,Grandmother's Song,Way Beyond,Grandmother's Song,spotify:album:7tboJDndQTAiaFvwowrmOQ,SE5W31934301,1,2020-03-15,2020-03-15,True,False,,6,2025-10-19 02:00:17
spotify:track:45cLs8T0cgOn6ZEd4ionkG,45cLs8T0cgOn6ZEd4ionkG,No More,Jenifer Quai,No More,spotify:album:6MGJbUTXoEUAwZgOJY5XvE,SE5IB1901538,1,2020-03-15,2020-03-15,True,False,,6,2025-10-19 02:00:19
spotify:track:3bFvORAkFIg8TFXcpoCYwg,3bFvORAkFIg8TFXcpoCYwg,Recluse,Pavel Antonov Manev,Recluse,spotify:album:3OQ5VptI9YDkb90OnksjrR,SE5IB1901558,1,2020-03-15,2020-03-15,True,False,,6,2025-10-19 02:00:22
spotify:track:2b9F2d26QVGnzZtkzNU2XJ,2b9F2d26QVGnzZtkzNU2XJ,Dance Monkey,Vibe2Vibe,Dance Monkey,spotify:album:0NJUegUl6z7iKZkXsxSzYD,QMVRR1901175,1,2020-03-16,2020-03-16,True,False,,6,2025-10-19 02:00:32
spotify:track:3nZ31x1cLcCRnIRpiOIkPU,3nZ31x1cLcCRnIRpiOIkPU,It is a Beauteous Evening,Thomasine Robinson,It is a Beauteous Evening,spotify:album:08rw1H3dmuani2VQMlDNLB,SE5W32037101,5,2020-03-24,2020-06-16,True,False,,6,2025-10-19 02:03:41
spotify:track:4K29oq8bXo7wel9P8QMY2n,4K29oq8bXo7wel9P8QMY2n,Memoir,Pied-à-Terre,Memoir,spotify:album:6lxC3Lifp52AImYMNuaLi5,SEXGF2003201,6,2020-03-24,2020-05-12,True,False,,6,2025-10-19 02:03:46
spotify:track:7tDHMhO0bJpbkXzMyMIE0b,7tDHMhO0bJpbkXzMyMIE0b,Isla De Flores,Berlioz,Isla De Flores,spotify:album:33MX50LkO4D6xU0qWjhVbh,SE5W32000701,2,2020-03-24,2020-05-13,True,False,,6,2025-10-19 02:03:51
spotify:track:3yZ9BRpkgqJYtTbz9WZy9j,3yZ9BRpkgqJYtTbz9WZy9j,What if we never met,Santo Trevisani,What if we never met,spotify:album:21L56u6AKNUpJYbbW99B7F,SE5W31924402,3,2020-03-24,2020-07-22,True,False,,6,2025-10-19 02:03:57
spotify:track:2jyJXuG0rIma11mOl4Fz7m,2jyJXuG0rIma11mOl4Fz7m,Presto arriverà il sole,Vala Capon,Presto arriverà il sole,spotify:album:1CcLojQyd6GrOpMusDR7uN,SE5W32006501,2,2020-03-24,2020-04-20,True,False,,6,2025-10-19 02:04:02
spotify:track:2QdIzYZgex1rqQ2OjA2LTb,2QdIzYZgex1rqQ2OjA2LTb,Rue de Rivoli,Francine Leblanc,Rue de Rivoli,spotify:album:5bExtKRwzIRQh9ozDlLSbn,SE5IB2000049,1,2020-03-24,2020-03-24,True,False,,6,2025-10-19 02:04:05
spotify:track:3sq3gjQNigyTGlkwkFrZ3S,3sq3gjQNigyTGlkwkFrZ3S,Variante Alta,Flavio Apicella,Variante Alta,spotify:album:5qUvWqRfwxFdyKN5B0iS0K,SEXGF2005001,2,2020-03-24,2020-04-20,True,False,,6,2025-10-19 02:04:08
spotify:track:0nMvEL9CNSdeBwV3TgUGSi,0nMvEL9CNSdeBwV3TgUGSi,Storybook,Mi Soon,Storybook,spotify:album:5KwSIcT8RrbxnKscueYIxI,SE5IB2000352,2,2020-03-24,2020-04-20,True,False,,6,2025-10-19 02:04:10
spotify:track:2V2cZiuHj1Za9DF3GAfgBu,2V2cZiuHj1Za9DF3GAfgBu,New Slang (When You Notice The Stripes),The Shins,When I Goose-Step,spotify:album:4mWVtK8XTtniRA9cdxaA93,USSUB1930403,1,2020-03-24,2020-03-24,True,False,,6,2025-10-19 02:04:18
spotify:track:3Tny1IsUZeQyXJEwrzSYSp,3Tny1IsUZeQyXJEwrzSYSp,As The Crow Flies,Jonas Holmes,Ripples on a Pond,spotify:album:2VNrWdvo3fG7HcQPOk5ZmX,SE5W31937502,1,2020-03-25,2020-03-25,True,False,,6,2025-10-19 02:04:33
spotify:track:2JSg3A4T4v1jXLEHjtWvz0,2JSg3A4T4v1jXLEHjtWvz0,Morning,Dylan Francis,Morning,spotify:album:6zk1NdjBPNgRn2DzN4z8wk,SE5IB1901627,1,2020-03-25,2020-03-25,True,False,,6,2025-10-19 02:04:35
spotify:track:2XVccQz5rm9Uti3hrTmBoB,2XVccQz5rm9Uti3hrTmBoB,Aller Anfang ist schwer,Jens Wechsler,Aller Anfang ist schwer,spotify:album:4Yscf6h8fgFnsq5Rbbnofn,SE5W31930501,1,2020-03-25,2020-03-25,True,False,,6,2025-10-19 02:04:37
spotify:track:1EdsnelatGaKtwb96T1eCc,1EdsnelatGaKtwb96T1eCc,All this time,Carl Easterling,All this time,spotify:album:34GLwyrRA7GDxt5YIfvt0f,SE5W32013301,2,2020-03-25,2020-07-23,True,False,,6,2025-10-19 02:04:39
spotify:track:6wdkw4U5RYbYGShrrJ8P9k,6wdkw4U5RYbYGShrrJ8P9k,Gelsomino,Darrell Vitagliano,Gelsomino,spotify:album:4rYaSW4Rfvdhf9F0vg5ns6,SE5W31920101,1,2020-03-25,2020-03-25,True,False,,6,2025-10-19 02:04:41
spotify:track:0VCR5yJWXT3FQHuBFPhTm2,0VCR5yJWXT3FQHuBFPhTm2,Dimman,Jakob Ahlbom,Like Home,spotify:album:3WEsCcZ8AXkt9jzWa84TUn,SE5Q51902847,1,2020-03-25,2020-03-25,True,False,,6,2025-10-19 02:04:43
spotify:track:1zzfCsksDj9WxWiPEoYN2g,1zzfCsksDj9WxWiPEoYN2g,Bestemor,Paul Todnem,Bestemor,spotify:album:2A33ag5jSuMJVt9j6wqXfU,SE5W31926501,1,2020-03-25,2020-03-25,True,False,,6,2025-10-19 02:04:45
spotify:track:3qKSYY6Sds4jltPME6UFMm,3qKSYY6Sds4jltPME6UFMm,Magnolia,Snow in April,Magnolia,spotify:album:7bnt53QjdwPCOI5h84nY2F,SE5W31918601,1,2020-03-25,2020-03-25,True,False,,6,2025-10-19 02:04:47
spotify:track:7KWhxUrK9ofPTn3ItWceR5,7KWhxUrK9ofPTn3ItWceR5,For the Love of Love,Novo Talos,For the Love of Love,spotify:album:5ZND5oHPinIv1XkKQb4lsX,SE5IB1800834,1,2020-03-25,2020-03-25,True,False,,6,2025-10-19 02:04:55
spotify:track:6NEzvGAAX1LBReTBuuLyEc,6NEzvGAAX1LBReTBuuLyEc,Requiem,Joaquin Mans,Requiem,spotify:album:3cpY0o7tTa0d3eapPKHAuV,SE5IB1801096,1,2020-03-25,2020-03-25,True,False,,6,2025-10-19 02:04:57
spotify:track:3cbYtmntj3mAHLoM1CEfzZ,3cbYtmntj3mAHLoM1CEfzZ,Magari,Riccardo Lettiere,Magari,spotify:album:7jIDxPIv8IFMdVIsiZ2Sg5,SE5W31926601,1,2020-03-25,2020-03-25,True,False,,6,2025-10-19 02:04:59
spotify:track:2lNLXTFjpDvCoqpfm0owzJ,2lNLXTFjpDvCoqpfm0owzJ,Trumpets Of The Earth,Edward Elysseus,Clear Blue Skies,spotify:album:2nCUZMqf2r51Z7iWUP9kVU,SE4RG1700905,1,2020-03-25,2020-03-25,True,False,,6,2025-10-19 02:05:01
spotify:track:25ScmRjdUWeTd6lfGpvvOn,25ScmRjdUWeTd6lfGpvvOn,The Mist That Surrounds,Jacob LaVallee,A Place I Know,spotify:album:4KLHPyfD2MTc826LxI7iy1,GBSMU7653973,2,2020-03-25,2020-04-22,True,False,,6,2025-10-19 02:05:04
spotify:track:003WhqFhpGJKtcL8RRcMbm,003WhqFhpGJKtcL8RRcMbm,Permanent Green Light,Arden Forest,Coal,spotify:album:6vjDyvoZakhYBhJmQyHnjM,SE5Q51903513,1,2020-03-25,2020-03-25,True,False,,6,2025-10-19 02:05:06
spotify:track:1fcPVf8Rqckxy4wxC4vYoz,1fcPVf8Rqckxy4wxC4vYoz,Floating,Way Beyond,Floating,spotify:album:0zB9fYEcH3zXLvL2Wporwa,SE5W31929901,2,2020-03-26,2020-03-26,True,False,,6,2025-10-19 02:05:08
spotify:track:5Ssia1opQ1cpUBiY0hLSUy,5Ssia1opQ1cpUBiY0hLSUy,How did it Happen,Tom Holding,How did it Happen,spotify:album:52NgJ1FXRHFcfDYH9EWt07,SE5IB1800952,2,2020-03-26,2020-04-26,True,False,,6,2025-10-19 02:05:10
spotify:track:0mTNIBqWyosvtyYerntoBV,0mTNIBqWyosvtyYerntoBV,Zala,Pataki Gisella,Zala,spotify:album:050hlTMs6fuyM4Uuk6ecvf,SE5W31921601,2,2020-03-26,2020-05-11,True,False,,6,2025-10-19 02:05:12
spotify:track:5Okf7KBikV8we3uqCMFjiL,5Okf7KBikV8we3uqCMFjiL,Doctor Doctor - 2007 Remaster,UFO,Phenomenon,spotify:album:7rIrjqUmeFTjw9JH9MWekS,GBAYK0700203,1,2020-03-27,2020-03-27,True,False,,6,2025-10-19 02:05:21
spotify:track:6vD6Wa57qQWsSF84S5Whms,6vD6Wa57qQWsSF84S5Whms,Besame mucho,Tino Rossi,"Songs from France: ô Corse, ile d'amour",spotify:album:3hr69os0FvinIQeeWvLrjX,FR6V89600501,4,2020-03-27,2020-03-28,True,False,,6,2025-10-19 02:05:29
spotify:track:2vXVfpRRCin0m7b26He4aw,2vXVfpRRCin0m7b26He4aw,Summer Wind - 2008 Remastered,Frank Sinatra,Nothing But The Best,spotify:album:3i67sGIVw8EBlgfSRv3Lj2,USRH10723030,16,2020-03-27,2023-03-09,True,False,,6,2025-10-19 02:05:40
spotify:track:2nEEwZuUm442sFAg7WcfsY,2nEEwZuUm442sFAg7WcfsY,Sweet Thing,Johnny Newbag,"The Philly Sound You Never Heard Volume 1: Songs, Productions & Arrangements of Morris Bailey",spotify:album:7l2OK5QopCKLWNY7AD8JRP,USA371426341,14,2020-03-27,2023-08-31,True,False,,6,2025-10-19 02:05:42
spotify:track:3HFaaBYRq3EfNzSkWwpMe4,3HFaaBYRq3EfNzSkWwpMe4,I Waited by the Chapel Door,Andrea Litkei,Diner Jukebox,spotify:album:2Wb6hbl4BRoPC2iqfEq8je,QMGXA1674189,14,2020-03-27,2023-08-31,True,False,,6,2025-10-19 02:05:44
spotify:track:1r834EF69ac3n4roRFX0fm,1r834EF69ac3n4roRFX0fm,I Could Have Danced All Night,Lauren Ambrose,My Fair Lady (2018 Broadway Cast Recording),spotify:album:51698aTAgp4hUSqBc6dima,QMQYB1812208,1,2020-03-28,2020-03-28,True,False,,6,2025-10-19 02:06:44
spotify:track:2HyPrPSANTIPkR6CfiytwY,2HyPrPSANTIPkR6CfiytwY,Dream a Little Dream of Me (with Paul Weston & His Music From Hollywood),Doris Day,Day By Night (with Paul Weston & His Music From Hollywood),spotify:album:3Q4k7vP53iNv1MMoEqro7x,USSM19907730,1,2020-03-28,2020-03-28,True,False,,6,2025-10-19 02:06:46
spotify:track:3uiMBldZ07pW0ySHDX5gzE,3uiMBldZ07pW0ySHDX5gzE,Silly Love Songs - 2014 Remaster,Wings,Wings At The Speed Of Sound,spotify:album:3eN0kcFvDvdpjAvv1qZa4D,GBCCS1400019,1,2020-03-28,2020-03-28,True,False,,6,2025-10-19 02:06:58
spotify:track:7tpBkiQCroypK7cpBeU9d4,7tpBkiQCroypK7cpBeU9d4,You Say,Jessica Lauren,You Say,spotify:album:3joIbnDXmtslLaDj9aThqm,SEYOK1848307,6,2020-04-01,2021-07-26,True,False,,6,2025-10-19 02:07:51
spotify:track:6kp1jsTdNfsIRjBp8kyMBs,6kp1jsTdNfsIRjBp8kyMBs,Secret Sauce,Monica Dogra,Secret Sauce,spotify:album:4FwAIS7F6wkSZs155yuYzi,INUM72000008,1,2020-04-01,2020-04-01,True,False,,6,2025-10-19 02:08:06
spotify:track:3lgOlV6c7fotV0aIKdkj9x,3lgOlV6c7fotV0aIKdkj9x,Bhar De Hamaara Glass,Saba Azad,Karwaan,spotify:album:2uvC1LN9oPAYRrXC4FOxQJ,INS181801630,1,2020-04-02,2020-04-02,True,False,,6,2025-10-19 02:09:02
spotify:track:18AXbzPzBS8Y3AkgSxzJPb,18AXbzPzBS8Y3AkgSxzJPb,In The Air Tonight - 2015 Remastered,Phil Collins,Face Value (Deluxe Editon),spotify:album:1cM3r0WQZWNkCpEbmFjLln,USAT21502120,5,2020-04-03,2022-09-01,True,False,,6,2025-10-19 02:09:13
spotify:track:4YwbSZaYeYja8Umyt222Qf,4YwbSZaYeYja8Umyt222Qf,You Can't Hurry Love - 2016 Remaster,Phil Collins,"Hello, I Must Be Going!",spotify:album:6sn6eWmPciSiHj0ltTBl7M,USRH11509315,2,2020-04-03,2020-04-05,True,False,,6,2025-10-19 02:09:16
spotify:track:63CHa6rmamv9OsehkRD8oz,63CHa6rmamv9OsehkRD8oz,Against All Odds (Take a Look at Me Now) - 2016 Remaster,Phil Collins,The Singles,spotify:album:7yZHLfxqiGPbSQLrVJljah,USRH11603367,4,2020-04-03,2025-04-26,True,False,,6,2025-10-19 02:09:18
spotify:track:1NCuYqMc8hKMb4cpNTcJbD,1NCuYqMc8hKMb4cpNTcJbD,Another Day in Paradise - 2016 Remaster,Phil Collins,...But Seriously,spotify:album:2sS9l8uc3d3UsK9unJyrD8,USRH11602150,2,2020-04-03,2020-04-05,True,False,,6,2025-10-19 02:09:20
spotify:track:6fkvIT9KFKxO8poBeKfaEf,6fkvIT9KFKxO8poBeKfaEf,One More Night - 2016 Remaster,Phil Collins,No Jacket Required,spotify:album:1rVhockt4RAiZFaK3M3zPB,USRH11600247,4,2020-04-03,2021-09-20,True,False,,6,2025-10-19 02:09:22
spotify:track:4qM461TqtpnP4GLRIXwEnW,4qM461TqtpnP4GLRIXwEnW,Sussudio - 2016 Remaster,Phil Collins,No Jacket Required,spotify:album:1rVhockt4RAiZFaK3M3zPB,USRH11600243,4,2020-04-03,2021-09-20,True,False,,6,2025-10-19 02:09:28
spotify:track:5TXrKOnUJzThFzSDacrcXk,5TXrKOnUJzThFzSDacrcXk,Good Pills,Dirty Streets,White Horse,spotify:album:10G9qmes8jl1lIcWUW4EHq,USA2B1513374,17,2020-04-03,2023-02-01,True,False,,6,2025-10-19 02:09:46
spotify:track:7aMGkkJBIynh5fN3QhTApo,7aMGkkJBIynh5fN3QhTApo,Alah alah ya lah - Polocorp's Slow Disco Edit,The Atlas Collective,Roudani 434,spotify:album:7w9kjCVOmBskNfTUQNpn2z,FR6V81771345,1,2020-04-04,2020-04-04,True,False,,6,2025-10-19 02:10:09
spotify:track:50Emj7dvfU5NTCQsS7ECJ7,50Emj7dvfU5NTCQsS7ECJ7,"Ek Tukda Dhoop (From ""Thappad"")",Raghav Chaitanya,"Ek Tukda Dhoop (From ""Thappad"")",spotify:album:0qHOnEEAja3oeBJQDp7zGY,INS182000339,2,2020-04-05,2021-05-27,True,False,,6,2025-10-19 02:10:28
spotify:track:6qajA2wXvAI4HMey8b1JVK,6qajA2wXvAI4HMey8b1JVK,"Sheher Ki Ladki (From ""Khandaani Shafakhana"")",Badshah,Mesmeric Voice - Tulsi Kumar,spotify:album:4ImAT6aKzDUu41c3cetBOE,INS181903971,1,2020-04-05,2020-04-05,True,False,,6,2025-10-19 02:11:07
spotify:track:4hLShJ4RCa2KhqVHD7MRDn,4hLShJ4RCa2KhqVHD7MRDn,"Main Koi Aisa Geet Gaoon (From ""Yes Boss"")",Abhijeet,Sensational Duets - Abhijeet & Alka Yagnik,spotify:album:2oUWSHubOyXXSFN7gzLlkq,INV119900294,1,2020-04-05,2020-04-05,True,False,,6,2025-10-19 02:11:15
spotify:track:6kzj1MWS5tFsoOZUz4c8Hc,6kzj1MWS5tFsoOZUz4c8Hc,Tauba Tumhare Ishare,Abhijeet,Chalte Chalte,spotify:album:5BlXGFX3wluU8qycnD36KD,INS180351111,8,2020-04-05,2024-04-20,True,False,,6,2025-10-19 02:11:21
spotify:track:0gDyuX5rdHulQTUyrIdSR1,0gDyuX5rdHulQTUyrIdSR1,Oh My Love - Remastered 2010,John Lennon,Imagine,spotify:album:0xzaemKucrJpYhyl7TltAk,GBAYE1000775,1,2020-04-08,2020-04-08,True,False,,6,2025-10-19 02:12:11
spotify:track:0Oj0TT23GBH2XuHAaSsloH,0Oj0TT23GBH2XuHAaSsloH,My Love - 2018 Remaster,Wings,Red Rose Speedway,spotify:album:0ht0PyiPPsG3mYqvFhTfgD,GBCCS1800076,1,2020-04-08,2020-04-08,True,False,,6,2025-10-19 02:12:17
spotify:track:4zkVFDUVmZpib8E1z4c4Sa,4zkVFDUVmZpib8E1z4c4Sa,Junk - Remastered 2011,Paul McCartney,McCartney,spotify:album:24lX0YfUlQfqb2T2GioLji,GBCCS1000109,3,2020-04-08,2022-12-18,True,False,,6,2025-10-19 02:12:45
spotify:track:0vOe8JXoL7IwZwXw1jAKG6,0vOe8JXoL7IwZwXw1jAKG6,You Send Me - Mono,Sam Cooke,Hit Kit,spotify:album:6tQwWjnSat2MrALeA8a5Jl,USA171920043,1,2020-04-08,2020-04-08,True,False,,6,2025-10-19 02:12:47
spotify:track:7M18i7KC9A1mTrQVPY9hKy,7M18i7KC9A1mTrQVPY9hKy,"Smile (From United Artists Film ""Modern Times"")",Jimmy Durante,Hello Young Lovers,spotify:album:2MxPqVPNpPGx4jYjSJr6Zg,USWB19901655,2,2020-04-08,2020-05-11,True,False,,6,2025-10-19 02:12:53
spotify:track:6QLFNz62dpOgQTloWuUbNh,6QLFNz62dpOgQTloWuUbNh,All Things Must Pass - Remastered 2014,George Harrison,All Things Must Pass,spotify:album:4I4xtHaIFOzhZfp1NIHkY6,GB77R1400043,2,2020-04-11,2020-04-11,True,False,,6,2025-10-19 02:13:09
spotify:track:2JWKzkQbYsNzx019WyGzaH,2JWKzkQbYsNzx019WyGzaH,I Don't Want to Talk About It - 2008 Remaster,Rod Stewart,Atlantic Crossing,spotify:album:7vV3q5jE7DSuKsnHr7OmmN,USWB10807379,1,2020-04-14,2020-04-14,True,False,,6,2025-10-19 02:13:26
spotify:track:5CQ30WqJwcep0pYcV4AMNc,5CQ30WqJwcep0pYcV4AMNc,Stairway to Heaven - Remaster,Led Zeppelin,Led Zeppelin IV,spotify:album:44Ig8dzqOkvkGDzaUof9lK,USAT21300959,15,2020-04-19,2024-10-29,True,False,,6,2025-10-19 02:13:47
spotify:track:78lgmZwycJ3nzsdgmPPGNx,78lgmZwycJ3nzsdgmPPGNx,Immigrant Song - Remaster,Led Zeppelin,Led Zeppelin III,spotify:album:6P5QHz4XtxOmS5EuiGIPut,USAT21300934,1,2020-04-19,2020-04-19,True,False,,6,2025-10-19 02:13:49
spotify:track:0hCB0YR03f6AmQaHbwWDe8,0hCB0YR03f6AmQaHbwWDe8,Whole Lotta Love - 1990 Remaster,Led Zeppelin,Led Zeppelin II,spotify:album:70lQYZtypdCALtFVlQAcvx,USAT29900471,1,2020-04-19,2020-04-19,True,False,,6,2025-10-19 02:13:51
spotify:track:3qT4bUD1MaWpGrTwcvguhb,3qT4bUD1MaWpGrTwcvguhb,Black Dog - Remaster,Led Zeppelin,Led Zeppelin IV,spotify:album:44Ig8dzqOkvkGDzaUof9lK,USAT21300956,1,2020-04-19,2020-04-19,True,False,,6,2025-10-19 02:13:53
spotify:track:0QwZfbw26QeUoIy82Z2jYp,0QwZfbw26QeUoIy82Z2jYp,Good Times Bad Times - 1993 Remaster,Led Zeppelin,Led Zeppelin,spotify:album:3ycjBixZf7S3WpC5WZhhUK,USAT29900534,1,2020-04-19,2020-04-19,True,False,,6,2025-10-19 02:13:56
spotify:track:3MODES4TNtygekLl146Dxd,3MODES4TNtygekLl146Dxd,Ramble On - 1990 Remaster,Led Zeppelin,Led Zeppelin II,spotify:album:70lQYZtypdCALtFVlQAcvx,USAT29900477,1,2020-04-19,2020-04-19,True,False,,6,2025-10-19 02:13:58
spotify:track:2nVHqZbOGkKWzlcy1aMbE7,2nVHqZbOGkKWzlcy1aMbE7,Kashmir - 1990 Remaster,Led Zeppelin,Physical Graffiti,spotify:album:1lZahjeu4AhPkg9JARZr5F,USAT29900621,1,2020-04-19,2020-04-19,True,False,,6,2025-10-19 02:14:00
spotify:track:4PRGxHpCpF2yoOHYKQIEwD,4PRGxHpCpF2yoOHYKQIEwD,Rock and Roll - Remaster,Led Zeppelin,Led Zeppelin IV,spotify:album:44Ig8dzqOkvkGDzaUof9lK,USAT21300957,2,2020-04-19,2025-09-19,True,False,,6,2025-10-19 02:14:02
spotify:track:70gbuMqwNBE2Y5rkQJE9By,70gbuMqwNBE2Y5rkQJE9By,Going to California - Remaster,Led Zeppelin,Led Zeppelin IV,spotify:album:44Ig8dzqOkvkGDzaUof9lK,USAT21300962,1,2020-04-19,2020-04-19,True,False,,6,2025-10-19 02:14:04
spotify:track:5UoH0KvzaaVEVpFDyNKdZC,5UoH0KvzaaVEVpFDyNKdZC,Thoughts,Sunshine Recorder,Thoughts,spotify:album:7nGp3GtIunmPymQtCyaap4,QM24S2002618,3,2020-04-20,2020-04-21,True,False,,6,2025-10-19 02:14:07
spotify:track:0E97LEEOz5rk6wAJr6rNI3,0E97LEEOz5rk6wAJr6rNI3,Bartram's Garden,Zachary Patel,Bartram's Garden,spotify:album:1SRli8CCpxMiaYuPgfR8qa,SE5W32032001,3,2020-04-20,2020-05-23,True,False,,6,2025-10-19 02:14:09
spotify:track:4Puel2A43BWrFrmzMU8qyu,4Puel2A43BWrFrmzMU8qyu,Perspectives,Lennon McKenna,Perspectives,spotify:album:1gH4Fi83RTno4pSNQ2mmiT,SE5IB2000549,2,2020-04-20,2020-05-23,True,False,,6,2025-10-19 02:14:13
spotify:track:71yLhDpyToB7Z0e7COEd6a,71yLhDpyToB7Z0e7COEd6a,The Half Light,Peter Cavallo,The Half Light,spotify:album:6xOrmL9RVWh61RdOGZ7f6n,SE5ZV2001201,2,2020-04-20,2020-05-23,True,False,,6,2025-10-19 02:14:15
spotify:track:3iyH2B4dcjufYE0ZjiUZsC,3iyH2B4dcjufYE0ZjiUZsC,Ex Nihilo Nihil Fit,Elder Lockhart,Ex Nihilo Nihil Fit,spotify:album:4UGoF6BHCz2xclaI3J74Zf,SE5W32043301,2,2020-04-20,2020-07-23,True,False,,6,2025-10-19 02:14:17
spotify:track:6mDFYF6gUf6GbpP7eAPXWW,6mDFYF6gUf6GbpP7eAPXWW,Green Leaves,Brooklyn Smith,Green Leaves,spotify:album:0zmGbTMtQIjxEEXgvcpRK1,SE5W32036301,1,2020-04-20,2020-04-20,True,False,,6,2025-10-19 02:14:19
spotify:track:3oVLlrUbiNHDHlu3Ro6M2I,3oVLlrUbiNHDHlu3Ro6M2I,Trolltunga,Olai Ruud,Trolltunga,spotify:album:0oZEmmhFr2tWnWrLXkXBVv,SE5W32037001,1,2020-04-20,2020-04-20,True,False,,6,2025-10-19 02:14:21
spotify:track:5hhkyNKosVpT0IkLcbkCx9,5hhkyNKosVpT0IkLcbkCx9,Mrs.Kelley,Leroy Bolander,Mrs.Kelley,spotify:album:4ufUPx9RtrSmPr8nUSlr8T,SE5W32037601,1,2020-04-20,2020-04-20,True,False,,6,2025-10-19 02:14:23
spotify:track:0uT8E3vrqnTpuivD9XGwQt,0uT8E3vrqnTpuivD9XGwQt,Fragments,Helene Roche,Fragments,spotify:album:1AqbiQ9SYJMIOoiEVkkUvk,SE5IB2000476,1,2020-04-20,2020-04-20,True,False,,6,2025-10-19 02:14:25
spotify:track:3o0JiKMZFGghuFxu92QITO,3o0JiKMZFGghuFxu92QITO,Clouds,Luke Faulkner,Clouds,spotify:album:6UvfkjHFlLPstriuUjNUk2,GBPS83859411,1,2020-04-20,2020-04-20,True,False,,6,2025-10-19 02:14:27
spotify:track:6gDt7eZjJNIkzLj9jVEBZo,6gDt7eZjJNIkzLj9jVEBZo,First Sunrise,Haru Kitamura,First Sunrise,spotify:album:31TimKFNBjRjS4oLnzfect,SEXGF2003001,2,2020-04-20,2020-05-12,True,False,,6,2025-10-19 02:14:29
spotify:track:6uSAPAnkFuSaL4f74KtBmD,6uSAPAnkFuSaL4f74KtBmD,Sprites Of The Moor,Emile Franck,Sprites Of The Moor,spotify:album:6zmbjPAkyO1RM7Iy82vjNE,SE5ZO2000701,1,2020-04-20,2020-04-20,True,False,,6,2025-10-19 02:14:33
spotify:track:2L1N7gYQaiXPRIvUx0mdw5,2L1N7gYQaiXPRIvUx0mdw5,Perles de pluie,Jef Martens,Perles de pluie,spotify:album:4v8Fz2YGo5upP7PUqwRPyC,QM4TW2073979,1,2020-04-20,2020-04-20,True,False,,6,2025-10-19 02:14:35
spotify:track:5Cea1kGzMWhmpyZF7G8mxY,5Cea1kGzMWhmpyZF7G8mxY,Sasha,Camilla Selezneva,Sasha,spotify:album:3XAxROyOq3avBUuqs2V2jI,SE5W32051801,1,2020-04-20,2020-04-20,True,False,,6,2025-10-19 02:14:37
spotify:track:40QoUnq2ZWMT04wEjDYMMp,40QoUnq2ZWMT04wEjDYMMp,A Place Like This,Mildred Wolf,A Place Like This,spotify:album:4xWZbCHQrhZqL3zqdNHJFy,SE5W32031901,1,2020-04-20,2020-04-20,True,False,,6,2025-10-19 02:14:39
spotify:track:3NywRjjYjyrTjCvV1CcPjD,3NywRjjYjyrTjCvV1CcPjD,Distance,Charles Bolt,Distance,spotify:album:3Jal7rGnVgw21HuUs14Knd,SE4RG2025701,1,2020-04-20,2020-04-20,True,False,,6,2025-10-19 02:14:43
spotify:track:2wiAB7RM25yzFCPXvpbpCi,2wiAB7RM25yzFCPXvpbpCi,Soleil,Masaki Kawasaki,Life in Process,spotify:album:01i1UYjei9cY4kFL1VjSWH,QZFZ52063351,1,2020-04-20,2020-04-20,True,False,,6,2025-10-19 02:14:45
spotify:track:0wt9RjddODlWDetpuaXfRK,0wt9RjddODlWDetpuaXfRK,"Sunflower (Remix) [with Swae Lee, Nicky Jam, and Prince Royce]",Post Malone,Spider-Man: Into the Spider-Verse,spotify:album:3pOj4mmxL5MUwR1IR8LPzL,USUM71902679,1,2020-04-20,2020-04-20,True,False,,6,2025-10-19 02:15:20
spotify:track:0paObwS131dDajVtwORiYq,0paObwS131dDajVtwORiYq,Before the War,Lama House,Secrets of the Earth,spotify:album:181sKloKYO9iKWM50ldXbK,SE5Q51903164,3,2020-04-21,2020-07-22,True,False,,6,2025-10-19 02:15:42
spotify:track:1hIQPCM3oWXrpnXmgTDaKG,1hIQPCM3oWXrpnXmgTDaKG,Can't You Hear Me Knocking - 2009 Mix,The Rolling Stones,Sticky Fingers,spotify:album:29m6DinzdaD0OPqWKGyMdz,GBUM70909467,1,2020-04-21,2020-04-21,True,False,,6,2025-10-19 02:15:50
spotify:track:2jaN6NgXflZTj2z9CWcqaP,2jaN6NgXflZTj2z9CWcqaP,Time Is On My Side - Mono Version,The Rolling Stones,The Rolling Stones No. 2,spotify:album:0MDhZ0yRkugNEg7PmMMUE8,USA176410330,1,2020-04-21,2020-04-21,True,False,,6,2025-10-19 02:16:02
spotify:track:668YgsnvdNBHfRscNIBS31,668YgsnvdNBHfRscNIBS31,It's Only Rock'n'Roll (But I Like It) - Remastered 2009,The Rolling Stones,It's Only Rock 'N' Roll,spotify:album:4jCpSNa8dV40aMrHOshRdv,GBUM70909423,1,2020-04-21,2020-04-21,True,False,,6,2025-10-19 02:16:05
spotify:track:4MA35M0E5sNmTgeS3N1Nmm,4MA35M0E5sNmTgeS3N1Nmm,Virginia,Joanna Haynes,Virginia,spotify:album:4RZAq6iCmoacBQCYcy2v3k,SE5IB2000354,2,2020-04-21,2020-04-21,True,False,,6,2025-10-19 02:16:12
spotify:track:21UkknmSYISvDaQbaMIOgq,21UkknmSYISvDaQbaMIOgq,Solitude,Joep Beving,Solitude,spotify:album:1XmDqoUApujiLgpDFAYszk,DEN962000210,1,2020-04-21,2020-04-21,True,False,,6,2025-10-19 02:16:14
spotify:track:4cPQaeHZZiaF9tHbJSujIb,4cPQaeHZZiaF9tHbJSujIb,Vinaceous,Ivalu Karlsen,Vinaceous,spotify:album:6u24gtbT0PWB8E5FFH3l7z,SE5W32036801,2,2020-04-21,2020-07-22,True,False,,6,2025-10-19 02:16:17
spotify:track:3rfsel8gqoDpNVx7DgTyOf,3rfsel8gqoDpNVx7DgTyOf,Evangeline,Domitila James,Evangeline,spotify:album:2GxIEfBPiuGksXQwRQO1Lm,SE5W32038701,1,2020-04-21,2020-04-21,True,False,,6,2025-10-19 02:16:19
spotify:track:2ExAg1e36meOgqoVQg92dr,2ExAg1e36meOgqoVQg92dr,Meander,Jacob LaVallee,Somewhere in Between,spotify:album:5AS9LA5qpFiVghNX2OWRwo,QZFYW2090437,1,2020-04-21,2020-04-21,True,False,,6,2025-10-19 02:16:21
spotify:track:7C1ndiZUMm99ZzjEhi5szC,7C1ndiZUMm99ZzjEhi5szC,Wiosenne Słońce,Aleksy Wysocki,Wiosenne Słońce,spotify:album:1b7F96zmPfcHbxxrgC88zV,SE5W32024301,1,2020-04-21,2020-04-21,True,False,,6,2025-10-19 02:16:23
spotify:track:6c3begG0VaJyAnhwNlm0al,6c3begG0VaJyAnhwNlm0al,Grains,Rannar Sillard,Grains,spotify:album:6dqNZSR1LEjoVcxdL1mH0s,SE5Q52000220,1,2020-04-21,2020-04-21,True,False,,6,2025-10-19 02:16:26
spotify:track:5MY3VfxIwNmiDatCWh0qMY,5MY3VfxIwNmiDatCWh0qMY,De liefdesbrief,Annebelle Coenraad,De liefdesbrief,spotify:album:5wjfVEVa2kfZ4KLX0E88l7,SE5W32013201,1,2020-04-21,2020-04-21,True,False,,6,2025-10-19 02:16:28
spotify:track:7chUrds11BR9cV2sUv32or,7chUrds11BR9cV2sUv32or,Innocence,Olga Menchki,Innocence,spotify:album:1bJt5dNbsCzyrzMCdF4Ebq,SE5IB2000051,1,2020-04-21,2020-04-21,True,False,,6,2025-10-19 02:16:30
spotify:track:3C4ZKKPtMbexPnb09lPB6n,3C4ZKKPtMbexPnb09lPB6n,Tanken för oss vidare,Melvin Norberg,Tanken för oss vidare,spotify:album:6Elc1jsVKdtmqIbnCc0rij,SE5W32052001,1,2020-04-21,2020-04-21,True,False,,6,2025-10-19 02:16:32
spotify:track:0EvQSUVoxGDvBXXe3VvtGp,0EvQSUVoxGDvBXXe3VvtGp,"Segui il tuo corso, e lascia dir genti",Fioretta Rizzo,"Segui il tuo corso, e lascia dir genti",spotify:album:5RYCpUNxzlewpfLomekT4J,SE5W32016301,1,2020-04-21,2020-04-21,True,False,,6,2025-10-19 02:16:34
spotify:track:0o9Eogbjy1gu6kgNCjJ39d,0o9Eogbjy1gu6kgNCjJ39d,Light as a Feather,Eamonn Watt,Light as a Feather,spotify:album:2WuG6Cp470vClef0LwcVOg,TCAEP1902904,1,2020-04-21,2020-04-21,True,False,,6,2025-10-19 02:16:38
spotify:track:72ccvGncY9Aic3Bb1ZzP6E,72ccvGncY9Aic3Bb1ZzP6E,Lago di Garda,Robert Gafforelli,Claudia,spotify:album:3jHGLuvTzPVEeXwjXe3HjW,SE5W32016903,1,2020-04-21,2020-04-21,True,False,,6,2025-10-19 02:16:39
spotify:track:3rjP8xleDXHeCkhlSeLapT,3rjP8xleDXHeCkhlSeLapT,Listless,Alexander Bennet,Listless,spotify:album:01bO4cMVKcHMYmb2JHZOd7,SE5IB2000544,1,2020-04-21,2020-04-21,True,False,,6,2025-10-19 02:16:42
spotify:track:6X2ZEKlJvBPlrjBcKeOEfQ,6X2ZEKlJvBPlrjBcKeOEfQ,Reminisce,Esperanza,Reminisce,spotify:album:5dHi9rFcoceBNZu3xGfewu,SE4RG2023201,1,2020-04-21,2020-04-21,True,False,,6,2025-10-19 02:16:44
spotify:track:23cJ3BYjWbxVHkNqkbOIbJ,23cJ3BYjWbxVHkNqkbOIbJ,Björninnan,Joel Lyssarides,Björninnan,spotify:album:158VcWwMcBEJWWfoIMxBc2,SEVOZ1800101,1,2020-04-21,2020-04-21,True,False,,6,2025-10-19 02:16:46
spotify:track:30V02AmDYMRvrHE4L8cZAo,30V02AmDYMRvrHE4L8cZAo,Play With Fire - Mono Version,The Rolling Stones,Out Of Our Heads,spotify:album:2Q5MwpTmtjscaS34mJFXQQ,USA176510190,1,2020-04-21,2020-04-21,True,False,,6,2025-10-19 02:16:48
spotify:track:0hfmBHOwBmy9Hmi2vd9eku,0hfmBHOwBmy9Hmi2vd9eku,Forêt Profonde,Ricard Paul,Forêt Profonde,spotify:album:2k9TF8OSLFWUrMVz9u0RKA,SEXGF2005501,2,2020-04-22,2020-04-22,True,False,,6,2025-10-19 02:16:51
spotify:track:3evG0BIqEFMMP7lVJh1cSf,3evG0BIqEFMMP7lVJh1cSf,Don't Let Me Down - Remastered 2009,The Beatles,The Beatles 1967 - 1970,spotify:album:1cTeNkeINtXiaMLlashAKs,GBAYE0900599,2,2020-04-22,2025-05-27,True,False,,6,2025-10-19 02:16:57
spotify:track:14rgccW786l8HtnnQ4jHlI,14rgccW786l8HtnnQ4jHlI,Abend,Elke Fischer,Abend,spotify:album:6RnP5z4qyMdG8PahnaRU7o,SE5IB2000533,1,2020-04-22,2020-04-22,True,False,,6,2025-10-19 02:16:59
spotify:track:677mAMd1eOH1pltC797UYs,677mAMd1eOH1pltC797UYs,In This Way,Jacob LaVallee,In This Way,spotify:album:45564XZTqbu06iq2McX47D,QZFZ52017052,1,2020-04-22,2020-04-22,True,False,,6,2025-10-19 02:17:01
spotify:track:78HoFV4xqGryfbmGWp3PYA,78HoFV4xqGryfbmGWp3PYA,Farafra,Emma Hoffman,Farafra,spotify:album:1AEaBJOkvFwzKjvBJ3U7Cq,SE5IB2000471,1,2020-04-22,2020-04-22,True,False,,6,2025-10-19 02:17:03
spotify:track:0vLQcDkwnEojCbVzN9NJVh,0vLQcDkwnEojCbVzN9NJVh,These Days,Martin Rapide,These Days,spotify:album:3z71sm34J0RpVVFbxIWkWv,SEXGF2006501,1,2020-04-22,2020-04-22,True,False,,6,2025-10-19 02:17:05
spotify:track:0MXNBq9JKgNoUprg9PMQwA,0MXNBq9JKgNoUprg9PMQwA,Notes From Tom,Jesse Brown,Notes From Tom,spotify:album:4IMq0YcdnE2gFvU68hQfQa,QM24S2003348,1,2020-04-22,2020-04-22,True,False,,6,2025-10-19 02:17:07
spotify:track:6fZbJF7JVQXH4GUESxfyIK,6fZbJF7JVQXH4GUESxfyIK,Inner peaces,Nelson Haynes,Inner Peaces,spotify:album:362Ub1c8U0tV6rtK0ou7As,SE5W32002301,2,2020-04-22,2020-05-18,True,False,,6,2025-10-19 02:17:10
spotify:track:3Nn9FtU41jUR4TiPKxXxuh,3Nn9FtU41jUR4TiPKxXxuh,Temps perdu,Jef Martens,Soirées sans toi,spotify:album:2jr93PoNSOId5WOYxIJtgJ,QM4TW2081134,2,2020-04-22,2020-07-23,True,False,,6,2025-10-19 02:17:12
spotify:track:5zyxo2OiMgZAs4Lalux1gH,5zyxo2OiMgZAs4Lalux1gH,Heritage,Nelson Haynes,Inner Peaces,spotify:album:362Ub1c8U0tV6rtK0ou7As,SE5W32002302,1,2020-04-22,2020-04-22,True,False,,6,2025-10-19 02:17:14
spotify:track:7Ahu8bSyv1c2p67N5zzaXv,7Ahu8bSyv1c2p67N5zzaXv,Sketches,Domenik Kalinsky,Sketches,spotify:album:2Qn3h9i5mAJXiffb7GMFXy,SE4RG2023001,1,2020-04-22,2020-04-22,True,False,,6,2025-10-19 02:17:16
spotify:track:5AUpjDiIpHGRWd7vaEy7BK,5AUpjDiIpHGRWd7vaEy7BK,Romance,Denise Santoz,Palette,spotify:album:72ail4RoAjee7GtdCcOOTY,SE5W32053202,1,2020-04-22,2020-04-22,True,False,,6,2025-10-19 02:17:20
spotify:track:7LZgdL0MxiElfaKZbuuE4l,7LZgdL0MxiElfaKZbuuE4l,Asleep - 2011 Remaster,The Smiths,Louder Than Bombs,spotify:album:45StnugV9WQMQwk4rRoTy8,GBCRL1100079,39,2020-04-22,2024-10-03,True,False,,6,2025-10-19 02:17:22
spotify:track:01SfTM5nfCou5gQL70r6gs,01SfTM5nfCou5gQL70r6gs,Golden Slumbers - Remastered 2009,The Beatles,Abbey Road,spotify:album:0ETFjACtuP2ADo6LFhL6HN,GBAYE0601703,1,2020-04-22,2020-04-22,True,False,,6,2025-10-19 02:17:40
spotify:track:0UvCh63URrLFcPkKt99hHd,0UvCh63URrLFcPkKt99hHd,Don't Look Back in Anger - Remastered,Oasis,(What's The Story) Morning Glory?,spotify:album:1VW1MFNstaJuygaoTPkdCk,GBQCP1400110,1,2020-04-22,2020-04-22,True,False,,6,2025-10-19 02:17:42
spotify:track:0ESIjVxnDnCDaTPo6sStHm,0ESIjVxnDnCDaTPo6sStHm,Till There Was You - Remastered 2009,The Beatles,With The Beatles,spotify:album:1aYdiJk6XKeHWGO3FzHHTr,GBAYE0601429,1,2020-04-22,2020-04-22,True,False,,6,2025-10-19 02:17:48
spotify:track:1n7xFAY4xoPeqRvrkzAtsw,1n7xFAY4xoPeqRvrkzAtsw,Good Old-Fashioned Lover Boy - Remastered 2011,Queen,A Day At The Races,spotify:album:4KZGe18wZJbXL6JLW4KyLc,GBUM71029614,1,2020-04-22,2020-04-22,True,False,,6,2025-10-19 02:17:51
spotify:track:7rpUsVjQyitDQ27NRybgZl,7rpUsVjQyitDQ27NRybgZl,Whatever - Remastered,Oasis,Definitely Maybe,spotify:album:50xG9YujTzMGaLHfJTskBy,GBQCP1400033,1,2020-04-22,2020-04-22,True,False,,6,2025-10-19 02:17:53
spotify:track:5bNMuAAxt5Ic6h0KxId0bj,5bNMuAAxt5Ic6h0KxId0bj,All The Bright Places I,Keegan DeWitt,All The Bright Places (Music from the Netflix Film),spotify:album:1lWXWp6ILmqJ4UYXuF4GkA,USQX92000087,1,2020-04-24,2020-04-24,True,False,,6,2025-10-19 02:18:36
spotify:track:4NkIYlfobkqS2hALHTIUV9,4NkIYlfobkqS2hALHTIUV9,Waking up Slow - Piano Version,Gabrielle Aplin,Waking up Slow,spotify:album:6qPtRqNuDGUgBVlU2AQFz1,GB23W1700038,1,2020-04-24,2020-04-24,True,False,,6,2025-10-19 02:19:00
spotify:track:0pXJgbedGgGOtN8yQ8wU8I,0pXJgbedGgGOtN8yQ8wU8I,Before I Die Wall / The Blue Hole,Keegan DeWitt,All The Bright Places (Music from the Netflix Film),spotify:album:1lWXWp6ILmqJ4UYXuF4GkA,USQX92000094,1,2020-04-24,2020-04-24,True,False,,6,2025-10-19 02:19:02
spotify:track:5nTnApD6zNvuHJe0fXU5Jg,5nTnApD6zNvuHJe0fXU5Jg,Gypsy - 2018 Remaster,Fleetwood Mac,50 Years - Don't Stop,spotify:album:06JqOkwwy91OxrApXclzYf,USRH11802591,1,2020-04-24,2020-04-24,True,False,,6,2025-10-19 02:19:56
spotify:track:3rLYj3hgyEw9BhGgcJER8O,3rLYj3hgyEw9BhGgcJER8O,Here,Leonardo Cupelli,Here,spotify:album:6TzBL8Jxr3OjvgBRmOWdce,QZFZ72005209,1,2020-04-26,2020-04-26,True,False,,6,2025-10-19 02:21:50
spotify:track:7HDH1wn0I9Uqk2gqkM4WGb,7HDH1wn0I9Uqk2gqkM4WGb,Stay,Chad Lawson,Stay,spotify:album:13YFmbLomw1142gq3Z7ZoR,USUG12000366,1,2020-04-26,2020-04-26,True,False,,6,2025-10-19 02:21:52
spotify:track:1f1Gk4olIbOZN1XjzFiHrO,1f1Gk4olIbOZN1XjzFiHrO,Rien N'est Éternel,Lucién,Rien N'est Éternel,spotify:album:2dIPCQWkAFLpgbv0gC4S9r,SE5W32052801,1,2020-04-26,2020-04-26,True,False,,6,2025-10-19 02:21:55
spotify:track:1VbQwnVubzySFLf4c8EUi5,1VbQwnVubzySFLf4c8EUi5,Late Tuesday,Nima de Bekker,Late Tuesday,spotify:album:6ZjJ032BraQV8KxxjRcfyL,SE5W31901801,1,2020-04-26,2020-04-26,True,False,,6,2025-10-19 02:21:57
spotify:track:6PVvDOQGZT1oEd0uZkf96c,6PVvDOQGZT1oEd0uZkf96c,Sylvia,Karim Blau,Sylvia,spotify:album:5exy3QuDSPPeOStcJNtA8r,SE5ZO1900201,1,2020-04-26,2020-04-26,True,False,,6,2025-10-19 02:21:59
spotify:track:4kC0VipcTLIUwCqYUDRTgR,4kC0VipcTLIUwCqYUDRTgR,Lost,Eamonn Watt,Lost,spotify:album:6dHHJLev0VCCHMjeMsCNM7,TCAEM1938420,1,2020-04-26,2020-04-26,True,False,,6,2025-10-19 02:22:02
spotify:track:0CElW1Ho1HrfYROXWt9UCw,0CElW1Ho1HrfYROXWt9UCw,Second Coming,Bela Nemeth,Harbour,spotify:album:3GmyVRCqih6HB7LJz7cK9G,SE5ZO1800102,1,2020-04-26,2020-04-26,True,False,,6,2025-10-19 02:22:04
spotify:track:26ufMVgpojM835miVaoTZG,26ufMVgpojM835miVaoTZG,Prelude In A-Flat,Jackson Love,Prelude In A-Flat,spotify:album:1cAx6BheD7zUvHlhr0S4Ph,QM24S2003452,1,2020-04-26,2020-04-26,True,False,,6,2025-10-19 02:22:06
spotify:track:6mJJCKV3zEwCH46Fx8yDhG,6mJJCKV3zEwCH46Fx8yDhG,Broertje,Mavis Marchena,Broertje,spotify:album:3JgL40IFCEy1TcsRovYBYp,SE5W31910201,1,2020-04-26,2020-04-26,True,False,,6,2025-10-19 02:22:08
spotify:track:3kCv0qog8yLPc5P262zMOi,3kCv0qog8yLPc5P262zMOi,Grace,Carl Stark Willgold,Grace,spotify:album:3udJn7VqPSEv07WhZJ9x1P,SE5IB1900897,1,2020-04-26,2020-04-26,True,False,,6,2025-10-19 02:22:11
spotify:track:5AuWKuHz0n0SHrmG6L466c,5AuWKuHz0n0SHrmG6L466c,Queenie's Suite,Nick Cave & Warren Ellis,The Proposition,spotify:album:4XzmsU9c17aVQodXYU6gcz,GBAJH0501433,1,2020-04-26,2020-04-26,True,False,,6,2025-10-19 02:22:13
spotify:track:2SXrG3hkOXgXHJaiTBoyW4,2SXrG3hkOXgXHJaiTBoyW4,Bye Bye Blackbird - Remastered,Gene Austin,Gene Austin and his Candy and Coco,spotify:album:1IZbT46RiaB2Dv1Afry4ht,DEUD92058147,1,2020-04-26,2020-04-26,True,False,,6,2025-10-19 02:22:15
spotify:track:3Ozm6fHAbtPi83PO9tofH1,3Ozm6fHAbtPi83PO9tofH1,Red Right Hand (Peaky Blinders Theme) (Flood Remix),Nick Cave & The Bad Seeds,Red Right Hand,spotify:album:6rOwtuzUOBxy1NgBl0OxDo,GB5KW1499411,1,2020-04-26,2020-04-26,True,False,,6,2025-10-19 02:22:17
spotify:track:5gaqlQ70qDXdrIQGnpv99g,5gaqlQ70qDXdrIQGnpv99g,Nametag (Single Mix),Big Mother Gig,No More Questions,spotify:album:0tKGCscMxttDEr6MAwtI2O,QM6P41765403,1,2020-04-26,2020-04-26,True,False,,6,2025-10-19 02:22:28
spotify:track:4YNUgzVOqXcdaCWTQYP2ni,4YNUgzVOqXcdaCWTQYP2ni,So Glad,Chinmay Datar,So Glad,spotify:album:1BUhEWIRLY7mw61O3Qq9nn,QZES62032042,10,2020-04-28,2024-05-26,True,False,,6,2025-10-19 02:22:40
spotify:track:07FUh3cxCPNQFIIp8aSWCy,07FUh3cxCPNQFIIp8aSWCy,It Takes Me Back,Emmrose,Hopeless Romantics,spotify:album:2mtsa6EPkEfbCNpjbhQ8C2,QZGLM2006613,1,2020-04-30,2020-04-30,True,False,,6,2025-10-19 02:23:49
spotify:track:4USUs7QG3WJM4fw1unbmws,4USUs7QG3WJM4fw1unbmws,Karein Kya,Hriday Gattani,Karein Kya,spotify:album:07xgmrBMOuvv2I5mIYMufI,FRX201985337,1,2020-04-30,2020-04-30,True,False,,6,2025-10-19 02:23:54
spotify:track:3LbMgAP9NsVs8ypZ0kLSek,3LbMgAP9NsVs8ypZ0kLSek,i'd even let you kill me,Kaxi,i'd even let you kill me,spotify:album:6pIYz41wNO1hKD9oyfuj0Z,QZFYY1978294,1,2020-04-30,2020-04-30,True,False,,6,2025-10-19 02:23:57
spotify:track:0pg6WyynS2HxfbkHCCISCb,0pg6WyynS2HxfbkHCCISCb,Aurora,A.S.J.,Aurora,spotify:album:3jc3LzraX6kfTdMCK4XUr8,QZFZ71933878,2,2020-04-30,2020-07-07,True,False,,6,2025-10-19 02:23:59
spotify:track:0JIy6lEuf9VAWPSGO9YEsh,0JIy6lEuf9VAWPSGO9YEsh,reflections,Teodor Wolgers,hopes,spotify:album:2XdFgoXMYe0EXNtvJv3VA8,SE5W31906608,1,2020-05-05,2020-05-05,True,False,,6,2025-10-19 02:24:07
spotify:track:2FxwP5bwUPpYZUzkhoATvL,2FxwP5bwUPpYZUzkhoATvL,fabienne,Klaus Weissmuller,fabienne,spotify:album:1bVkyLeW2JiUWhs0myUELT,SE5W31911301,1,2020-05-05,2020-05-05,True,False,,6,2025-10-19 02:24:09
spotify:track:0FHxhSuJskgFaSasG2iwn1,0FHxhSuJskgFaSasG2iwn1,Grandma's Meadow,Ingeborg,The Northern Fairy,spotify:album:3T27VKk3B5a2GY4Ayfc8Ws,SE4RG2031102,2,2020-05-05,2020-05-23,True,False,,6,2025-10-19 02:24:12
spotify:track:398uIq8oIiP5cdb6zR2bst,398uIq8oIiP5cdb6zR2bst,franconia,Klaus Weissmuller,franconia,spotify:album:7wXqijcw1roLeqDgbqSMuK,SE5W31911302,1,2020-05-05,2020-05-05,True,False,,6,2025-10-19 02:24:14
spotify:track:05CKxyJP3ZFRyMkY9idpCZ,05CKxyJP3ZFRyMkY9idpCZ,Cloud Walk,Martin Greenbaum,Folk Dances,spotify:album:32CyfCvWsvfa17HsxAoodi,QZAKB1910143,1,2020-05-05,2020-05-05,True,False,,6,2025-10-19 02:24:16
spotify:track:1qfYCqVpMcuYLhyThCR7k6,1qfYCqVpMcuYLhyThCR7k6,A Gift To Share,Joni Bernier,A Gift To Share,spotify:album:7iqgjaIRglpZ2H1tfqErfy,SE5W32051901,8,2020-05-05,2020-07-23,True,False,,6,2025-10-19 02:24:19
spotify:track:6NzVXy6c2LGp2ltm7G4fDb,6NzVXy6c2LGp2ltm7G4fDb,After Night,Charlie Key,We Will Remain,spotify:album:3hSe9XZzLXppGtQxhwqqr6,SE4RG2001202,1,2020-05-05,2020-05-05,True,False,,6,2025-10-19 02:24:22
spotify:track:3S80lLm6Y3Zkb4ZtHwGQaO,3S80lLm6Y3Zkb4ZtHwGQaO,Le Tunnel,Aeyes Libe,Le Tunnel,spotify:album:7LRfhn4VRKYl0ADYSeacV9,SEXGF2007601,1,2020-05-05,2020-05-05,True,False,,6,2025-10-19 02:24:24
spotify:track:2LEDOIkhBTy39iu4OPE1Qk,2LEDOIkhBTy39iu4OPE1Qk,For Ruby,Dominic Walton,The Loop,spotify:album:1RyGxuY2zYWsCtyQ5MATra,SE4RG2031804,1,2020-05-05,2020-05-05,True,False,,6,2025-10-19 02:24:26
spotify:track:3vU8mciK9Ec13Kg9AtbQEu,3vU8mciK9Ec13Kg9AtbQEu,Maroon Lake,Reversible,Maroon Lake,spotify:album:6a7I9OpF79o4SUIPZ6XHAv,SE5IB1901628,1,2020-05-05,2020-05-05,True,False,,6,2025-10-19 02:24:28
spotify:track:5cfcFwKThGXg3L6kRFehnh,5cfcFwKThGXg3L6kRFehnh,Feu noir,Luc Renot,Feu noir,spotify:album:4zryhZrsEZz3S1L6anysR8,SE5IB2000583,1,2020-05-05,2020-05-05,True,False,,6,2025-10-19 02:24:30
spotify:track:7b0MJSkGRPP1dUnRrJywba,7b0MJSkGRPP1dUnRrJywba,En ensom vals,Leah Dreyer,En ensom vals,spotify:album:0AWtQegJracJIPymLEInA6,SE5W31934901,1,2020-05-05,2020-05-05,True,False,,6,2025-10-19 02:24:32
spotify:track:3BpfNbD7MYLE97CS1Tv0Np,3BpfNbD7MYLE97CS1Tv0Np,Bjartari Timi,Elvar Arngrimsson,Bjartari Timi,spotify:album:5HqFQe90aLVx4ujcT0HqBv,SE4RG1946001,1,2020-05-05,2020-05-05,True,False,,6,2025-10-19 02:24:35
spotify:track:17znOPxGp4NctWeUxuDty2,17znOPxGp4NctWeUxuDty2,Shine,Tip Ferreira,Shine,spotify:album:6ApAQQnUtuP6pSeNyQfUyp,SE5IB1900072,1,2020-05-05,2020-05-05,True,False,,6,2025-10-19 02:24:37
spotify:track:0LRcLz3D9bHLPPVegJoFZL,0LRcLz3D9bHLPPVegJoFZL,Linger,Alexander Molina,Linger,spotify:album:67x2G6YcVVzuPCNR0kGBkI,SE5IB1900747,1,2020-05-05,2020-05-05,True,False,,6,2025-10-19 02:24:39
spotify:track:64yTTGTPOZos3UEouvO6tp,64yTTGTPOZos3UEouvO6tp,Den första snön,Maya Åström,Den första snön,spotify:album:134iaeUz9GxbTtG272YDkv,SE5W31921302,2,2020-05-05,2020-07-22,True,False,,6,2025-10-19 02:24:41
spotify:track:3MsVmtQmjTnEtOzr2w8tLY,3MsVmtQmjTnEtOzr2w8tLY,Cassiopeia,S.A. Karl,Cassiopeia,spotify:album:0gubGxfpz8pDbvZZdtlX18,SE5Q51829073,1,2020-05-05,2020-05-05,True,False,,6,2025-10-19 02:24:44
spotify:track:4FxBv8bgqpScS5dyacKtFU,4FxBv8bgqpScS5dyacKtFU,Pondering,Julien Thorsen,Pondering,spotify:album:0UIqXtP6Pn07CW3A6CgX0B,SE5W31940901,1,2020-05-05,2020-05-05,True,False,,6,2025-10-19 02:24:46
spotify:track:15ZP9NTsTc6QCI1AvONOlh,15ZP9NTsTc6QCI1AvONOlh,We Will Remain,Charlie Key,We Will Remain,spotify:album:3hSe9XZzLXppGtQxhwqqr6,SE4RG2001201,1,2020-05-05,2020-05-05,True,False,,6,2025-10-19 02:24:49
spotify:track:5pBLoBN7Gldy4IkezQpRF5,5pBLoBN7Gldy4IkezQpRF5,Equilibrium,Kendra Logozar,Equilibrium,spotify:album:2Ukjsv6DRK1jC5pXGGVQDZ,QMS8M2020001,1,2020-05-05,2020-05-05,True,False,,6,2025-10-19 02:24:50
spotify:track:7jYOivheBtZYcsnJhQOMXT,7jYOivheBtZYcsnJhQOMXT,Solitaire,Christopher Dicker,Solitaire,spotify:album:0pJKEJHiWZfkESbo8slz54,GBPS83847143,1,2020-05-05,2020-05-05,True,False,,6,2025-10-19 02:24:52
spotify:track:0CzTFsHrS0ujOi4bgKzHbx,0CzTFsHrS0ujOi4bgKzHbx,Lekko,Alonzo Gautier,Lekko,spotify:album:6dxT7N5W1I1W4ND0yEzM1n,SE5W31917101,1,2020-05-05,2020-05-05,True,False,,6,2025-10-19 02:24:54
spotify:track:5XRoYcuHF27qbnGzrwowex,5XRoYcuHF27qbnGzrwowex,Reflective Distance,Levandau,Reflective Distance,spotify:album:3OfsSIvnICFIHpN172oteS,SE5IB1901563,1,2020-05-05,2020-05-05,True,False,,6,2025-10-19 02:24:56
spotify:track:6lVU6ApQYMEXGCAmYyr6hz,6lVU6ApQYMEXGCAmYyr6hz,When the Curtains Fall,Adelisé,When the Curtains Fall,spotify:album:2EF5b8dJhxGiXn8o2ukHh5,SE5IB1901624,1,2020-05-05,2020-05-05,True,False,,6,2025-10-19 02:24:59
spotify:track:0HFgsB97rDWZgDmrXzgRPA,0HFgsB97rDWZgDmrXzgRPA,Enchantment,Kendra Logozar,Enchantment,spotify:album:5OX15l4pIvHJwkw9zj3M7S,QMS8M2020004,1,2020-05-05,2020-05-05,True,False,,6,2025-10-19 02:25:00
spotify:track:0kBBID6PJWjdh0Feew3rtW,0kBBID6PJWjdh0Feew3rtW,Samarcande,Limestone Quarry,Samarcande,spotify:album:1Jas47aIjJ4dJGnFtqnstU,SE5ZO2001001,1,2020-05-05,2020-05-05,True,False,,6,2025-10-19 02:25:03
spotify:track:1DHhmHbFGGiQVG3fStE6bf,1DHhmHbFGGiQVG3fStE6bf,The Morning After,Ricki Westberg,The Morning After,spotify:album:4qgnHamEDQl2MneGMS5rsG,SE5W31925102,1,2020-05-05,2020-05-05,True,False,,6,2025-10-19 02:25:05
spotify:track:3Nc2Rmz0exk0VW3fxOlViN,3Nc2Rmz0exk0VW3fxOlViN,Woodland,Evelyn Stein,Woodland,spotify:album:21BpjTXuhlZa4d9sSsCD0L,N/A,1,2020-05-05,2020-05-05,True,False,,6,2025-10-19 02:25:07
spotify:track:2XI89DtMACaXJpN2K63CKz,2XI89DtMACaXJpN2K63CKz,I Would Still Love You The Same,Benito Hidaka,I Would Still Love You The Same,spotify:album:1a4pmhBEVayyWsJjn86z2A,SE5W32049101,1,2020-05-05,2020-05-05,True,False,,6,2025-10-19 02:25:09
spotify:track:5VceRZmSDeW6y7ipxiwOvK,5VceRZmSDeW6y7ipxiwOvK,The Winding Paths,Regina Mira,October,spotify:album:3csL43PsskrOpVuXSRTw91,SE5IB1800911,1,2020-05-05,2020-05-05,True,False,,6,2025-10-19 02:25:11
spotify:track:3tTr7aNFBaUkH5O7KFB1wS,3tTr7aNFBaUkH5O7KFB1wS,La Fleur,Blithe Youth,La Fleur,spotify:album:6qec6hpXXfINiHHMnAvpHr,SE5ZO2001201,3,2020-05-05,2020-06-16,True,False,,6,2025-10-19 02:25:13
spotify:track:07tUhErHb7K8bdOcwyvbuK,07tUhErHb7K8bdOcwyvbuK,Unrequited,Josef Passagio,Unrequited,spotify:album:6TrZIMK6F5vNaw3Fpk18yb,SE5IB1800970,1,2020-05-05,2020-05-05,True,False,,6,2025-10-19 02:25:15
spotify:track:7kCQHbrTpu7lzm22uGMKMG,7kCQHbrTpu7lzm22uGMKMG,"Serenade No. 13 in G Major, K. 525 ""Eine kleine Nachtmusik"": I. Allegro (Featured in ""Nikita"")",Wolfgang Amadeus Mozart,Mozart: Kleine Nachtmusik (Eine) / Serenata Notturna / Divertimento No. 10,spotify:album:3qOQtMuGX3tnEH5Rox9mlN,HKI199274701,4,2020-06-23,2020-08-30,True,False,,7,2025-10-19 02:25:21
spotify:track:6XQHlsNu6so4PdglFkJQRJ,6XQHlsNu6so4PdglFkJQRJ,"City Of Stars - From ""La La Land"" Soundtrack",Ryan Gosling,La La Land,spotify:album:3GU8BzFEAdFSRjc8jZkL3S,USUG11600656,1,2020-06-23,2020-06-23,True,False,,7,2025-10-19 02:25:26
spotify:track:0dCz849F0J7tqudNK3rfZk,0dCz849F0J7tqudNK3rfZk,Moonstruck,Madd Pooch,Moonstruck,spotify:album:7CGNWHbBYW4O3uu7qiGUz4,QM42K1934414,1,2020-06-28,2020-06-28,True,False,,7,2025-10-19 02:25:44
spotify:track:3itkAAzzqxDOU0ZAvGc9SW,3itkAAzzqxDOU0ZAvGc9SW,Wenn ich dich seh,Detlef Lais,"Die Großen Deutschen Tanzorchester, Walter Dobschinski",spotify:album:0gDBZCx2hPUkFvwQWLRYzt,DEU240526642,1,2020-06-28,2020-06-28,True,False,,7,2025-10-19 02:26:03
spotify:track:1wRqNTm3U7lL8Z6VWsbbvp,1wRqNTm3U7lL8Z6VWsbbvp,Pneumothorax,Blueneck,Repetitions,spotify:album:1Jnjz9YxHxd0qXclj0aobm,DERK91110401,2,2020-06-28,2020-07-05,True,False,,7,2025-10-19 02:26:11
spotify:track:6rz46WBa5Q0aggDTHoQMkZ,6rz46WBa5Q0aggDTHoQMkZ,"Irgendwie, irgendwo, irgendwann (Special 12"" Dance Mix)",Nena,Feuer und Flamme,spotify:album:3oAza4o5zdDeYfhSZ9uOlX,DEE868400013,5,2020-06-28,2020-07-07,True,False,,7,2025-10-19 02:26:20
spotify:track:4wqeXpEgYgxTfY7qICZ44s,4wqeXpEgYgxTfY7qICZ44s,Scared to Show,Madd Pooch,Scared to Show,spotify:album:2QOfyHw6l6Sm83gubqfSwo,QM42K2027471,1,2020-06-28,2020-06-28,True,False,,7,2025-10-19 02:26:23
spotify:track:2gfjBI4JpXFQRnvmoUrAwt,2gfjBI4JpXFQRnvmoUrAwt,"Ae Re Chanda, Pt. 2 (Exposition)",Shankar Tucker,Filament,spotify:album:07GgCQjnuH3zDWJ337KC8j,TCACE1542801,1,2020-07-02,2020-07-02,True,False,,7,2025-10-19 02:26:27
spotify:track:6RRhNl9DnmAxFkAvbTQFNd,6RRhNl9DnmAxFkAvbTQFNd,"Allah Hi Reham (From ""My Name Is Khan"")",Shankar-Ehsaan-Loy,Best of SEL,spotify:album:1DoUBepfjvwB1NXGGKyDSF,INS170900503,1,2020-07-02,2020-07-02,True,False,,7,2025-10-19 02:26:30
spotify:track:2A5Q9jtBDkLa5ZUhkHugQx,2A5Q9jtBDkLa5ZUhkHugQx,Bhor Bhaye,Bade Ghulam Ali Khan,Delhi-6,spotify:album:2oEJvIPxiVWejbACLjq6Lh,INS180900097,1,2020-07-02,2020-07-02,True,False,,7,2025-10-19 02:26:32
spotify:track:3nO36g0IGLx6HipK45ExAo,3nO36g0IGLx6HipK45ExAo,"Aayat (From ""Bajirao Mastani)",Arijit Singh,Bajirao Mastani (Original Motion Picture Soundtrack),spotify:album:7HJVu7w2OoUHov9S936G5j,N/A,1,2020-07-03,2020-07-03,True,False,,7,2025-10-19 02:26:34
spotify:track:3Gci0MpHLo0QO5Mjgm2vqa,3Gci0MpHLo0QO5Mjgm2vqa,Thought of You,Rajiv Dhall,Thought of You,spotify:album:4bF4heAfaZ52RpNDyNVIqd,TCAEW2012133,1,2020-07-03,2020-07-03,True,False,,7,2025-10-19 02:26:40
spotify:track:5DSgo6sCcN3eM1EYVngt2j,5DSgo6sCcN3eM1EYVngt2j,Akhiyan Udeek Diyan,Indian Ocean,Akhiyan Udeek Diyan,spotify:album:0aiUJPzaJPKCCL2vR8oK5I,INT132001474,1,2020-07-04,2020-07-04,True,False,,7,2025-10-19 02:26:58
spotify:track:2gceOgRPfEZ8rQObdzBcLz,2gceOgRPfEZ8rQObdzBcLz,Red Virgin Soil,Agnes Obel,Citizen of Glass,spotify:album:78BjMfLH8YUXM6hbodHKmA,GBENL1601670,2,2020-07-05,2020-07-05,True,False,,7,2025-10-19 02:27:19
spotify:track:3fjoFeVDK2ifrZ4yOCwFYC,3fjoFeVDK2ifrZ4yOCwFYC,Untitled #4 - Njósnavélin,Sigur Rós,( ),spotify:album:3FR8CV7OSyZDnxneavnh8t,GBKEE1400380,1,2020-07-05,2020-07-05,True,False,,7,2025-10-19 02:27:23
spotify:track:2wOAeV7IE1vxJDn6LsaywO,2wOAeV7IE1vxJDn6LsaywO,Partita for 8 Singers: 3. Courante,Caroline Shaw,Caroline Shaw: Partita for 8 Voices,spotify:album:4LHSzEQPF6Iw20BGppFk31,US7MN1200391,1,2020-07-05,2020-07-05,True,False,,7,2025-10-19 02:27:29
spotify:track:2xN8RYKg69sdfoqtvYnwwM,2xN8RYKg69sdfoqtvYnwwM,Being Boiled - Fast Version / 2003 Digital Remaster,The Human League,Reproduction,spotify:album:7tc1nTdBA717D74uJ07VRn,GB01A0701071,10,2020-07-05,2023-10-25,True,False,,7,2025-10-19 02:27:50
spotify:track:5PjRukRNZ032TZmDDnJJA4,5PjRukRNZ032TZmDDnJJA4,Schwarze Materie,Ben Frost,Dark: Cycle 2 (Original Music From The Netflix Series),spotify:album:5ZxHANXAGnbwj5Vmb9MQag,QZ8BZ1900525,1,2020-07-05,2020-07-05,True,False,,7,2025-10-19 02:27:52
spotify:track:5qznZKWhRAOPqPjYA6tFzK,5qznZKWhRAOPqPjYA6tFzK,Winden 2053,Ben Frost,Dark: Cycle 2 (Original Music From The Netflix Series),spotify:album:5ZxHANXAGnbwj5Vmb9MQag,QZ8BZ1900526,1,2020-07-05,2020-07-05,True,False,,7,2025-10-19 02:27:55
spotify:track:0lsscg5oiAL0ThMJ9DAof2,0lsscg5oiAL0ThMJ9DAof2,Bootstrap,Ben Frost,Dark: Cycle 2 (Original Music From The Netflix Series),spotify:album:5ZxHANXAGnbwj5Vmb9MQag,QZ8BZ1900527,1,2020-07-05,2020-07-05,True,False,,7,2025-10-19 02:27:57
spotify:track:4w4ArfVSOiSfUeSRxfVmO5,4w4ArfVSOiSfUeSRxfVmO5,Alles In Einer Endlosen Schleife,Ben Frost,Dark: Cycle 2 (Original Music From The Netflix Series),spotify:album:5ZxHANXAGnbwj5Vmb9MQag,QZ8BZ1900528,1,2020-07-05,2020-07-05,True,False,,7,2025-10-19 02:27:59
spotify:track:1WbrLvprJ3Z5r3pYb3zZJR,1WbrLvprJ3Z5r3pYb3zZJR,Die Reisenden 1,Ben Frost,Dark: Cycle 2 (Original Music From The Netflix Series),spotify:album:5ZxHANXAGnbwj5Vmb9MQag,QZ8BZ1900529,1,2020-07-05,2020-07-05,True,False,,7,2025-10-19 02:28:02
spotify:track:2YPnRZ3unzSvBYTz7ylaEh,2YPnRZ3unzSvBYTz7ylaEh,Die Reisenden 2,Ben Frost,Dark: Cycle 2 (Original Music From The Netflix Series),spotify:album:5ZxHANXAGnbwj5Vmb9MQag,QZ8BZ1900534,1,2020-07-05,2020-07-05,True,False,,7,2025-10-19 02:28:04
spotify:track:3pJjwGFdHUcyAM3yPUXBdI,3pJjwGFdHUcyAM3yPUXBdI,Du Bist Ein So Guter Mensch,Ben Frost,Dark: Cycle 2 (Original Music From The Netflix Series),spotify:album:5ZxHANXAGnbwj5Vmb9MQag,QZ8BZ1900530,1,2020-07-05,2020-07-05,True,False,,7,2025-10-19 02:28:12
spotify:track:1v6MvcfUzevLX5XQWmQ1hT,1v6MvcfUzevLX5XQWmQ1hT,Jeder Bekommt Was Er Verdient,Ben Frost,Dark: Cycle 2 (Original Music From The Netflix Series),spotify:album:5ZxHANXAGnbwj5Vmb9MQag,QZ8BZ1900531,1,2020-07-05,2020-07-05,True,False,,7,2025-10-19 02:28:14
spotify:track:6WNCvpSc5sjiwJ3Z7Ey9F5,6WNCvpSc5sjiwJ3Z7Ey9F5,Folge Dem Signal,Ben Frost,Dark: Cycle 2 (Original Music From The Netflix Series),spotify:album:5ZxHANXAGnbwj5Vmb9MQag,QZ8BZ1900536,1,2020-07-05,2020-07-05,True,False,,7,2025-10-19 02:28:17
spotify:track:1oGhbzE7Gbcrg1g3h2M5CG,1oGhbzE7Gbcrg1g3h2M5CG,Die Apokalypse Muss Kommen,Ben Frost,Dark: Cycle 2 (Original Music From The Netflix Series),spotify:album:5ZxHANXAGnbwj5Vmb9MQag,QZ8BZ1900532,1,2020-07-05,2020-07-05,True,False,,7,2025-10-19 02:28:19
spotify:track:2z6QzJkeyMBtF1ai1nClQb,2z6QzJkeyMBtF1ai1nClQb,Wir Haben Keine Zeit Mehr,Ben Frost,Dark: Cycle 2 (Original Music From The Netflix Series),spotify:album:5ZxHANXAGnbwj5Vmb9MQag,QZ8BZ1900533,1,2020-07-05,2020-07-05,True,False,,7,2025-10-19 02:28:22
spotify:track:4TN3vVrNChAn8L2EbkNZTU,4TN3vVrNChAn8L2EbkNZTU,"Ich Dachte, Ich Haette Mehr Zeit",Ben Frost,Dark: Cycle 2 (Original Music From The Netflix Series),spotify:album:5ZxHANXAGnbwj5Vmb9MQag,QZ8BZ1900535,1,2020-07-05,2020-07-05,True,False,,7,2025-10-19 02:28:25
spotify:track:2PIjhYAm29TLF9vOe7Yflm,2PIjhYAm29TLF9vOe7Yflm,Der Weisse Teufel,Ben Frost,Dark: Cycle 2 (Original Music From The Netflix Series),spotify:album:5ZxHANXAGnbwj5Vmb9MQag,QZ8BZ1900538,7,2020-07-05,2021-12-10,True,False,,7,2025-10-19 02:28:30
spotify:track:3NpnrlBcEwRIgBs8tUrhyb,3NpnrlBcEwRIgBs8tUrhyb,Down on the Street - 2005 Remaster,The Stooges,Fun House,spotify:album:3FTcomSFg2zWSqWLRgBYpv,USEE10501225,1,2020-07-05,2020-07-05,True,False,,7,2025-10-19 02:28:32
spotify:track:3KPBh2wNoigGDMWQMeE7IV,3KPBh2wNoigGDMWQMeE7IV,Flames (with ZAYN),R3HAB,Flames (The EP),spotify:album:4hPWxYpXTkXlL4Z7yWrXbl,NLW4L1900211,5,2020-07-05,2023-03-28,True,False,,7,2025-10-19 02:28:41
spotify:track:0hWGN19owiVVfI2f3ePxij,0hWGN19owiVVfI2f3ePxij,People - Hindi Reprise,Nikhil D'Souza,People - Single,spotify:album:3ltUujzRKci71C5quo9TNS,INO132000451,3,2020-07-05,2021-07-26,True,False,,7,2025-10-19 02:28:49
spotify:track:6PrKZUXJPmBiobMN44yR8Y,6PrKZUXJPmBiobMN44yR8Y,The Ecstasy Of Gold - 2004 Remaster,Ennio Morricone,"The Good, The Bad And The Ugly",spotify:album:1oLT2HO5MVNS8U4kEuBvdJ,USNPD0800979,1,2020-07-06,2020-07-06,True,False,,7,2025-10-19 02:28:51
spotify:track:6opPrJUpq4Pl5c84eCwLmo,6opPrJUpq4Pl5c84eCwLmo,Gabriel's Oboe,Ennio Morricone,The Mission: Music From The Motion Picture,spotify:album:2fOlcWrSR032MxwMCQe9LA,GBAAA8600074,1,2020-07-06,2020-07-06,True,False,,7,2025-10-19 02:28:53
spotify:track:0c89GbbUO3degznx9eYrq0,0c89GbbUO3degznx9eYrq0,Once Upon a Time in the West - Main Theme,Ennio Morricone,Once Upon a Time in the West (Original Motion Picture Soundtrack),spotify:album:1mLXrA8oEtzeH6D45Zx4Bt,GBHGA1527873,1,2020-07-06,2020-07-06,True,False,,7,2025-10-19 02:28:55
spotify:track:4xx3UI7cLCk1awQPAPLeHj,4xx3UI7cLCk1awQPAPLeHj,Nuovo Cinema Paradiso,Ennio Morricone,Nuovo Cinema Paradiso (Original Motion Picture Soundtrack),spotify:album:0O1LCjDQ6gFjaLG05xj0xH,ITD060100001,1,2020-07-06,2020-07-06,True,False,,7,2025-10-19 02:28:57
spotify:track:1x6qO9TaYwCeUweMyWAQst,1x6qO9TaYwCeUweMyWAQst,"L'Arena - From ""Il Mercenario""",Ennio Morricone,Kill Bill Vol. 2 Original Soundtrack,spotify:album:0yrK3jKRexjtP4CRdYizjs,USRHD0530722,1,2020-07-06,2020-07-06,True,False,,7,2025-10-19 02:28:59
spotify:track:0aqenbYN5WrBHoUlSCE0rq,0aqenbYN5WrBHoUlSCE0rq,We'll Never Know,Akshay Nandakumar,Simple Things,spotify:album:5DYaSqdnEbtdXAHA4wgO8h,QZES71813106,1,2020-07-07,2020-07-07,True,False,,7,2025-10-19 02:29:06
spotify:track:4MTSrn9Ax55fMzBOFStdaP,4MTSrn9Ax55fMzBOFStdaP,Hello - Dream Levels,Parekh & Singh,Hello,spotify:album:2bwhrBpDJ0wJzHACCLqBMc,GBEWK1900002,1,2020-07-07,2020-07-07,True,False,,7,2025-10-19 02:29:08
spotify:track:3UcEVEWewecoudSytBUy8O,3UcEVEWewecoudSytBUy8O,Wake,Linkin Park,Minutes to Midnight,spotify:album:7pgs38iLfEqUtwgCRgvbND,USWB10701210,1,2020-07-08,2020-07-08,True,False,,7,2025-10-19 02:30:36
spotify:track:00VKR5XH5jid1AgUdFz4bs,00VKR5XH5jid1AgUdFz4bs,Session,Linkin Park,Meteora,spotify:album:0f7R0jf0pcTb6K6IVVPcMD,USWB10300473,4,2020-07-08,2022-09-20,True,False,,7,2025-10-19 02:31:17
spotify:track:6G7PVlifniapyhDCmWS2VM,6G7PVlifniapyhDCmWS2VM,Crazy for You - Edit,Madonna,The Immaculate Collection,spotify:album:5MzwGwnO9gkh0z6Nl4FF8h,USWB19903825,7,2020-07-11,2022-10-27,True,False,,7,2025-10-19 02:37:23
spotify:track:2C1Bhc9B8VoatLK71jcqpU,2C1Bhc9B8VoatLK71jcqpU,Help Me Out (with Julia Michaels),Maroon 5,Red Pill Blues,spotify:album:1Li4rADxSxjT2g4xqUcMYh,USUM71710606,8,2020-07-11,2022-11-26,True,False,,7,2025-10-19 02:38:52
spotify:track:05D0U7BMNjaM1ABkHJSSlw,05D0U7BMNjaM1ABkHJSSlw,I Want It All - Original Version,High School Musical Cast,High School Musical 3: Senior Year,spotify:album:3bG3LDbQ56Q6eFKYGCtP0W,USWD10834839,1,2020-07-11,2020-07-11,True,False,,7,2025-10-19 02:39:19
spotify:track:0snJPdoZFqVuISdJeAyHGV,0snJPdoZFqVuISdJeAyHGV,Senior Year Spring Musical - Original Version,High School Musical Cast,High School Musical 3: Senior Year,spotify:album:3bG3LDbQ56Q6eFKYGCtP0W,USWD10834895,1,2020-07-11,2020-07-11,True,False,,7,2025-10-19 02:39:21
spotify:track:0Ac0Ge47UpkVceZyPin7IP,0Ac0Ge47UpkVceZyPin7IP,Against All Odds (Take A Look at Me Now) (feat. Westlife),Mariah Carey,Coast To Coast,spotify:album:6P1sBa0T1fRooA0UTAQfOu,USSM10015027,7,2020-07-11,2023-06-24,True,False,,7,2025-10-19 02:39:54
spotify:track:6xEmTD4ZPP8XUG4JYr0Agc,6xEmTD4ZPP8XUG4JYr0Agc,Naagmani,Shehnai Guy,Naagmani,spotify:album:7JqCcR0k8wFElianjJE6Ns,TCAEW2072126,1,2020-07-14,2020-07-14,True,False,,7,2025-10-19 02:43:21
spotify:track:0NNbu5r01UaqvlZNNb7VGe,0NNbu5r01UaqvlZNNb7VGe,The Spreadsheet,Me And Reed,The Spreadsheet,spotify:album:58ot9dGVNkok5TvBnZxGMB,DELJ82004942,1,2020-07-14,2020-07-14,True,False,,7,2025-10-19 02:43:50
spotify:track:07pRTCiGDg9GqThu27knkF,07pRTCiGDg9GqThu27knkF,Cosmonautica,[ocean jams],Cosmonautica,spotify:album:7MjwEfu71gddeDjQhAet1P,SE5Q51903292,1,2020-07-14,2020-07-14,True,False,,7,2025-10-19 02:43:56
spotify:track:5fI5ldwiN7QngkKf4Pb7eb,5fI5ldwiN7QngkKf4Pb7eb,Outlook,Sebastian Kamae,Outlook,spotify:album:4YaGRZmlIlDDKJfTg5Ei9I,QZK6Q1960907,1,2020-07-14,2020-07-14,True,False,,7,2025-10-19 02:43:58
spotify:track:0sseNxmnDI3SEgfg9g6uDP,0sseNxmnDI3SEgfg9g6uDP,Kaiketsu,SamuW,Atami,spotify:album:4A8tI4zOvBvQUW4xpiDPee,DEQ021912426,1,2020-07-14,2020-07-14,True,False,,7,2025-10-19 02:44:00
spotify:track:660obXPnMHkpoZk0Z7a0Lh,660obXPnMHkpoZk0Z7a0Lh,Daffodils,Musqitone,Daffodils,spotify:album:5IdYIMkKY0YdJc09QLZPGj,SE6I31973100,1,2020-07-14,2020-07-14,True,False,,7,2025-10-19 02:44:02
spotify:track:59ZFmtkx5i0XUovH6raOBJ,59ZFmtkx5i0XUovH6raOBJ,Crossroads,Hanz,Chillhop Essentials Winter 2018,spotify:album:0NnH7FYcOqLW6ZrK26qDjk,GBLV61811339,1,2020-07-14,2020-07-14,True,False,,7,2025-10-19 02:44:04
spotify:track:2IyZHf11b0mmL3K3jYyqMM,2IyZHf11b0mmL3K3jYyqMM,Wonders of the Unknown,Behind Clouds,The Unknown,spotify:album:4uioVAbtZNAQg2bPHajD5X,QM24S1834231,1,2020-07-14,2020-07-14,True,False,,7,2025-10-19 02:44:07
spotify:track:0PO1YxbnvzYayge7GgQFQ2,0PO1YxbnvzYayge7GgQFQ2,Better Together,Lofi Fruits Music,Better Together,spotify:album:6VgqGfedjO7iBe29uE1UqB,GBSMU7314996,1,2020-07-14,2020-07-14,True,False,,7,2025-10-19 02:44:09
spotify:track:5qfzAcduILcj6euaPXfRNC,5qfzAcduILcj6euaPXfRNC,Jazzin',Sweet Medicine,Jazzin',spotify:album:5xvqxNDcVdWPidCqACHUut,QZES82054023,1,2020-07-14,2020-07-14,True,False,,7,2025-10-19 02:44:11
spotify:track:3RTxHWoCTSlSMv9z7UETza,3RTxHWoCTSlSMv9z7UETza,Frosty,Sleepermane,Frosty,spotify:album:2BoY0c3uBdhjGSaEbDtc6U,QZK6Q1979051,1,2020-07-14,2020-07-14,True,False,,7,2025-10-19 02:44:17
spotify:track:5pJmHZ1Yirt5tzmVaYOhya,5pJmHZ1Yirt5tzmVaYOhya,No Sleep,Bobby Dreamz BIG,No Sleep,spotify:album:3WkynbrSWZZJASYLaAR8nD,DEQ022001886,1,2020-07-14,2020-07-14,True,False,,7,2025-10-19 02:44:19
spotify:track:7Ac8RyuxPPsHv2trlZEIhk,7Ac8RyuxPPsHv2trlZEIhk,where you want to go?,eevee,ep unknown,spotify:album:6nN63TAIzuKrnmMlWNoERg,DEQ021910163,1,2020-07-14,2020-07-14,True,False,,7,2025-10-19 02:44:21
spotify:track:4Yes2woX4msodSHfAJ9OyQ,4Yes2woX4msodSHfAJ9OyQ,below zero,ENRA,below zero,spotify:album:5z19NlIYmXDRJi9x3xhFmF,QZK6P1990684,1,2020-07-14,2020-07-14,True,False,,7,2025-10-19 02:44:24
spotify:track:13dy7U1olaHEBqd009EPDl,13dy7U1olaHEBqd009EPDl,swept away,Lunchmoney,swept away,spotify:album:5bswwUPK82Zeu2dNTvBwPy,QZK6P1924326,1,2020-07-14,2020-07-14,True,False,,7,2025-10-19 02:44:26
spotify:track:7dsGyuU3FLnaLBijexJhJW,7dsGyuU3FLnaLBijexJhJW,Chamomile,Cat Paw,Chamomile,spotify:album:49pHAGfg14SetfNFQu2Qsu,QZHNB1996700,1,2020-07-14,2020-07-14,True,False,,7,2025-10-19 02:44:28
spotify:track:6DaaCVx7jYnPf698tcVOiO,6DaaCVx7jYnPf698tcVOiO,Guadalajara,Kaizen 92,Smooth Winds,spotify:album:3ZRGOQHTkxfmBE0ukfdoeT,USANG2082308,1,2020-07-14,2020-07-14,True,False,,7,2025-10-19 02:44:29
spotify:track:1hwsXtpdJ9ELgfVhTpnpia,1hwsXtpdJ9ELgfVhTpnpia,Chills 'n Tales,Stan Folds,Chills 'n Tales,spotify:album:5XlC6MvLAJlNG2aJeoYO91,TCAEO1906306,1,2020-07-14,2020-07-14,True,False,,7,2025-10-19 02:44:32
spotify:track:02k4B7Q0xho46YuE6gvy0n,02k4B7Q0xho46YuE6gvy0n,Obtain,JinSei,Obtain,spotify:album:3Pw8y4CeqJLTdW207C66U6,QZHNB1950708,1,2020-07-14,2020-07-14,True,False,,7,2025-10-19 02:44:34
spotify:track:093d2dr7hvzaxyaRIUAGNq,093d2dr7hvzaxyaRIUAGNq,Wine,David Cutter Music,Wine,spotify:album:1o22ilNHMvcSqDMx0JxOa3,QZHN81987019,1,2020-07-14,2020-07-14,True,False,,7,2025-10-19 02:44:36
spotify:track:34LxyFgZRD3BZcNA56vVOT,34LxyFgZRD3BZcNA56vVOT,Crooked Teeth,.anxious.,Crooked Teeth,spotify:album:15BfngofzTfYSSM9rrNZkI,QM24S1927773,1,2020-07-14,2020-07-14,True,False,,7,2025-10-19 02:44:42
spotify:track:7bJ4RdquDO1A29rJ34tiMz,7bJ4RdquDO1A29rJ34tiMz,SaDa,furino,SaDa,spotify:album:1alrJ841wrZewCQYfqwtVs,QZHN81950464,1,2020-07-14,2020-07-14,True,False,,7,2025-10-19 02:44:44
spotify:track:09z0KhqgKDpjmHSk9Uhz9J,09z0KhqgKDpjmHSk9Uhz9J,Topfen,Lilac,Topfen,spotify:album:44qvBWHYbZVgqdtoxuROOh,QZK6Q1937186,1,2020-07-14,2020-07-14,True,False,,7,2025-10-19 02:44:46
spotify:track:2mKht77kfPCde5fOCIBfSi,2mKht77kfPCde5fOCIBfSi,V.,Houis,Nocturnal,spotify:album:0JFGc8K3o9Dl1NR9JLTF8b,QM78L2000092,1,2020-07-14,2020-07-14,True,False,,7,2025-10-19 02:44:48
spotify:track:2Xn5gWFtWVIjS2BD02g2vK,2Xn5gWFtWVIjS2BD02g2vK,Drift Away,JinSei,Drift Away,spotify:album:5ZM2HtM8UEc8ojzRkAJE13,QZK6N1934169,1,2020-07-14,2020-07-14,True,False,,7,2025-10-19 02:44:54
spotify:track:2wiH4zVyvCfadVrhGiKDxH,2wiH4zVyvCfadVrhGiKDxH,Cherry Tomatoes,Guustavv,Tid,spotify:album:11vJERkB9FjmZVaCGvfasJ,SE5Q51903892,1,2020-07-14,2020-07-14,True,False,,7,2025-10-19 02:44:56
spotify:track:6LoeOsb4PfpP0ph9iMsvUf,6LoeOsb4PfpP0ph9iMsvUf,Atrebor,Flughand,Atrebor,spotify:album:0Kkj075WxX8LUr1WZahm4p,FR9Z61900285,1,2020-07-14,2020-07-14,True,False,,7,2025-10-19 02:44:58
spotify:track:52rHM2pE7NAcy0BSHeVvCi,52rHM2pE7NAcy0BSHeVvCi,Wonka Bar,Remulak,Wonka Bar,spotify:album:4Af8TZHG4TJSSV0on0BVjh,DELJ81964398,1,2020-07-14,2020-07-14,True,False,,7,2025-10-19 02:45:00
spotify:track:2JwYE16qcfGd0I4kEhtNE0,2JwYE16qcfGd0I4kEhtNE0,Wake Up to Snow,Nokiaa,Wake Up to Snow,spotify:album:7aHv606T7hs9wbsK1qosVP,QZHN71926692,1,2020-07-14,2020-07-14,True,False,,7,2025-10-19 02:45:02
spotify:track:5H8QUv9JXsi9aPEFxt3NBZ,5H8QUv9JXsi9aPEFxt3NBZ,In Here.,yeyts.,In Here.,spotify:album:5E0Rms3DLvJU2x8Ln7al3m,FR9Z61900276,1,2020-07-14,2020-07-14,True,False,,7,2025-10-19 02:45:05
spotify:track:4Y3EegnlSZe3AtJGP7TWUz,4Y3EegnlSZe3AtJGP7TWUz,Iris,Sleepermane,Iris,spotify:album:35E9f2qQSTr4Z7w7PnFDeP,QZFYX2001993,1,2020-07-14,2020-07-14,True,False,,7,2025-10-19 02:45:07
spotify:track:035SD8i1kub2mdW5ljFhjS,035SD8i1kub2mdW5ljFhjS,Lvndr,Lilac,Vrbna // lvndr,spotify:album:7ubnhrfZJeBi57fARZPiaP,QZDA61989693,1,2020-07-14,2020-07-14,True,False,,7,2025-10-19 02:45:09
spotify:track:4llpWUJEWKHGVZzYv1nYid,4llpWUJEWKHGVZzYv1nYid,Save Me,H E R B,Existance,spotify:album:4jBPcp9a5pcjY1Q44qKZtg,QZB4J1820929,1,2020-07-14,2020-07-14,True,False,,7,2025-10-19 02:45:11
spotify:track:4zMdab1CnihodiQ9WKYYlC,4zMdab1CnihodiQ9WKYYlC,spirals,Slowheal,perceptions,spotify:album:5ItTUf2zFDlE2aPtlIN9L9,QM24S1829104,1,2020-07-14,2020-07-14,True,False,,7,2025-10-19 02:45:13
spotify:track:4BsBKk28LGZUD0KZlwLysy,4BsBKk28LGZUD0KZlwLysy,ragazza al mare,Wun Two,ragazza al mare,spotify:album:04RlX8oGeqFzrzz4l7N03K,DEQ021912613,1,2020-07-14,2020-07-14,True,False,,7,2025-10-19 02:45:15
spotify:track:43kJ5pr7YJJkr985hAQzwX,43kJ5pr7YJJkr985hAQzwX,Rainbow Mountain,Shimo,Rainbow Mountain,spotify:album:2O04F1khafVgGI0JN0qmRZ,QZFZ61948972,1,2020-07-14,2020-07-14,True,False,,7,2025-10-19 02:45:17
spotify:track:62SSYJZ70LM4WjPfZZlvQs,62SSYJZ70LM4WjPfZZlvQs,I Thought I Had You,Kayou.,I Thought I Had You,spotify:album:6jnb7B0JuOKgFqzwg2QZXD,QZ4JJ1993221,1,2020-07-14,2020-07-14,True,False,,7,2025-10-19 02:45:19
spotify:track:5eR4ZMLMz4MlHLc8BKWtWC,5eR4ZMLMz4MlHLc8BKWtWC,Forest Canopy,iamalex,Forest Canopy,spotify:album:5VOPubV1xMQhjU8migQX6J,QZHNB1965624,1,2020-07-14,2020-07-14,True,False,,7,2025-10-19 02:45:21
spotify:track:6BAUkR93Y0Q2SVjc96AS92,6BAUkR93Y0Q2SVjc96AS92,Slothin',Snaer.,Slothin',spotify:album:03VkvzqDKmz0cHpolbTsz8,QZK6P1927741,1,2020-07-14,2020-07-14,True,False,,7,2025-10-19 02:45:23
spotify:track:64D3dzWyj0GpQT1AHx4kbK,64D3dzWyj0GpQT1AHx4kbK,Panic - 2011 Remaster,The Smiths,Louder Than Bombs,spotify:album:45StnugV9WQMQwk4rRoTy8,GBCRL1100073,24,2020-07-14,2023-12-13,True,False,,7,2025-10-19 02:45:30
spotify:track:6p3bhE5jahFtOk9QVNFnNY,6p3bhE5jahFtOk9QVNFnNY,Death at One's Elbow - 2011 Remaster,The Smiths,"Strangeways, Here We Come",spotify:album:7jfexk2w5aDI25njkN0UGg,GBCRL1100065,1,2020-07-14,2020-07-14,True,False,,7,2025-10-19 02:45:32
spotify:track:3mkS1alZdcdBQuIMad8aee,3mkS1alZdcdBQuIMad8aee,There Is a Light That Never Goes Out - 2017 Master,The Smiths,The Queen Is Dead,spotify:album:0vlgxCvO6LQXTR06b8r2rj,GBAHT1700335,1,2020-07-14,2020-07-14,True,False,,7,2025-10-19 02:45:34
spotify:track:4tFGNFIIZ9ANSewxGZyiDD,4tFGNFIIZ9ANSewxGZyiDD,The Headmaster Ritual - 2011 Remaster,The Smiths,Meat Is Murder,spotify:album:5DM1qCdgGt2zbknnsVn1Ca,GBCRL1100037,1,2020-07-14,2020-07-14,True,False,,7,2025-10-19 02:45:36
spotify:track:3PVVqlxFpXmU46iqAVG4Jg,3PVVqlxFpXmU46iqAVG4Jg,I Started Something I Couldn't Finish - 2011 Remaster,The Smiths,"Strangeways, Here We Come",spotify:album:7jfexk2w5aDI25njkN0UGg,GBCRL1100058,1,2020-07-14,2020-07-14,True,False,,7,2025-10-19 02:45:39
spotify:track:35WDTZhAwkoBF65jGTzF2O,35WDTZhAwkoBF65jGTzF2O,Barbarism Begins at Home - 2011 Remaster,The Smiths,Meat Is Murder,spotify:album:5DM1qCdgGt2zbknnsVn1Ca,GBCRL1100044,1,2020-07-14,2020-07-14,True,False,,7,2025-10-19 02:45:41
spotify:track:5LN7Ksyvl05hFaGUnXocxR,5LN7Ksyvl05hFaGUnXocxR,I Know It's Over - 2017 Master,The Smiths,The Queen Is Dead,spotify:album:0vlgxCvO6LQXTR06b8r2rj,GBAHT1700329,1,2020-07-14,2020-07-14,True,False,,7,2025-10-19 02:45:44
spotify:track:2AdRSHeYmDGMrgIfiS2w7K,2AdRSHeYmDGMrgIfiS2w7K,Ask - 2011 Remaster,The Smiths,Louder Than Bombs,spotify:album:45StnugV9WQMQwk4rRoTy8,GBCRL1100074,2,2020-07-14,2022-10-17,True,False,,7,2025-10-19 02:45:46
spotify:track:3OS4XXm4S42pnESQmtN9MG,3OS4XXm4S42pnESQmtN9MG,Well I Wonder - 2011 Remaster,The Smiths,Meat Is Murder,spotify:album:5DM1qCdgGt2zbknnsVn1Ca,GBCRL1100043,2,2020-07-14,2022-10-17,True,False,,7,2025-10-19 02:45:48
spotify:track:1rkbMXhEjIytsUGbhoR5pn,1rkbMXhEjIytsUGbhoR5pn,Life in Technicolor,Coldplay,Viva La Vida or Death and All His Friends,spotify:album:1CEODgTmTwLyabvwd7HBty,GBAYE0800253,12,2020-07-14,2023-08-04,True,False,,7,2025-10-19 02:46:09
spotify:track:0hfBRQVuRT2R8KDwjjir1q,0hfBRQVuRT2R8KDwjjir1q,The Real Slim Shady - Instrumental,Eminem,The Marshall Mathers LP,spotify:album:5H0rjI1TW8F2tORPYMJXHJ,USIR10000450,5,2020-07-17,2022-08-29,True,False,,7,2025-10-19 02:48:25
spotify:track:7iIzwqG5UxPYwTYUUK4pzU,7iIzwqG5UxPYwTYUUK4pzU,Tell Me U Luv Me (with Trippie Redd),Juice WRLD,Legends Never Die,spotify:album:1R6vbGGXSEZZmTGn7ewwRL,USUG12001897,3,2020-07-21,2020-08-06,True,False,,7,2025-10-19 02:49:13
spotify:track:66FgjA5ZQJJuypFG1bc8se,66FgjA5ZQJJuypFG1bc8se,Hate The Other Side (with Marshmello & The Kid Laroi),Juice WRLD,Legends Never Die,spotify:album:1R6vbGGXSEZZmTGn7ewwRL,USUG12002092,2,2020-07-21,2020-07-21,True,False,,7,2025-10-19 02:49:15
spotify:track:7y7w4tl4MaRC2UMEj1mPtr,7y7w4tl4MaRC2UMEj1mPtr,Come & Go (with Marshmello),Juice WRLD,Legends Never Die,spotify:album:1R6vbGGXSEZZmTGn7ewwRL,USUG12001904,1,2020-07-21,2020-07-21,True,False,,7,2025-10-19 02:49:23
spotify:track:5OkKOkdVTKFrYi6GWXkMzR,5OkKOkdVTKFrYi6GWXkMzR,Volare (Nel Blu Di Pinto Di Blu) - Remastered 1998,Dean Martin,This Is Dean Martin,spotify:album:7dfnxOYh1XR9AKqCcGckGX,USCA29801802,17,2020-07-22,2025-04-26,True,False,,7,2025-10-19 02:49:37
spotify:track:5R6519S0QFYgKoSqN7mhmH,5R6519S0QFYgKoSqN7mhmH,Sweet Dreams (Of You) - Single Version,Patsy Cline,Sweet Dreams: The Life And Times Of Patsy Cline,spotify:album:4Gs8bZGNfuJRfVnzK2yMNu,USMC16347346,13,2020-07-22,2025-07-12,True,False,,7,2025-10-19 02:49:46
spotify:track:0v9RKWbxAY2y6HUWCGQ5Pt,0v9RKWbxAY2y6HUWCGQ5Pt,Pretend You Don't See Her (with Percy Faith & His Orchestra),Jerry Vale,Greatest Hits,spotify:album:1jhC6ibUdf3lgFNlchtEjb,USSM15700448,7,2020-07-22,2022-09-08,True,False,,7,2025-10-19 02:49:52
spotify:track:6u3YEpTK7Hc4mc2TIXCZeB,6u3YEpTK7Hc4mc2TIXCZeB,If You Must Go,Larry McDavid,If You Must Go,spotify:album:3jEulBsDS8z6IMdS3GzSmd,SE5W32055201,2,2020-07-23,2020-07-23,True,False,,7,2025-10-19 02:50:06
spotify:track:3phw912iJRhtMfsdJ1k3Sr,3phw912iJRhtMfsdJ1k3Sr,"Darasal (From ""Raabta"")",Atif Aslam,"Darasal (From ""Raabta"")",spotify:album:3ddS3O1EvJCSdp595ThD3h,INS181700993,3,2020-07-25,2025-03-13,True,False,,7,2025-10-19 02:51:53
spotify:track:6jxUsMTsbwxOm7Bkivq00l,6jxUsMTsbwxOm7Bkivq00l,Ocean - Dream Levels,Parekh & Singh,Ocean (Deluxe),spotify:album:2m6QtiAK9QdzPb8acllaac,GBEWK1700011,1,2020-07-25,2020-07-25,True,False,,7,2025-10-19 02:52:36
spotify:track:4Lxseh0wN7N0ljiOh8KwbU,4Lxseh0wN7N0ljiOh8KwbU,Come & Go (with Marshmello),Juice WRLD,Come & Go (with Marshmello),spotify:album:5Cje8lHuyJG88V5Rvx21mm,USUG12001904,32,2020-07-25,2023-04-20,True,False,,7,2025-10-19 02:53:05
spotify:track:7zrjXpTiMLft7pocXKTw4f,7zrjXpTiMLft7pocXKTw4f,"Symphony No. 41 in C Major, K. 551 ""Jupiter"": I. Allegro vivace",Wolfgang Amadeus Mozart,"Mozart: Symphonies Nos. 25, 32 and 41",spotify:album:67F4UiA4Y9791iqlaWxDkJ,HKI199280501,1,2020-07-27,2020-07-27,True,False,,7,2025-10-19 02:53:26
spotify:track:1m4ZjbibTvvmYIJyXAIuxv,1m4ZjbibTvvmYIJyXAIuxv,Fawkes the Phoenix,John Williams,Harry Potter and The Chamber of Secrets/ Original Motion Picture Soundtrack,spotify:album:5nzzU118YRlXdhjRMb3fq0,USAT20202434,1,2020-07-27,2020-07-27,True,False,,7,2025-10-19 02:53:28
spotify:track:0HyTGa3AIPNMKevxgUDA1V,0HyTGa3AIPNMKevxgUDA1V,Dobby the House Elf,John Williams,Harry Potter and The Chamber of Secrets/ Original Motion Picture Soundtrack,spotify:album:5nzzU118YRlXdhjRMb3fq0,USAT20202442,1,2020-07-27,2020-07-27,True,False,,7,2025-10-19 02:53:31
spotify:track:1K5rVNUCHQ3OY61BYbxlpz,1K5rVNUCHQ3OY61BYbxlpz,Dueling the Basilisk,John Williams,Harry Potter and The Chamber of Secrets/ Original Motion Picture Soundtrack,spotify:album:5nzzU118YRlXdhjRMb3fq0,USAT20202466,1,2020-07-27,2020-07-27,True,False,,7,2025-10-19 02:53:33
spotify:track:62NWNNurPM7bKIlclxDk98,62NWNNurPM7bKIlclxDk98,Meeting Tom Riddle,John Williams,Harry Potter and The Chamber of Secrets/ Original Motion Picture Soundtrack,spotify:album:5nzzU118YRlXdhjRMb3fq0,USAT20202457,1,2020-07-27,2020-07-27,True,False,,7,2025-10-19 02:53:35
spotify:track:5RocoiMnWOShtMQIfdKL0o,5RocoiMnWOShtMQIfdKL0o,Cornish Pixies,John Williams,Harry Potter and The Chamber of Secrets/ Original Motion Picture Soundtrack,spotify:album:5nzzU118YRlXdhjRMb3fq0,USAT20202458,1,2020-07-27,2020-07-27,True,False,,7,2025-10-19 02:53:37
spotify:track:7hn8Q8WAxFdL4aZ159GI7C,7hn8Q8WAxFdL4aZ159GI7C,A Thousand Years (feat. Steve Kazee) - Pt. 2; The Twilight Saga: Breaking Dawn Soundtrack,Christina Perri,The Twilight Saga: Breaking Dawn - Part 2,spotify:album:6lJrqUXdCpEINx1fi5EqMa,USAT21206055,2,2020-07-31,2024-06-02,True,False,,7,2025-10-19 02:54:33
spotify:track:4GiHy6pLOFdrlXrpLn7Ykf,4GiHy6pLOFdrlXrpLn7Ykf,Locked Away,The Revisit Project,Locked Away,spotify:album:4Khj4h7EBEALoqqHRUhpQc,usl4q2065290,1,2020-10-14,2020-10-14,True,False,,8,2025-10-19 02:56:51
spotify:track:4vOElXsN9pB63rxcRV55tW,4vOElXsN9pB63rxcRV55tW,Home Alone,Hanita Bhambri,Home Alone,spotify:album:0saEF9ixZrT50jbiM8CUdY,USHM92033359,1,2020-10-14,2020-10-14,True,False,,8,2025-10-19 02:56:53
spotify:track:3OJKk6AqbM4iWUqcrTu3Fo,3OJKk6AqbM4iWUqcrTu3Fo,Soch Lo,Goyell Saab,Soch Lo,spotify:album:2B2JbYEFnqcZE0fRHG88XP,QZK6G2057613,1,2020-10-14,2020-10-14,True,False,,8,2025-10-19 02:56:59
spotify:track:0nTSUFFTkFusEmJSXQEQYB,0nTSUFFTkFusEmJSXQEQYB,Small Talk,Dipan Basak,Small Talk,spotify:album:4vuOs5JLr0T66s707OneSP,QZGWX2030278,1,2020-10-14,2020-10-14,True,False,,8,2025-10-19 02:57:01
spotify:track:731U0IOIp83sTQWbQeA67N,731U0IOIp83sTQWbQeA67N,Kami Hai,Abhin & Tanish,Kami Hai,spotify:album:4rvB7pU7ikqxucUAFbTQrh,usl4q2017243,1,2020-10-14,2020-10-14,True,False,,8,2025-10-19 02:57:03
spotify:track:5Ji2bF7z668lB3kmp5E2Wr,5Ji2bF7z668lB3kmp5E2Wr,Raga Bhairavi / Thumri: Tala - Deepchandi,Bhimsen Joshi,Indian Classical Music,spotify:album:5tX4GrnMulZfRUN49zxkW1,SEAGA1700905,1,2020-10-18,2020-10-18,True,False,,8,2025-10-19 02:57:17
spotify:track:72BvKXKTYbDZeUGds0jyKd,72BvKXKTYbDZeUGds0jyKd,Bandish Bandits Theme,Shankar-Ehsaan-Loy,Bandish Bandits - Original Series Soundtrack,spotify:album:778BLlKdQHXXzKm6XEiqTz,INS172002558,1,2020-10-18,2020-10-18,True,False,,8,2025-10-19 02:57:26
spotify:track:60kOypNLPPPRJprwExmZPX,60kOypNLPPPRJprwExmZPX,Couple Goals,Shankar-Ehsaan-Loy,Bandish Bandits - Original Series Soundtrack,spotify:album:778BLlKdQHXXzKm6XEiqTz,INS172002550,1,2020-10-18,2020-10-18,True,False,,8,2025-10-19 02:57:28
spotify:track:5eWlwaw7MOWdw8QXEGhfN4,5eWlwaw7MOWdw8QXEGhfN4,Dhara Hogi,Shankar-Ehsaan-Loy,Bandish Bandits - Original Series Soundtrack,spotify:album:778BLlKdQHXXzKm6XEiqTz,INS172002553,2,2020-10-18,2020-11-27,True,False,,8,2025-10-19 02:57:30
spotify:track:2IZxoVkMYXvSDZ9bJLKgZM,2IZxoVkMYXvSDZ9bJLKgZM,Virah,Shankar-Ehsaan-Loy,Bandish Bandits - Original Series Soundtrack,spotify:album:778BLlKdQHXXzKm6XEiqTz,INS172002552,2,2020-10-18,2020-11-27,True,False,,8,2025-10-19 02:57:32
spotify:track:30PPEJ1pEhtVnrgVNK5MEw,30PPEJ1pEhtVnrgVNK5MEw,Chedkhaniyaan,Shankar-Ehsaan-Loy,Bandish Bandits - Original Series Soundtrack,spotify:album:778BLlKdQHXXzKm6XEiqTz,INS172002549,2,2020-10-18,2023-04-22,True,False,,8,2025-10-19 02:57:34
spotify:track:3StBtW3cANtA6ZGwIzT8z2,3StBtW3cANtA6ZGwIzT8z2,Garaj Garaj,Shankar-Ehsaan-Loy,Bandish Bandits - Original Series Soundtrack,spotify:album:778BLlKdQHXXzKm6XEiqTz,INS172002556,1,2020-10-18,2020-10-18,True,False,,8,2025-10-19 02:57:36
spotify:track:7G1XldXbXGnKeXzRrUOfZC,7G1XldXbXGnKeXzRrUOfZC,Padharo Maare Des,Shankar-Ehsaan-Loy,Bandish Bandits - Original Series Soundtrack,spotify:album:778BLlKdQHXXzKm6XEiqTz,INS172002557,2,2020-10-18,2020-11-27,True,False,,8,2025-10-19 02:57:38
spotify:track:1TOQb1AwnZLzrAu4VXZUIO,1TOQb1AwnZLzrAu4VXZUIO,Garaj Garaj Jugalbandi,Shankar-Ehsaan-Loy,Bandish Bandits - Original Series Soundtrack,spotify:album:778BLlKdQHXXzKm6XEiqTz,INS172002554,1,2020-10-18,2020-10-18,True,False,,8,2025-10-19 02:57:40
spotify:track:1oJqurjdhjd5zpmP5byU3b,1oJqurjdhjd5zpmP5byU3b,Mastiyaapa,Shankar-Ehsaan-Loy,Bandish Bandits - Original Series Soundtrack,spotify:album:778BLlKdQHXXzKm6XEiqTz,INS172002555,1,2020-10-18,2020-10-18,True,False,,8,2025-10-19 02:57:42
spotify:track:0S4RRHB2fK34QcTraCsXw0,0S4RRHB2fK34QcTraCsXw0,Kandhon Se Milte Hain Kandhe,Shankar-Ehsaan-Loy,Lakshya (Original Motion Picture Soundtrack),spotify:album:2U02MTp5MJnqV54xsJOVIe,INS170400021,1,2020-10-18,2020-10-18,True,False,,8,2025-10-19 02:57:44
spotify:track:3E424W0IJS3ypZ4YOxE0Jn,3E424W0IJS3ypZ4YOxE0Jn,Kahin To,Rashid Ali,Jaane Tu... Ya Jaane Na,spotify:album:7J5iE51Mk97Mf0BjjwYXUZ,INS180804914,99,2020-10-25,2024-10-03,True,False,,8,2025-10-19 02:58:10
spotify:track:5j5vCuBjS1sFWywWUnkJqV,5j5vCuBjS1sFWywWUnkJqV,"Kehna Hi Kya - From ""Bombay""",K. S. Chithra,Bombay,spotify:album:2oPdRL0fDdnW9e1zoMnrDk,INP100300058,1,2020-10-25,2020-10-25,True,False,,8,2025-10-19 02:58:11
spotify:track:6nwRC0UkS1MdOOMjcJsrbX,6nwRC0UkS1MdOOMjcJsrbX,"Tu Hi Re - From ""Bombay""",Hariharan,Bombay,spotify:album:2oPdRL0fDdnW9e1zoMnrDk,INUM70500526,80,2020-10-30,2024-10-03,True,False,,8,2025-10-19 02:58:23
spotify:track:0WQiDwKJclirSYG9v5tayI,0WQiDwKJclirSYG9v5tayI,There Is a Light That Never Goes Out - 2011 Remaster,The Smiths,The Queen Is Dead,spotify:album:5Y0p2XCgRRIjna91aQE8q7,GBCRL1100054,40,2020-11-03,2024-10-03,True,False,,8,2025-10-19 02:58:28
spotify:track:1FvDJ9KGxcqwv1utyPL3JZ,1FvDJ9KGxcqwv1utyPL3JZ,This Charming Man - 2011 Remaster,The Smiths,The Smiths,spotify:album:6cI1XoZsOhkyrCwtuI70CN,GBCRL1100240,30,2020-11-03,2024-07-11,True,False,,8,2025-10-19 02:58:31
spotify:track:1YrnDTqvcnUKxAIeXyaEmU,1YrnDTqvcnUKxAIeXyaEmU,How Soon Is Now? - 2011 Remaster,The Smiths,Hatful of Hollow,spotify:album:1j57Q5ntVi7crpibb0h4sv,GBCRL1100068,33,2020-11-03,2024-07-11,True,False,,8,2025-10-19 02:58:33
spotify:track:2OErSh4oVVAUll0vHxdr6p,2OErSh4oVVAUll0vHxdr6p,Bigmouth Strikes Again - 2011 Remaster,The Smiths,The Queen Is Dead,spotify:album:5Y0p2XCgRRIjna91aQE8q7,GBCRL1100051,36,2020-11-03,2024-07-11,True,False,,8,2025-10-19 02:58:35
spotify:track:6BrMEbPSSj55nQhkgf6DnE,6BrMEbPSSj55nQhkgf6DnE,"Please, Please, Please, Let Me Get What I Want - 2011 Remaster",The Smiths,Hatful of Hollow,spotify:album:1j57Q5ntVi7crpibb0h4sv,GBCRL1100072,23,2020-11-03,2024-07-11,True,False,,8,2025-10-19 02:58:37
spotify:track:69Kzq3FMkDwiSFBQzRckFD,69Kzq3FMkDwiSFBQzRckFD,This Night Has Opened My Eyes - 2011 Remaster,The Smiths,Hatful of Hollow,spotify:album:1j57Q5ntVi7crpibb0h4sv,GBCAD1000139,30,2020-11-03,2024-07-11,True,False,,8,2025-10-19 02:58:39
spotify:track:3M2bD9SMYnJIPdrTKUnBd3,3M2bD9SMYnJIPdrTKUnBd3,I Know It's Over - 2011 Remaster,The Smiths,The Queen Is Dead,spotify:album:5Y0p2XCgRRIjna91aQE8q7,GBCRL1100048,37,2020-11-03,2024-07-11,True,False,,8,2025-10-19 02:58:41
spotify:track:1xaTREM89RbIxkcjlpf4Uw,1xaTREM89RbIxkcjlpf4Uw,Heaven Knows I'm Miserable Now - 2011 Remaster,The Smiths,Hatful of Hollow,spotify:album:1j57Q5ntVi7crpibb0h4sv,GBCRL1100070,21,2020-11-03,2024-07-11,True,False,,8,2025-10-19 02:58:44
spotify:track:5tG2ppIsY9kZNnEAwRxR8Q,5tG2ppIsY9kZNnEAwRxR8Q,"The Departed Tango (feat. Larry Saltzman, Jamey Haddad, Marc Ribot, Shawn Pelton & Tim Le Febvre)",Howard Shore,The Departed (Original Score),spotify:album:3Ek4PlDI2H5MU7KrvjzYv6,USAHF0600073,1,2020-11-06,2020-11-06,True,False,,8,2025-10-19 02:59:12
spotify:track:4yJZP61jBhVTesHBZ0gpQn,4yJZP61jBhVTesHBZ0gpQn,Fox on the Run - Single Version,Sweet,"Fox on the Run (from the ""Guardians of the Galaxy 2"" Trailer)",spotify:album:4HGPHhiAhhXOrr5K6G70tA,DEC767400020,7,2020-11-06,2024-09-12,True,False,,8,2025-10-19 02:59:13
spotify:track:7Jh1bpe76CNTCgdgAdBw4Z,7Jh1bpe76CNTCgdgAdBw4Z,Heroes - 2017 Remaster,David Bowie,"""Heroes""",spotify:album:4I5zzKYd2SKDgZ9DRf5LVk,USJT11700005,17,2020-11-10,2023-01-10,True,False,,8,2025-10-19 02:59:34
spotify:track:1ZBsdS9S7ZItIj6x6a6cNG,1ZBsdS9S7ZItIj6x6a6cNG,Sweet Dreams,Roy Buchanan,Roy Buchanan,spotify:album:6rwY78ocBwZYi3OhapYyfw,USF067225010,13,2020-11-10,2023-09-13,True,False,,8,2025-10-19 02:59:36
spotify:track:5lQKRR3MdJLtAwNBiT8Cq0,5lQKRR3MdJLtAwNBiT8Cq0,Lyin' Eyes - 2013 Remaster,Eagles,One of These Nights,spotify:album:0F77QekrNe8vVAjU2sepja,USEE11300348,16,2020-11-11,2023-01-09,True,False,,8,2025-10-19 02:59:46
spotify:track:7tp4iYvcZksGp1u7feUrrO,7tp4iYvcZksGp1u7feUrrO,Mitti Di Khushboo,Rochak Kohli,Mitti Di Khushboo,spotify:album:65ZeFMTmTH3JdvBmIP3X1U,INS181402294,7,2020-11-17,2025-08-07,True,False,,8,2025-10-19 03:00:23
spotify:track:0up9rhm9qt2LW7cnoDFCMk,0up9rhm9qt2LW7cnoDFCMk,Jiyein Kyun,Pritam,Dum Maaro Dum,spotify:album:5RM8pIBX8zU9g8U5WG4zfZ,INS181100868,5,2020-11-17,2025-04-26,True,False,,8,2025-10-19 03:00:35
spotify:track:3DNRdudZ2SstnDCVKFdXxG,3DNRdudZ2SstnDCVKFdXxG,"Sonata No. 14 ""Moonlight"" in C-Sharp Minor"", Op. 27 No. 2: I. Adagio sostenuto",Ludwig van Beethoven,"Beethoven: Piano Sonatas, Vol.3",spotify:album:4bNwPPpk01D8pVV9IFSBde,FRZ140632090,1,2020-11-19,2020-11-19,True,False,,8,2025-10-19 03:00:41
spotify:track:4qtfZVUDcxYsjmGogvbgzw,4qtfZVUDcxYsjmGogvbgzw,"24 Variations on ""Venni Amore"" in D Major, WoO 65: Variation XII",Ludwig van Beethoven,Beethoven Minatures,spotify:album:6G4Wsko4UhI6j6WPujpF1f,DEF059732713,1,2020-11-19,2020-11-19,True,False,,8,2025-10-19 03:00:43
spotify:track:42zum4rf8usq4bXz8r4KOZ,42zum4rf8usq4bXz8r4KOZ,"Bagatelle in C Major, WoO 56: Allegretto",Ludwig van Beethoven,Amazing Beethoven,spotify:album:22nE4FbaJpuVjtwFiSOAlo,DEF059702210,1,2020-11-19,2020-11-19,True,False,,8,2025-10-19 03:00:47
spotify:track:1ou1Dnqu5Z8tlJY0sT5e83,1ou1Dnqu5Z8tlJY0sT5e83,"Cello Sonata No. 3 in A Major, Op. 69: III. Adagio cantabile",Ludwig van Beethoven,Amazing Beethoven,spotify:album:22nE4FbaJpuVjtwFiSOAlo,DEF059203833,1,2020-11-19,2020-11-19,True,False,,8,2025-10-19 03:00:49
spotify:track:4mXgBRhQzmyFKTYnHFp6Cl,4mXgBRhQzmyFKTYnHFp6Cl,"15 Variations on ""Eroica"" in E-Flat Major, Op. 35: Theme",Ludwig van Beethoven,Beethoven Legendary Recordings,spotify:album:1wEmJSmKnW7gfpne8GioHJ,DEF058001902,1,2020-11-19,2020-11-19,True,False,,8,2025-10-19 03:00:51
spotify:track:415Uy3V0AQKyEXBJ2oirwD,415Uy3V0AQKyEXBJ2oirwD,"24 Variations on ""Venni Amore"" in D Major, WoO 65: Variation XX. Scherzando",Ludwig van Beethoven,Beethoven Minatures,spotify:album:6G4Wsko4UhI6j6WPujpF1f,DEF059732721,1,2020-11-19,2020-11-19,True,False,,8,2025-10-19 03:00:53
spotify:track:1BDA8Kgu3r5MmhrzzIOq2S,1BDA8Kgu3r5MmhrzzIOq2S,"12 Variations on ""See the conquering hero comes"" for Cello and Piano, WoO 45: Variation VI",Ludwig van Beethoven,Moonlight - Beethoven for dreaming,spotify:album:6ABkuFloIpu5URtXoJQU00,DEF059232307,1,2020-11-19,2020-11-19,True,False,,8,2025-10-19 03:00:55
spotify:track:6qjJRvvBjl85JLu5pW0pmy,6qjJRvvBjl85JLu5pW0pmy,"Symphony No. 2 in D Major, Op. 36: IV. Allegro molto - Recorded 1962",Ludwig van Beethoven,Beethoven Legendary Recordings,spotify:album:1wEmJSmKnW7gfpne8GioHJ,DEF056201614,1,2020-11-19,2020-11-19,True,False,,8,2025-10-19 03:00:57
spotify:track:6Jc390Kzf7vq2fsCoNqrqa,6Jc390Kzf7vq2fsCoNqrqa,"11 Bagatelles, Op. 119: 11. Andante, ma non troppo",Ludwig van Beethoven,Moonlight - Beethoven for dreaming,spotify:album:6ABkuFloIpu5URtXoJQU00,DEF059730011,1,2020-11-19,2020-11-19,True,False,,8,2025-10-19 03:00:59
spotify:track:0QrN4feikLzXBrzUu0oyuM,0QrN4feikLzXBrzUu0oyuM,"7 Variations on ""Bei Männern, welche Liebe fühlen"", for Cello and Piano, WoO 46: Variation III",Ludwig van Beethoven,Beethoven Minatures,spotify:album:6G4Wsko4UhI6j6WPujpF1f,DEF059003954,1,2020-11-19,2020-11-19,True,False,,8,2025-10-19 03:01:01
spotify:track:0cfjrsxfCpQ8rQDDjgLxf1,0cfjrsxfCpQ8rQDDjgLxf1,"Piano Concerto No. 2 in B-Flat Major, Op. 19: III. Rondo. Molto allegro",Ludwig van Beethoven,Beethoven Minatures,spotify:album:6G4Wsko4UhI6j6WPujpF1f,DEF056101724,1,2020-11-19,2020-11-19,True,False,,8,2025-10-19 03:01:03
spotify:track:2HmzVV7l8PgkdBVRmdZeBR,2HmzVV7l8PgkdBVRmdZeBR,"Fidelio Op. 72 / Act 1: ""Abscheulicher! Wo eilst du hin?""",Ludwig van Beethoven,Beethoven Legendary Recordings,spotify:album:1wEmJSmKnW7gfpne8GioHJ,DEF055730007,1,2020-11-19,2020-11-19,True,False,,8,2025-10-19 03:01:05
spotify:track:3MA97rxJHJCw9MWfcYx6WX,3MA97rxJHJCw9MWfcYx6WX,"Missa solemnis, Op. 123: V. Agnus Dei: d. Presto",Ludwig van Beethoven,Beethoven Legendary Recordings,spotify:album:1wEmJSmKnW7gfpne8GioHJ,DEF056630521,1,2020-11-19,2020-11-19,True,False,,8,2025-10-19 03:01:07
spotify:track:6zOcpndZqaLQRy2bt7LZXj,6zOcpndZqaLQRy2bt7LZXj,"Bagatelle in C Major, Hess 57",Ludwig van Beethoven,Beethoven Minatures,spotify:album:6G4Wsko4UhI6j6WPujpF1f,SEAES1182310,1,2020-11-19,2020-11-19,True,False,,8,2025-10-19 03:01:09
spotify:track:3DpPsPfn2NqfVPlrS1BOdu,3DpPsPfn2NqfVPlrS1BOdu,"3 Equali, WoO 30: 1. Andante",Ludwig van Beethoven,Beethoven Minatures,spotify:album:6G4Wsko4UhI6j6WPujpF1f,GBF077011552,1,2020-11-19,2020-11-19,True,False,,8,2025-10-19 03:01:11
spotify:track:6JGCEhnPP6dOU6JWKm9fpH,6JGCEhnPP6dOU6JWKm9fpH,"25 Scottish Songs, Op. 108: No. 20 Faithfu' Johnie",Ludwig van Beethoven,Moonlight - Beethoven for dreaming,spotify:album:6ABkuFloIpu5URtXoJQU00,DEF059604891,1,2020-11-19,2020-11-19,True,False,,8,2025-10-19 03:01:13
spotify:track:3wb2dO75fQEfynYigycr0Z,3wb2dO75fQEfynYigycr0Z,"Christ on the Mount of Olives (Christus Am Ölberge), Op. 85: No. 6a. Recitativo. ""Nicht ungestraft soll der Verwegnen Schar""",Ludwig van Beethoven,Beethoven: Christ on the Mount of Olives (Christus Am Ölberge),spotify:album:4lGWOZ6rjpfUocSznNbZMv,GBDGQ2036213,1,2020-11-19,2020-11-19,True,False,,8,2025-10-19 03:01:15
spotify:track:20NiUPic2pjasn4MKX6T52,20NiUPic2pjasn4MKX6T52,"Piece in F Minor, Kullack f. 51/52",Ludwig van Beethoven,Beethoven Minatures,spotify:album:6G4Wsko4UhI6j6WPujpF1f,DEN961901710,1,2020-11-19,2020-11-19,True,False,,8,2025-10-19 03:01:18
spotify:track:1zkBambA3YTBEP38axCmRo,1zkBambA3YTBEP38axCmRo,"Piano Sonata No. 15 in D Major, Op. 28 ""Pastorale"": II. Andante",Ludwig van Beethoven,Beethoven Minatures,spotify:album:6G4Wsko4UhI6j6WPujpF1f,DEF058201725,1,2020-11-19,2020-11-19,True,False,,8,2025-10-19 03:01:19
spotify:track:5zd28GDzA6cLza1cCziAxF,5zd28GDzA6cLza1cCziAxF,"24 Variations on ""Venni Amore"" in D Major, WoO 65: Variation XVIII",Ludwig van Beethoven,Moonlight - Beethoven for dreaming,spotify:album:6ABkuFloIpu5URtXoJQU00,DEF059732719,1,2020-11-19,2020-11-19,True,False,,8,2025-10-19 03:01:21
spotify:track:4BVAVZNSpTqDsAwcub10M8,4BVAVZNSpTqDsAwcub10M8,"6 Piano Variations in F Major, Op. 34: Variation V. Marcia. Allegretto in C minor",Ludwig van Beethoven,Fun with Beethoven,spotify:album:4AE3oNWZWiIaXbXh0SfGSh,DEF059702226,1,2020-11-19,2020-11-19,True,False,,8,2025-10-19 03:01:24
spotify:track:3bOo7o2KyV20uxnMuABj9D,3bOo7o2KyV20uxnMuABj9D,"Piano Sonata No. 23 in F Minor, Op. 57 ""Appassionata"": I. Allegro assai",Ludwig van Beethoven,Beethoven Piano Hits,spotify:album:0B9eecxAIzuxhXRVk4wk8j,SEWDL0742304,2,2020-11-20,2020-11-20,True,False,,8,2025-10-19 03:01:26
spotify:track:2RXgzI7IPKXYX70pQiY2vu,2RXgzI7IPKXYX70pQiY2vu,"Piano Sonata No. 2 In A, Op. 2 No. 2: 3. Scherzo (Allegretto)",Ludwig van Beethoven,Fun with Beethoven,spotify:album:4AE3oNWZWiIaXbXh0SfGSh,DEF058401063,1,2020-11-20,2020-11-20,True,False,,8,2025-10-19 03:01:28
spotify:track:0vDK81kfEmCrSU1Yu23UBz,0vDK81kfEmCrSU1Yu23UBz,"Cello Sonata No. 3 in A Major, Op. 69 (Arr. P. Struck for Cello & String Ensemble): III. Adagio cantabile - Allegro vivace",Ludwig van Beethoven,Beethoven Recomposed,spotify:album:7jt7Mjq0UEnisBqHSpEjVA,HKI192017803,1,2020-11-20,2020-11-20,True,False,,8,2025-10-19 03:01:29
spotify:track:6DBcqGdO07chwuO1BJsbhR,6DBcqGdO07chwuO1BJsbhR,"Sonata No. 11 in B-Flat Major, Op. 22: II. Adagio con molto espressione",Ludwig van Beethoven,Study with Beethoven,spotify:album:7bfh63S7hO7QMAqDJN7JfU,SEWDL5012392,1,2020-11-20,2020-11-20,True,False,,8,2025-10-19 03:01:31
spotify:track:3WqgupJaZPcLjI4IkpIbK5,3WqgupJaZPcLjI4IkpIbK5,"6 Bagatelles, Op. 126: 5. Quasi Allegretto",Ludwig van Beethoven,Beethoven Minatures,spotify:album:6G4Wsko4UhI6j6WPujpF1f,DEF059103415,1,2020-11-20,2020-11-20,True,False,,8,2025-10-19 03:01:33
spotify:track:5g7cvdzBysatlzNwx8aFMt,5g7cvdzBysatlzNwx8aFMt,"6 Minuets, WoO 10: 6. Minuet in C Major - Trio",Ludwig van Beethoven,Moonlight - Beethoven for dreaming,spotify:album:6ABkuFloIpu5URtXoJQU00,DEF059702526,1,2020-11-20,2020-11-20,True,False,,8,2025-10-19 03:01:37
spotify:track:4SosjbH940rIfeWQUMKcfc,4SosjbH940rIfeWQUMKcfc,"Piano Concerto No. 5 in E-Flat Major, Op. 73 ""Emperor"": II. Adagio un poco moto",Ludwig van Beethoven,Beethoven Piano Pieces,spotify:album:2fCkzICnWEGnZiX26RUX5C,SEWDL0558702,1,2020-11-20,2020-11-20,True,False,,8,2025-10-19 03:01:38
spotify:track:2gGvd8MhsElzuQXRurS1NG,2gGvd8MhsElzuQXRurS1NG,"33 Variations on a Waltz by Diabelli in C Major, Op. 120: Variation XXXIII. Tempo di minuetto moderato, ma non tirarsi dietro",Ludwig van Beethoven,Beethoven Minatures,spotify:album:6G4Wsko4UhI6j6WPujpF1f,DEF059132034,1,2020-11-20,2020-11-20,True,False,,8,2025-10-19 03:01:40
spotify:track:6TOn1LuUAVmbCbcEXQX1Cl,6TOn1LuUAVmbCbcEXQX1Cl,"12 Variations on ""See The Conquering Hero Comes"" for Cello and Piano, WoO 45: Variation III",Ludwig van Beethoven,Beethoven Minatures,spotify:album:6G4Wsko4UhI6j6WPujpF1f,DEF059232304,1,2020-11-20,2020-11-20,True,False,,8,2025-10-19 03:01:42
spotify:track:7MWiC8YUHooK4BAmzpOBrI,7MWiC8YUHooK4BAmzpOBrI,"Rondo In C, Op. 51, No. 1: Moderato e grazioso",Ludwig van Beethoven,Amazing Beethoven,spotify:album:22nE4FbaJpuVjtwFiSOAlo,DEF059702090,1,2020-11-20,2020-11-20,True,False,,8,2025-10-19 03:01:44
spotify:track:2oU00QKALKlNnAtb4NpC9U,2oU00QKALKlNnAtb4NpC9U,"Missa solemnis, Op. 123: V. Agnus Dei: c. Agnus Dei. Allegro assai",Ludwig van Beethoven,Beethoven Legendary Recordings,spotify:album:1wEmJSmKnW7gfpne8GioHJ,DEF056630520,2,2020-11-20,2020-11-22,True,False,,8,2025-10-19 03:01:47
spotify:track:7aRkOVFB8CVW9eJ2tHmkcG,7aRkOVFB8CVW9eJ2tHmkcG,"Piano Sonata No. 7 In D, Op. 10 No. 3: 3. Menuetto (Allegro)",Ludwig van Beethoven,Fun with Beethoven,spotify:album:4AE3oNWZWiIaXbXh0SfGSh,DEF058001913,1,2020-11-22,2020-11-22,True,False,,8,2025-10-19 03:02:57
spotify:track:3A04b0nJb2nAzGUw2rqDsI,3A04b0nJb2nAzGUw2rqDsI,Scam 1992 Theme Music,Achint,Scam 1992 Theme Music,spotify:album:2EMFH1MjFhmssiQz6lVXRh,INO132001729,1,2020-11-23,2020-11-23,True,False,,8,2025-10-19 03:03:22
spotify:track:57jOEZtoLQK4zF2x55bdkp,57jOEZtoLQK4zF2x55bdkp,"Tu Hi Yaar Mera (From ""Pati Patni Aur Woh"")",Rochak Kohli,"Tu Hi Yaar Mera (From ""Pati Patni Aur Woh"")",spotify:album:7aJiY5GW8uSpZItQXcmeVM,INS181905683,3,2020-11-23,2023-04-08,True,False,,8,2025-10-19 03:03:34
spotify:track:2QQWmnoVPjEvsUTVSs84li,2QQWmnoVPjEvsUTVSs84li,"Beethoven: Symphony No. 6 in F Major, Op. 68 ""Pastoral"": V. Hirtengesang. Frohe und dankbare Gefühle nach dem Sturm. Allegretto",Ludwig van Beethoven,"Beethoven: Symphony No. 6 ""Pastoral""",spotify:album:1kGJis704qkvZIWOIsKjA0,GBAYC8700650,1,2020-11-25,2020-11-25,True,False,,8,2025-10-19 03:03:51
spotify:track:630zE7N1xPxdK2Zz4S3rPA,630zE7N1xPxdK2Zz4S3rPA,"Piano Sonata No. 14 in C-Sharp Minor, Op. 27/2 ""Moonlight Sonata"": I. Adagio sostenuto",Ludwig van Beethoven,Beethoven: The Piano Sonatas,spotify:album:1pp9Xql2oo2vmb8jq6dq0U,DEF058400541,1,2020-11-25,2020-11-25,True,False,,8,2025-10-19 03:03:53
spotify:track:4ySqdQH0bhSzuGbBjeJrQm,4ySqdQH0bhSzuGbBjeJrQm,"Beethoven: Symphony No. 2 in D Major, Op. 36: III. Scherzo. Allegro",Ludwig van Beethoven,Beethoven: Symphonies Nos. 1 - 9,spotify:album:0j0ZWrFGAFVAmngUuI00VQ,GBAYC0203317,1,2020-11-25,2020-11-25,True,False,,8,2025-10-19 03:03:55
spotify:track:7oUQGjFBKkjfPVWxapIVqf,7oUQGjFBKkjfPVWxapIVqf,"String Quartet in F Major, Hess 32: IV. Allegretto",Ludwig van Beethoven,Beethoven: Works for String Quartet,spotify:album:4OOc5cHzLh1jJ8Jh8bczJA,HKI191910004,1,2020-11-25,2020-11-25,True,False,,8,2025-10-19 03:03:57
spotify:track:4Cfc0OGMViDPGspOK3zogx,4Cfc0OGMViDPGspOK3zogx,"Piano Sonata No. 8 in C Minor, Op. 13 ""Pathétique"": III. Rondo. Allegro - Live",Ludwig van Beethoven,"Beethoven: The Piano Sonatas, Volume II",spotify:album:3yG6WwxrY6WHFsSXjDymzH,DEB330494213,1,2020-11-25,2020-11-25,True,False,,8,2025-10-19 03:03:59
spotify:track:11EnQRgRMJwMAesfkB5pnu,11EnQRgRMJwMAesfkB5pnu,Se Te Nota (with Guaynaa),Lele Pons,Se Te Nota (with Guaynaa),spotify:album:4XiHCUNnGgnnN5xkGue4RF,USUM72016220,1,2020-11-25,2020-11-25,True,False,,8,2025-10-19 03:04:03
spotify:track:6E44XejBm1JxzOSj1Sfdbl,6E44XejBm1JxzOSj1Sfdbl,Roots,Kupla,Kingdom in Blue,spotify:album:4n4VJqnZTaPg41iDIakpmE,TCAEQ2084604,1,2020-11-26,2020-11-26,True,False,,8,2025-10-19 03:04:46
spotify:track:0nkW29HPGGR5mAdmGAz7Nr,0nkW29HPGGR5mAdmGAz7Nr,"Polonaise in C Major, Op. 89",Ludwig van Beethoven,Beethoven: Unknown Solo Piano Works,spotify:album:7DwSWi1dY5yeoVt8TarvyM,DES382005001,1,2020-11-26,2020-11-26,True,False,,8,2025-10-19 03:04:48
spotify:track:6Kg7ulEq2BAMcs7XKJzjjM,6Kg7ulEq2BAMcs7XKJzjjM,Stargazing,S N U G,Moonglow,spotify:album:5kd0bWaHCOvCssZBJhOUB2,GBKQU2099855,2,2020-11-26,2020-11-26,True,False,,8,2025-10-19 03:04:51
spotify:track:2MsNSKQNQNRklkKFxxvIav,2MsNSKQNQNRklkKFxxvIav,9 and Three Quarters (Run Away),TOMORROW X TOGETHER,The Dream Chapter: MAGIC,spotify:album:5KoR6s906nbO21C9ZPdwTv,USUG11903688,1,2020-11-26,2020-11-26,True,False,,8,2025-10-19 03:04:53
spotify:track:0Xg2FGSVKMHimjfPTg1q7P,0Xg2FGSVKMHimjfPTg1q7P,Where We Left Off,ENRA,In Motion,spotify:album:2p07Dhd3U658UTgUSaUVHJ,GBLV62001631,2,2020-11-26,2020-11-27,True,False,,8,2025-10-19 03:04:55
spotify:track:1JmUkmj6j8fV9Dr6A2CKy0,1JmUkmj6j8fV9Dr6A2CKy0,Still Dreaming,brillion.,Bedtime Stories Pt. 2,spotify:album:4Yw6pcblbdZn6OhX07KtFg,TCAEU2087174,1,2020-11-26,2020-11-26,True,False,,8,2025-10-19 03:04:58
spotify:track:0THqQwTN5VOP11VLn71nDq,0THqQwTN5VOP11VLn71nDq,Puddles,E I S U,2 Am. Study Session,spotify:album:2oHJAIuw8IH9SUSk05JjRy,TCAES2036512,1,2020-11-26,2020-11-26,True,False,,8,2025-10-19 03:05:00
spotify:track:1ZoHAH5k36VxzYbzDo13ED,1ZoHAH5k36VxzYbzDo13ED,Fateful Slumber,Towerz,3 Am. Study Session,spotify:album:7rrt4vAwMsCDl5cIbn7NJA,GBKQU2094062,1,2020-11-26,2020-11-26,True,False,,8,2025-10-19 03:05:06
spotify:track:6SCzzWHKFG8pEBUDMK5uJs,6SCzzWHKFG8pEBUDMK5uJs,Breathing in October,softy,Sometimes I Wait for You,spotify:album:3V76mLANzDG8F0O1XodHwG,TCAEY2052351,1,2020-11-26,2020-11-26,True,False,,8,2025-10-19 03:05:09
spotify:track:6K3QDugc6Z34j84cz24ZDW,6K3QDugc6Z34j84cz24ZDW,Shade,dryhope,Contrasts,spotify:album:6AgopOGUUtCQgSKdVdYSyO,TCAES2018921,1,2020-11-26,2020-11-26,True,False,,8,2025-10-19 03:05:11
spotify:track:1LEQjsPRL42WWu2Bc3fZ9C,1LEQjsPRL42WWu2Bc3fZ9C,Lightning Bugs,Casiio,Underneath,spotify:album:7zvU9ZjJVYO92jyLeA0L64,GBLV62017518,1,2020-11-26,2020-11-26,True,False,,8,2025-10-19 03:05:13
spotify:track:6MRALa6nFdIjr9Z8Njf7sT,6MRALa6nFdIjr9Z8Njf7sT,Sleepy,Spencer Hunt,Sound Asleep,spotify:album:7a7DuZXinOhmneDYd8ahqw,TCAEW2041561,2,2020-11-26,2020-11-29,True,False,,8,2025-10-19 03:05:16
spotify:track:0g2cKbRSGDlhfbrVWOhvwG,0g2cKbRSGDlhfbrVWOhvwG,Enough to Go Around,less.people,Online Mall Music,spotify:album:38Ke6rGw4tcEqOXXpzEDxt,TCAER2051029,1,2020-11-26,2020-11-26,True,False,,8,2025-10-19 03:05:18
spotify:track:0NtxznqRbzOunrdwga3VnB,0NtxznqRbzOunrdwga3VnB,Foam,Miramare,Azure Blue,spotify:album:3JMfdWuvpN531CxXKZHTIN,GBLV62009652,1,2020-11-26,2020-11-26,True,False,,8,2025-10-19 03:05:20
spotify:track:4cIipmyWE4ARylVMwcRBlm,4cIipmyWE4ARylVMwcRBlm,Aislin,ENRA,Tomorrows That Follow,spotify:album:1gMU9NHaqaSyhCgD2qtbE8,TCAET2064631,1,2020-11-26,2020-11-26,True,False,,8,2025-10-19 03:05:22
spotify:track:3lvs7wY2cLxckUfJ0JojEd,3lvs7wY2cLxckUfJ0JojEd,Inspect,Nothingtosay,2 Am. Study Session,spotify:album:2oHJAIuw8IH9SUSk05JjRy,TCAES2036586,1,2020-11-26,2020-11-26,True,False,,8,2025-10-19 03:05:24
spotify:track:4qslrKrUAJklf98A3Ik2Q2,4qslrKrUAJklf98A3Ik2Q2,Weightless,Kupla,Life Forms,spotify:album:2ND5WmrsPiQtWVngCN002C,TCAFA2007423,1,2020-11-26,2020-11-26,True,False,,8,2025-10-19 03:05:26
spotify:track:3s9qCeRZMsK9xGWjjv0EuS,3s9qCeRZMsK9xGWjjv0EuS,Blue Terrain,Refeeld,Chance Encounter,spotify:album:16WnvraztyKnduH66c6n2G,GBLV62015425,1,2020-11-26,2020-11-26,True,False,,8,2025-10-19 03:05:28
spotify:track:0Vx01srTgiuaH3Na0OtL39,0Vx01srTgiuaH3Na0OtL39,Feeling Home,Yasumu,Until Forever,spotify:album:2MtjAE87a3OMzcibGkaXhx,GBLV62016273,1,2020-11-26,2020-11-26,True,False,,8,2025-10-19 03:05:30
spotify:track:3pc6GQh43U5LZE38dRvSqi,3pc6GQh43U5LZE38dRvSqi,Melatonin,brillion.,Bedtime Stories Pt. 3,spotify:album:38VhvPVMMByXV5tjzvU03H,GBLV62023510,1,2020-11-26,2020-11-26,True,False,,8,2025-10-19 03:05:32
spotify:track:4MuNaeIxOBvfJqmIUoX5aU,4MuNaeIxOBvfJqmIUoX5aU,Comforting You,WYS,North Pole,spotify:album:5O8TzNyhGK7xTMN0kccpiX,TCAEO1979928,1,2020-11-26,2020-11-26,True,False,,8,2025-10-19 03:05:34
spotify:track:5n46WNN9S6DR9NkTLQnqHO,5n46WNN9S6DR9NkTLQnqHO,Drift,brillion.,Bedtime Stories Pt. 3,spotify:album:38VhvPVMMByXV5tjzvU03H,GBLV62023507,1,2020-11-26,2020-11-26,True,False,,8,2025-10-19 03:05:36
spotify:track:6mbRtQSC8aJKrt58sMQ6nS,6mbRtQSC8aJKrt58sMQ6nS,Pine Away,Philanthrope,"Birds of a Feather, Vol. 1",spotify:album:65kDeUOJ7UAXQJtdmXYtT5,QZDA61898385,1,2020-11-26,2020-11-26,True,False,,8,2025-10-19 03:05:39
spotify:track:0Lhvwdd9mtdmhdNAiKgk7P,0Lhvwdd9mtdmhdNAiKgk7P,I Choose - From The Netflix Original Film The Willoughbys / MK Remix,Alessia Cara,I Choose,spotify:album:0BNBcAWW79mk1WzWKLCCGD,USUM72010251,1,2020-11-27,2020-11-27,True,False,,8,2025-10-19 03:05:41
spotify:track:2ThVCrKu6OqnJIOuZerkSB,2ThVCrKu6OqnJIOuZerkSB,A Little Bit Yours - Dave Audé Remix,JP Saxe,A Little Bit Yours,spotify:album:4XLXJT8ky1h99mbtOj5E8y,USQX92004379,1,2020-11-27,2020-11-27,True,False,,8,2025-10-19 03:05:48
spotify:track:052D6bwBtXo2B37oDc0bVz,052D6bwBtXo2B37oDc0bVz,Aimless Wander,Towerz,Until Tomorrow,spotify:album:7u7wIYQpsiIjhVV1vJfMcR,GBLV62021262,2,2020-11-29,2020-11-29,True,False,,8,2025-10-19 03:05:53
spotify:track:3wPnQCp0QNaJjugh8H9svq,3wPnQCp0QNaJjugh8H9svq,Outlet,Sebastian Kamae,Vondelpark,spotify:album:2A6YTjmAURvNi6N1EHMD3P,TCAES2083733,1,2020-11-29,2020-11-29,True,False,,8,2025-10-19 03:05:56
spotify:track:53ZNyFOwaUiUrBI4VxRRPt,53ZNyFOwaUiUrBI4VxRRPt,Eons,Kupla,Life Forms,spotify:album:2ND5WmrsPiQtWVngCN002C,TCAFA2007388,1,2020-11-29,2020-11-29,True,False,,8,2025-10-19 03:05:58
spotify:track:6etZxQePegikcESadncEwC,6etZxQePegikcESadncEwC,The Ridge,Allem Iversom,The Ridge,spotify:album:4E7TGNQSkqc71XPLWLljly,GBLV62006738,1,2020-11-29,2020-11-29,True,False,,8,2025-10-19 03:06:00
spotify:track:4U3JynjRH8FTjgSkqyf1ZH,4U3JynjRH8FTjgSkqyf1ZH,Eternal,brillion.,Bedtime Stories Pt. 3,spotify:album:38VhvPVMMByXV5tjzvU03H,GBLV62023517,1,2020-11-29,2020-11-29,True,False,,8,2025-10-19 03:06:02
spotify:track:2gIJkf741uNiE1mnHKmioQ,2gIJkf741uNiE1mnHKmioQ,Lost,Kanisan,A Way of Existing,spotify:album:6GzqFITWmBt1X3pEloic7s,TCAEU2058635,1,2020-11-29,2020-11-29,True,False,,8,2025-10-19 03:06:08
spotify:track:6pU0n36bzWdGfvik5tR3eA,6pU0n36bzWdGfvik5tR3eA,Sing,kudo,Staring Through,spotify:album:3yYuCnFyNNWdsQjHcxjdvy,TCAEZ2079370,1,2020-11-29,2020-11-29,True,False,,8,2025-10-19 03:06:11
spotify:track:7HFgBEEEZTJX4OOgiOqIqm,7HFgBEEEZTJX4OOgiOqIqm,Let It Snow! Let It Snow! Let It Snow! - Remastered 2002,Dean Martin,Christmas With Dean Martin,spotify:album:4JDMGDJtLwajBuKT7SCfbZ,USCA20200910,1,2020-12-08,2020-12-08,True,False,,8,2025-10-19 03:06:32
spotify:track:50lSSfk5vM941z3okTnvUs,50lSSfk5vM941z3okTnvUs,I've Got My Love To Keep Me Warm - Remastered 1996,Dean Martin,Christmas With Dean Martin,spotify:album:4JDMGDJtLwajBuKT7SCfbZ,USCA29601244,1,2020-12-08,2020-12-08,True,False,,8,2025-10-19 03:06:34
spotify:track:1j6vje5yi2wyL7XvuMsMRw,1j6vje5yi2wyL7XvuMsMRw,White Christmas - Remastered 2002,Dean Martin,Christmas With Dean Martin,spotify:album:4JDMGDJtLwajBuKT7SCfbZ,USCA20200912,1,2020-12-08,2020-12-08,True,False,,8,2025-10-19 03:06:36
spotify:track:5PlIQiOAwwJZJLX100I4Vq,5PlIQiOAwwJZJLX100I4Vq,"Rudolph, The Red-Nosed Reindeer - Remastered 2002",Dean Martin,Christmas With Dean Martin,spotify:album:4JDMGDJtLwajBuKT7SCfbZ,USCA20200908,1,2020-12-08,2020-12-08,True,False,,8,2025-10-19 03:06:38
spotify:track:4y4spB9m0Q6026KfkAvy9Q,4y4spB9m0Q6026KfkAvy9Q,Lonely (with benny blanco),Justin Bieber,Lonely (with benny blanco),spotify:album:3P5WIUJO0Ots1lQx09TOxk,USUM72019170,32,2020-12-14,2023-03-12,True,False,,8,2025-10-19 03:08:40
spotify:track:7MXgrcOQAJ5VwSNUL0lDd3,7MXgrcOQAJ5VwSNUL0lDd3,Blinding Lights (with ROSALÍA) - Remix,The Weeknd,Blinding Lights,spotify:album:7B70Z32Ha84aMT6TOnW410,USUG12004507,1,2020-12-14,2020-12-14,True,False,,8,2025-10-19 03:08:51
spotify:track:3uVPLtkmDu8pDkYEAVqbgS,3uVPLtkmDu8pDkYEAVqbgS,Real Shit (with benny blanco),Juice WRLD,Real Shit (with benny blanco),spotify:album:16EqCl0UoPe3xSIFg4xO6T,USUG12002600,1,2020-12-14,2020-12-14,True,False,,8,2025-10-19 03:09:21
spotify:track:7kDUspsoYfLkWnZR7qwHZl,7kDUspsoYfLkWnZR7qwHZl,my ex's best friend (with blackbear),mgk,Tickets To My Downfall,spotify:album:57lgFncHBYu5E3igZnuCJK,USUM72014730,2,2020-12-15,2022-07-05,True,False,,8,2025-10-19 03:09:29
spotify:track:0P4AQdNDgEdi7J8mpgY8Jx,0P4AQdNDgEdi7J8mpgY8Jx,Khoya,Zariya,Khoya,spotify:album:2AjolCCtmTdfRkQsvl4TeA,QZDA52098484,3,2020-12-15,2021-03-15,True,False,,8,2025-10-19 03:09:31
spotify:track:2ez6qvOTHKeI3ss80NGqnI,2ez6qvOTHKeI3ss80NGqnI,Trampoline (with ZAYN),SHAED,Melt (Deluxe),spotify:album:5wg6T8bCVnRk3ToKy0yXG5,QZ47A1900210,2,2020-12-17,2020-12-17,True,False,,8,2025-10-19 03:09:43
spotify:track:2oMmcVfJ59ITuPWpRhKtW4,2oMmcVfJ59ITuPWpRhKtW4,I'm Sorry,Sikander Kahlon,SHUTDOWN,spotify:album:6OR2N9IfF0RPVBfMegFBDs,INUM72000031,1,2020-12-18,2020-12-18,True,False,,8,2025-10-19 03:11:09
spotify:track:3UdG2wSz42YFW8PwRlnGd7,3UdG2wSz42YFW8PwRlnGd7,"The Departed Tango (feat. Larry Saltzman, Jamey Haddad, Marc Ribot, Shawn Pelton & Tim Le Febvre)",Howard Shore,The Departed (Original Motion Picture Soundtrack),spotify:album:6aLEO03JkGRWsLgiLUYuNI,USAHF0600073,6,2021-01-14,2024-01-01,True,False,,8,2025-10-19 03:13:51
spotify:track:1cdbkpZ3q1KYZDNSrOpdkb,1cdbkpZ3q1KYZDNSrOpdkb,Ice Cream (with Selena Gomez),BLACKPINK,THE ALBUM,spotify:album:2gNPnKP1PDkB5SZz3IMKuX,KRA402000131,1,2021-02-05,2021-02-05,True,False,,8,2025-10-19 03:16:17
spotify:track:3RJ5ElzGbqvpssDTXRBV6o,3RJ5ElzGbqvpssDTXRBV6o,People Hold On (feat. Lisa Stansfield) - Radio Edit,Coldcut,80s 100 Hits,spotify:album:0pvhletDH7CphbKErUtPCF,GBARK8900046,1,2021-02-08,2021-02-08,True,False,,8,2025-10-19 03:16:37
spotify:track:4XWaUb7mKRcJR5RPp4IIDr,4XWaUb7mKRcJR5RPp4IIDr,Easy (with Kacey Musgraves feat. Mark Ronson),Troye Sivan,Easy (with Kacey Musgraves feat. Mark Ronson),spotify:album:7FUNRteYv2Flt9Lr8JHFIR,AUUM72000950,2,2021-02-09,2021-04-05,True,False,,8,2025-10-19 03:17:03
spotify:track:0psS4i5YooJrXfDnGvWRLi,0psS4i5YooJrXfDnGvWRLi,Lo Vas A Olvidar (with ROSALÍA),Billie Eilish,Lo Vas A Olvidar (with ROSALÍA),spotify:album:4E8puNI8tw7cXz6YJkwMew,USUM72100008,2,2021-02-11,2021-02-15,True,False,,8,2025-10-19 03:18:15
spotify:track:2lD6W5w72NsrjnKT5HBoCM,2lD6W5w72NsrjnKT5HBoCM,"Tear It Up - Live At The O2, London, UK, 02/07/2018",Queen,Live Around The World,spotify:album:4UAsVsprIJu1OU9qkLwTMe,GBUM72004110,2,2021-02-12,2021-02-12,True,False,,8,2025-10-19 03:18:22
spotify:track:0v1Sz1MDcjfEPlZuflLkf1,0v1Sz1MDcjfEPlZuflLkf1,Imagine - Ultimate Mix,John Lennon,Imagine,spotify:album:4UyG2KQChRJ0ysSPIdHj7j,GBUM71803835,1,2021-02-12,2021-02-12,True,False,,8,2025-10-19 03:18:24
spotify:track:3aFEzoDaYRNiH4SoHRhBJU,3aFEzoDaYRNiH4SoHRhBJU,"Love Me Do - Recorded At Abbey Road Studios, London",Paul McCartney,Spotify Singles: Paul McCartney Box Set,spotify:album:7piDt78gLATzAQv5JtQ4I7,GBCCS1800311,1,2021-02-12,2021-02-12,True,False,,8,2025-10-19 03:18:26
spotify:track:06UXtRLTF6kdMSM3uaVCCU,06UXtRLTF6kdMSM3uaVCCU,In Only Seven Days - Remastered 2011,Queen,Jazz,spotify:album:2yuTRGIackbcReLUXOYBqU,GBUM71103319,2,2021-02-12,2021-02-13,True,False,,8,2025-10-19 03:18:29
spotify:track:1SvX2R7kPc0JsGnJaJVzZO,1SvX2R7kPc0JsGnJaJVzZO,One Year Of Love - Remastered 2011,Queen,A Kind Of Magic - 2011 Remaster,spotify:album:0pEfDPZko6TnNOgrZMe5nn,GBUM71106191,2,2021-02-12,2021-02-13,True,False,,8,2025-10-19 03:18:31
spotify:track:0o4ybf9KAlbbmYcvdGLfJY,0o4ybf9KAlbbmYcvdGLfJY,These Are The Days Of Our Lives - 2011 Remaster,Queen,Innuendo,spotify:album:6b7VmKVacoa7bbIHwlKfK7,GBUM71103766,2,2021-02-12,2021-02-13,True,False,,8,2025-10-19 03:18:34
spotify:track:3doVdGo0NrKWDuiAUiWyCY,3doVdGo0NrKWDuiAUiWyCY,Bijou - 2011 Remaster,Queen,Innuendo,spotify:album:5kffKW0sSLo6tkLg1veUGC,GBUM71106220,1,2021-02-12,2021-02-12,True,False,,8,2025-10-19 03:18:37
spotify:track:0nUCaKwNqO5whVAhEX1A1R,0nUCaKwNqO5whVAhEX1A1R,Spread Your Wings - Remastered 2011,Queen,News Of The World,spotify:album:7tB40pGzj6Tg0HePj2jWZt,GBUM71103460,1,2021-02-12,2021-02-12,True,False,,8,2025-10-19 03:18:39
spotify:track:4yBsKFDacDTa4UuvtrTmpK,4yBsKFDacDTa4UuvtrTmpK,Pain Is So Close To Pleasure - Remastered 2011,Queen,A Kind Of Magic - 2011 Remaster,spotify:album:0pEfDPZko6TnNOgrZMe5nn,GBUM71106192,2,2021-02-12,2021-02-13,True,False,,8,2025-10-19 03:18:41
spotify:track:3QfLERjG54GUIAS9w86kul,3QfLERjG54GUIAS9w86kul,Las Palabras De Amor (The Words Of Love) - Remastered 2011,Queen,Hot Space,spotify:album:6reTSIf5MoBco62rk8T7Q1,GBUM71103442,1,2021-02-12,2021-02-12,True,False,,8,2025-10-19 03:18:43
spotify:track:6jiXVgAjFVkdrLQVgFohON,6jiXVgAjFVkdrLQVgFohON,It's A Hard Life - Remastered 2011,Queen,The Platinum Collection - 2011 Remaster,spotify:album:63SYDOduS7UPFCbRo7g9cy,GBUM71029627,2,2021-02-13,2021-02-13,True,False,,8,2025-10-19 03:18:45
spotify:track:46Ms1kGRWhOZGtQRQydDio,46Ms1kGRWhOZGtQRQydDio,You Take My Breath Away - Remastered 2011,Queen,A Day At The Races,spotify:album:4KZGe18wZJbXL6JLW4KyLc,GBUM71100526,1,2021-02-13,2021-02-13,True,False,,8,2025-10-19 03:19:09
spotify:track:7DtdhIJlSSOaAFNk4JdXCb,7DtdhIJlSSOaAFNk4JdXCb,I Was Born To Love You - 2011 Remaster,Queen,Made In Heaven - Deluxe Edition 2011 Remaster,spotify:album:274tWwrhGJy0IFeMENjWi7,GBUM71106226,1,2021-02-13,2021-02-13,True,False,,8,2025-10-19 03:19:15
spotify:track:4yxXykA9LXmqveOWKZTHLz,4yxXykA9LXmqveOWKZTHLz,Lily Of The Valley - 2014 Remaster,Queen,Queen Forever,spotify:album:2w0Jen9XW2ouiCLb623G3y,GBUM71404708,1,2021-02-13,2021-02-13,True,False,,8,2025-10-19 03:19:17
spotify:track:6991Evu8eMVgBhJ95kbl5I,6991Evu8eMVgBhJ95kbl5I,I'm In Love With My Car - Remastered 2011,Queen,A Night At The Opera,spotify:album:75eP8LZolyNBpqIRyB5pvB,GBUM71100534,1,2021-02-14,2021-02-14,True,False,,8,2025-10-19 03:19:19
spotify:track:1VVnl18TqzwUXsudGCpiNL,1VVnl18TqzwUXsudGCpiNL,Shoulder Touch,Daniel Pemberton,Spider-Man: Into the Spider-Verse (Original Score),spotify:album:5KP2NReDL2Bv0QLzHSvUwM,US4DG1801199,1,2021-02-15,2021-02-15,True,False,,8,2025-10-19 03:19:21
spotify:track:6rxTqUH90IfxJBc1dNgpLB,6rxTqUH90IfxJBc1dNgpLB,Sang Rahiyo (feat. Ranveer Allahbadia),Jasleen Royal,Sang Rahiyo (feat. Ranveer Allahbadia),spotify:album:3DSvZRn5pgIBD5rERldCRp,INU251900567,2,2021-03-04,2021-03-04,True,False,,8,2025-10-19 03:21:38
spotify:track:4346ts6RdbK3diJWlFX37J,4346ts6RdbK3diJWlFX37J,Kuch Soona Sa Hai,Ayush Panda,Kuch Soona Sa Hai,spotify:album:0kCCYftDajP1NKt1X7RpOH,QZHN72027421,2,2021-03-06,2021-03-15,True,False,,8,2025-10-19 03:21:42
spotify:track:7gfhJ23GFn4Wa5xrtGhqPq,7gfhJ23GFn4Wa5xrtGhqPq,Welcome (Back),Land of the Loops,Refried Treats,spotify:album:0WiMDCoTonaui5kYeWx5jb,US68F0503102,4,2021-06-20,2021-07-06,True,False,,9,2025-10-19 03:24:29
spotify:track:3FB3ksb4oNIOFc67SnHbrV,3FB3ksb4oNIOFc67SnHbrV,Who Can You Trust?,Morcheeba,Who Can You Trust?,spotify:album:5hoYuQl3lpjq4wSB1m7v7n,GBAHS0104844,4,2021-06-20,2021-07-06,True,False,,9,2025-10-19 03:24:31
spotify:track:3Q6NUdGcNE9CZRG7U46Z3x,3Q6NUdGcNE9CZRG7U46Z3x,"The Other Side of This Life - Live at the Fillmore West, San Francisco, CA - October 1968",Jefferson Airplane,Bless Its Pointed Little Head,spotify:album:2ZkdTV6IV5arY4hS6ztM2g,USRC10400551,2,2021-06-20,2021-07-06,True,False,,9,2025-10-19 03:24:38
spotify:track:6TQ4DgGhK4if6DNVpyi8V4,6TQ4DgGhK4if6DNVpyi8V4,Rumble,Link Wray,Link Wray,spotify:album:63iLkehxYs1QWMAloQq1nt,USESK1705577,2,2021-06-20,2021-07-06,True,False,,9,2025-10-19 03:24:40
spotify:track:045NQr6Xvm5o9YFUMwbMzG,045NQr6Xvm5o9YFUMwbMzG,Make Out in My Car - Sufjan Stevens Version,Moses Sumney,Make Out in My Car: Chameleon Suite,spotify:album:5WI3QDHU8Z2ypfVRsJBtKy,US38Y1833204,2,2021-07-03,2021-08-01,True,False,,9,2025-10-19 03:25:44
spotify:track:4ZfBYkjC5teOD2OypNsWNM,4ZfBYkjC5teOD2OypNsWNM,"Kya Yeh Tumhe Pata Hai? (From ""Comedy Couple"")",Tanmaya Bhatnagar,"Kya Yeh Tumhe Pata Hai? (From ""Comedy Couple"")",spotify:album:6YIBdwsqh6rIAsL2PdYXHo,N/A,15,2021-07-04,2023-01-16,True,False,,9,2025-10-19 03:26:01
spotify:track:3FTyYscjFPwN2eLIKfTALY,3FTyYscjFPwN2eLIKfTALY,"The Secret Life Of Daydreams - From ""Pride & Prejudice"" Soundtrack",Dario Marianelli,Pride and Prejudice - OST,spotify:album:5pV86WRRdbyIdK3YkS7rOI,GBEKZ0500068,1,2021-07-04,2021-07-04,True,False,,9,2025-10-19 03:26:10
spotify:track:14lgH3pas87OwAfFrouSSe,14lgH3pas87OwAfFrouSSe,Prisoner of Love (with Russ Case & His Orchestra & Chorus),Perry Como,The Essential Perry Como,spotify:album:6guLNpxip1tU3OYWNkPksw,USRC14504625,1,2021-07-06,2021-07-06,True,False,,9,2025-10-19 03:26:46
spotify:track:5ta9IiShIAlXs38xpdkEaH,5ta9IiShIAlXs38xpdkEaH,I Wonder Why - Remastered,Dion & The Belmonts,The Best Of Dion & The Belmonts,spotify:album:4XCCPbgyV1L06tIZmQYFwu,USLA19900002,7,2021-07-06,2022-09-08,True,False,,9,2025-10-19 03:26:48
spotify:track:2hwUAsDIKijftnx2vA7Xs8,2hwUAsDIKijftnx2vA7Xs8,Can't Be Still,Booker T. & the M.G.'s,Definitive Soul: Booker T. & The M.G.'s,spotify:album:2lWFLE27f1e4QUpADFmjEP,USAT10003836,1,2021-07-06,2021-07-06,True,False,,9,2025-10-19 03:26:50
spotify:track:5ZX5pIdGQaeHxtHHe7v6ku,5ZX5pIdGQaeHxtHHe7v6ku,Theme from The Rockford Files (feat. Larry Carlton),Mike Post,Television Theme Songs,spotify:album:4WZbpVLIYH9KGn3x75g5nz,USEE10413314,1,2021-07-06,2021-07-06,True,False,,9,2025-10-19 03:27:06
spotify:track:1KpQJ5IWvdJ1y4lTQZBXdc,1KpQJ5IWvdJ1y4lTQZBXdc,"Symphony No. 3, Op. 36, ""Symfonia piesni zalosnych"" (Symphony of Sorrowful Songs): II. Lento e largo - Tranquillissimo",Henryk Górecki,Górecki: Symphony No. 3 - 3 Olden Style Pieces,spotify:album:6BmncZYEjXnQiJ3KQ4ZMKm,HKI199493502,1,2021-07-06,2021-07-06,True,False,,9,2025-10-19 03:27:14
spotify:track:0cvQPwaZp05oYQmmTIa9Cl,0cvQPwaZp05oYQmmTIa9Cl,Gawk,Ethyline,Jitters,spotify:album:0ExRkrpsp64G9VJXkVxaoW,TCABR1396250,10,2021-07-06,2023-12-07,True,False,,9,2025-10-19 03:27:19
spotify:track:4NRcWinZz7Kq1ErQPaMIqY,4NRcWinZz7Kq1ErQPaMIqY,Melodía del Río,Ruben Gonzalez,Introducing,spotify:album:4aH9hHamrsRzZm4oSzfcZH,GBBGU9700449,1,2021-07-06,2021-07-06,True,False,,9,2025-10-19 03:27:22
spotify:track:1mKnzPuoEhyGP1dgMvOzfT,1mKnzPuoEhyGP1dgMvOzfT,Gammal fäbodpsalm - Live,ABBA,Live At Wembley Arena,spotify:album:1mc8M9eR9ZIBxqWA2CA4Wo,SEUM71400818,1,2021-07-07,2021-07-07,True,False,,9,2025-10-19 03:28:09
spotify:track:51bylzFSkrMp9kwmMtzN2X,51bylzFSkrMp9kwmMtzN2X,The End of the World - 1997 Remaster,Herman's Hermits,Herman's Hermits,spotify:album:0Wh5CDAsETUmKz4BxN6j7j,GBAYE9701776,1,2021-07-13,2021-07-13,True,False,,9,2025-10-19 03:29:43
spotify:track:5HCyWlXZPP0y6Gqq8TgA20,5HCyWlXZPP0y6Gqq8TgA20,STAY (with Justin Bieber),The Kid LAROI,STAY (with Justin Bieber),spotify:album:4QLAtpLNUsHEYrcHXmMIZZ,USSM12103949,33,2021-07-20,2025-08-06,True,False,,9,2025-10-19 03:32:16
spotify:track:1OY8QeQGKJLfEYtl6zfWZT,1OY8QeQGKJLfEYtl6zfWZT,Life's A Mess II (with Clever & Post Malone),Juice WRLD,Life’s A Mess II (with Clever & Post Malone),spotify:album:3aOjFnLFyskZUtBsrOvfIc,USUG12100793,49,2021-07-26,2023-02-11,True,False,,9,2025-10-19 03:33:01
spotify:track:2lY8B9x9JyQI6SVyp9OdtL,2lY8B9x9JyQI6SVyp9OdtL,Mustard Yellow,Jeremiah de Rozario,Mustard Yellow,spotify:album:7BECaIEpCKN0iFmnm8KxWp,INO132100384,1,2021-07-26,2021-07-26,True,False,,9,2025-10-19 03:33:34
spotify:track:3gPQEzMBsGCVYlsIj40Ud1,3gPQEzMBsGCVYlsIj40Ud1,Kaha Thikana,Advait,Kaha Thikana,spotify:album:2A4ZtobXy8Tqh2Q6haJlIN,QM42K2040241,1,2021-07-26,2021-07-26,True,False,,9,2025-10-19 03:33:38
spotify:track:0E6j1oe4eGdjtb039vhXq8,0E6j1oe4eGdjtb039vhXq8,Ocean Calls My Name,Anupam Roy,Ocean Calls My Name,spotify:album:554nCrw78BshclRnREAjUV,FR10S2173244,1,2021-07-26,2021-07-26,True,False,,9,2025-10-19 03:33:41
spotify:track:4YWeZa7AfJArkijVVq8ayc,4YWeZa7AfJArkijVVq8ayc,Unicorn and the Sheep,Raghav Meattle,Unicorn And The Sheep,spotify:album:1Gd4ISqgkzf5WZHLjzUaHI,INO132004079,1,2021-07-26,2021-07-26,True,False,,9,2025-10-19 03:33:52
spotify:track:12Ud5p81gFX8feLUGpewfV,12Ud5p81gFX8feLUGpewfV,Pashmina,Amit Trivedi,Fitoor,spotify:album:3ztDG95Y1zI3eaCTySv7DU,N/A,2,2021-07-26,2022-10-30,True,False,,9,2025-10-19 03:33:54
spotify:track:25WhTAtgp3PDcDD6O1LDgz,25WhTAtgp3PDcDD6O1LDgz,What Is Love,Dhruv Kapoor,What Is Love,spotify:album:5Vkf1yKJHrIUrB4de4XAmX,QZK6F2044653,1,2021-07-26,2021-07-26,True,False,,9,2025-10-19 03:34:03
spotify:track:18oO0TSyS9lIW9sioZyCNN,18oO0TSyS9lIW9sioZyCNN,Aankhein,Vilen,Aankhein,spotify:album:2HhSeSkvrUKUg2Qu0yZusa,FR10S2106209,2,2021-07-26,2022-02-22,True,False,,9,2025-10-19 03:34:11
spotify:track:1wmJazujJRw7O95gPyiK8s,1wmJazujJRw7O95gPyiK8s,Vyanjan,Akash sharma,Vyanjan,spotify:album:0MBGquan4XEtK35jybd5bt,SE6A92037994,13,2021-08-03,2023-01-11,True,False,,9,2025-10-19 03:34:53
spotify:track:56jqQoogTEdxDetNV0Cvwa,56jqQoogTEdxDetNV0Cvwa,Let's Crack It! - Student Anthem,Naezy,Let's Crack It! - Student Anthem,spotify:album:0rxrt8J9qeIyrHAzWCIj9i,INS171903863,9,2021-08-03,2021-08-14,True,False,,9,2025-10-19 03:34:58
spotify:track:440cThPyGaCXZ3Fx7XkL5Y,440cThPyGaCXZ3Fx7XkL5Y,Yaar,Siddhant Pillai,Yaar,spotify:album:2CbPQOVjcfBtMQSHPwY5mW,ushm82115039,1,2021-08-06,2021-08-06,True,False,,9,2025-10-19 03:35:38
spotify:track:2Cu77Qj7Hte67jMtoEfxZK,2Cu77Qj7Hte67jMtoEfxZK,Kaise Mein Kahun Tujhse,KK,Rehnaa Hai Terre Dil Mein,spotify:album:2wYCe7tPgYvU2A1o6iF9hx,INH100152420,2,2021-08-14,2022-06-01,True,False,,9,2025-10-19 03:36:44
spotify:track:0icg8qRK3vUQcHeAV1HV1s,0icg8qRK3vUQcHeAV1HV1s,Vellai Pookkal,Govind Vasantha,Bisons,spotify:album:5oKqPt3aiDSoyf66MaOVxf,QZDA52056690,1,2021-08-14,2021-08-14,True,False,,9,2025-10-19 03:36:47
spotify:track:3WEAIecyqHWmSGcqy6ZG58,3WEAIecyqHWmSGcqy6ZG58,Duur,Ankur Tewari,Duur,spotify:album:0YcmXUfWj68URcQyNJn0pL,FR96X1802610,1,2021-08-14,2021-08-14,True,False,,9,2025-10-19 03:36:49
spotify:track:0PucsOI5BIccs6OUsVRCY9,0PucsOI5BIccs6OUsVRCY9,Tu Kisi Rail Si,Swanand Kirkire,Masaan,spotify:album:6fGLwbdALZP0XgtcnbrFcJ,N/A,4,2021-08-14,2022-10-30,True,False,,9,2025-10-19 03:36:56
spotify:track:4mYrbFGkk5u3bnDhTj0jAO,4mYrbFGkk5u3bnDhTj0jAO,Raatein,Jasleen Royal,Shivaay,spotify:album:0gCcyIYaX8OK2BcKs8behf,INS181601738,1,2021-08-14,2021-08-14,True,False,,9,2025-10-19 03:37:01
spotify:track:5nG2hbCPI0urycsRN8M3OR,5nG2hbCPI0urycsRN8M3OR,Hey Nijame,Bombay Jayashri,Enai Noki Paayum Thota (Original Motion Picture Soundtrack),spotify:album:3U5xINSfRnUw0vWxJ5phK0,IND291819017,1,2021-08-14,2021-08-14,True,False,,9,2025-10-19 03:37:06
spotify:track:5Dnx5rpAII67a2DtpoXFgt,5Dnx5rpAII67a2DtpoXFgt,Flames - Piano Version,Prateek Kuhad,In Tokens & Charms,spotify:album:1no8c4PYhEMGKXtGg79fMR,UKHAU1700054,1,2021-08-14,2021-08-14,True,False,,9,2025-10-19 03:37:09
spotify:track:5933I3LO3dLvbaO1w640NV,5933I3LO3dLvbaO1w640NV,Kitni Baatein,Shankar-Ehsaan-Loy,Lakshya (Original Motion Picture Soundtrack),spotify:album:2U02MTp5MJnqV54xsJOVIe,INS170400019,6,2021-08-14,2024-12-03,True,False,,9,2025-10-19 03:37:11
spotify:track:39es2uqzKE5p6dwL6OjAZh,39es2uqzKE5p6dwL6OjAZh,Chan Kitthan,Ayushmann Khurrana,Chan Kitthan,spotify:album:7tgozYtfSHfTHFb4UYAJNA,INS181801472,1,2021-08-14,2021-08-14,True,False,,9,2025-10-19 03:37:16
spotify:track:0wr1v0WSbEnmOm0B22yYHz,0wr1v0WSbEnmOm0B22yYHz,tere bina - Acoustic,Zaeden,tere bina,spotify:album:0DiiqwlK2RmAOq7MTlqEqW,INUM71900052,2,2021-08-16,2022-10-30,True,False,,9,2025-10-19 03:37:18
spotify:track:1GkHyypTFkUf0QQKwYoXH4,1GkHyypTFkUf0QQKwYoXH4,You (with Marshmello & Vance Joy),benny blanco,You (with Marshmello & Vance Joy),spotify:album:3U75bXq9LhqZoaGoBCXikn,USUM72100060,2,2021-08-27,2022-03-25,True,False,,9,2025-10-19 03:38:39
spotify:track:03m2VS3eYqKwbHvEykTYl5,03m2VS3eYqKwbHvEykTYl5,shots in the dark (with Trippie Redd),iann dior,Still Here,spotify:album:7cuHMGBUoPL6BV6645cewK,QZJ842000925,1,2021-08-29,2021-08-29,True,False,,9,2025-10-19 03:38:51
spotify:track:1E16f7KcZmuXuhlenRwA2m,1E16f7KcZmuXuhlenRwA2m,Saibo - Lofi Flip,VIBIE,Saibo,spotify:album:4c9FRN0aGll1nzuNwQ68HU,INS172101971,1,2021-08-29,2021-08-29,True,False,,9,2025-10-19 03:38:53
spotify:track:4uZnwiu2fnfTKWn8zt6XZx,4uZnwiu2fnfTKWn8zt6XZx,Zara Sa - Lofi Flip,KK,Zara Sa,spotify:album:6rqYAZTOUBmczFEJM4iNi9,INS172102456,1,2021-08-29,2021-08-29,True,False,,9,2025-10-19 03:38:55
spotify:track:1CsRoIeHaHRysPMoEaKRoQ,1CsRoIeHaHRysPMoEaKRoQ,Tum Mile - Lofi Flip,KSW,Tum Mile,spotify:album:3HLuAGbNIeDhx1MlR9auER,INS172102689,1,2021-08-29,2021-08-29,True,False,,9,2025-10-19 03:38:57
spotify:track:77IPBSEbMAiH7gOGfLllKz,77IPBSEbMAiH7gOGfLllKz,Saiyyan - Lofi Flip,Kailash Kher,Saiyyan,spotify:album:6vGztedlB3X0jouMOYPwmo,INS172102457,1,2021-08-29,2021-08-29,True,False,,9,2025-10-19 03:38:59
spotify:track:7JOFplrLQfYkuEcWCASZDo,7JOFplrLQfYkuEcWCASZDo,Iktara - Lofi Flip,Kavita Seth,Iktara,spotify:album:21bNH0z2JgCevs7f6gNRgJ,INS172102366,1,2021-08-29,2021-08-29,True,False,,9,2025-10-19 03:39:01
spotify:track:37Nqx7iavZpotJSDXZWbJ3,37Nqx7iavZpotJSDXZWbJ3,Girls Want Girls (with Lil Baby),Drake,Certified Lover Boy,spotify:album:3SpBlxme9WbeQdI9kx7KAV,USUG12104399,1,2021-09-04,2021-09-04,True,False,,9,2025-10-19 03:39:20
spotify:track:6OGogr19zPTM4BALXuMQpF,6OGogr19zPTM4BALXuMQpF,Take My Breath - Single Version,The Weeknd,Take My Breath,spotify:album:6DmXKM13nNgIIby2FdK0f8,USUG12102076,1,2021-09-04,2021-09-04,True,False,,9,2025-10-19 03:39:48
spotify:track:24nPaRkx4gEcVWPjSe3HDV,24nPaRkx4gEcVWPjSe3HDV,Ghost,jung jaeil,Parasite (Original Motion Picture Soundtrack),spotify:album:2YiZNBqcSai8kbqu7Mx0lQ,KRA491900339,13,2021-09-18,2023-12-10,True,False,,9,2025-10-19 03:41:16
spotify:track:11KMQy878e4KUhb83110fa,11KMQy878e4KUhb83110fa,The Belt of Faith,jung jaeil,Parasite (Original Motion Picture Soundtrack),spotify:album:2YiZNBqcSai8kbqu7Mx0lQ,KRA491900333,10,2021-09-19,2023-06-08,True,False,,9,2025-10-19 03:41:18
spotify:track:3TLtCHUaiMHcQcJVGVW2p2,3TLtCHUaiMHcQcJVGVW2p2,Do You Remember? - 2016 Remaster,Phil Collins,...But Seriously,spotify:album:1t89giOgPycfALwe2NuVf8,USRH11602146,2,2021-09-20,2021-09-20,True,False,,9,2025-10-19 03:41:45
spotify:track:7aYVldnqgD0ggaW4UiKnSI,7aYVldnqgD0ggaW4UiKnSI,Moon Gwang Left,jung jaeil,Parasite (Original Motion Picture Soundtrack),spotify:album:2YiZNBqcSai8kbqu7Mx0lQ,KRA491900334,6,2021-09-27,2023-06-09,True,False,,9,2025-10-19 03:42:03
spotify:track:099OI5KEJXIIj1GezRIWU0,099OI5KEJXIIj1GezRIWU0,Make Out in My Car - Sufjan Stevens Version,Moses Sumney,Make Out in My Car: Chameleon Suite,spotify:album:2i1xXXX3jYKBtWLRSNu1ee,US38Y1833204,14,2021-10-03,2022-11-26,True,False,,9,2025-10-19 03:42:47
spotify:track:1D3z6HTiQsNmZxjl7F7eoG,1D3z6HTiQsNmZxjl7F7eoG,m y . l i f e (with 21 Savage & Morray),J. Cole,The Off-Season,spotify:album:4JAvwK4APPArjIsOdGoJXX,QMJMT2103634,2,2021-10-10,2021-10-10,True,False,,9,2025-10-19 03:43:30
spotify:track:6V9VCm1zOY2lGR80RehJ9i,6V9VCm1zOY2lGR80RehJ9i,Wichita Lineman - Remastered 2001,Glen Campbell,Wichita Lineman,spotify:album:056tSaBR2WyN1nnmfIzkEE,USCN10100759,2,2021-10-31,2021-11-23,True,False,,9,2025-10-19 03:44:43
spotify:track:5y788ya4NvwhBznoDIcXwK,5y788ya4NvwhBznoDIcXwK,The Sound of Silence - Acoustic Version,Simon & Garfunkel,"Wednesday Morning, 3 A.M.",spotify:album:5pnJrocLlZ3FWEbcr2PTz0,USSM16401419,2,2021-10-31,2021-11-23,True,False,,9,2025-10-19 03:44:45
spotify:track:1aXxjgFceA1j68soTeGsu8,1aXxjgFceA1j68soTeGsu8,For a Few Dollars More - Main Theme,Ennio Morricone,For a Few Dollars More (Original Motion Picture Soundtrack) - Remastered,spotify:album:2snB4Gbk61UOCSMiK51SeF,ITC460200063,2,2021-11-01,2022-03-08,True,False,,9,2025-10-19 03:45:24
spotify:track:0iOZM63lendWRTTeKhZBSC,0iOZM63lendWRTTeKhZBSC,"Mrs. Robinson - From ""The Graduate"" Soundtrack",Simon & Garfunkel,Bookends,spotify:album:3bzgbgiytguTDnwzflAZr2,USSM16800379,3,2021-11-01,2023-10-25,True,False,,9,2025-10-19 03:45:43
spotify:track:6K0Ea7pq2trf6SwsfEKkOp,6K0Ea7pq2trf6SwsfEKkOp,Aye Udi Udi Udi,A.R. Rahman,Saathiya,spotify:album:6BJPcgCN37gDKtPh7gmJ3p,INY090200017,6,2021-11-03,2023-08-13,True,False,,9,2025-10-19 03:46:04
spotify:track:6rI1VO4SULsVF8StpX7KFa,6rI1VO4SULsVF8StpX7KFa,Pyaar Ke Liye,Shankar-Ehsaan-Loy,Thoda Pyaar Thoda Magic,spotify:album:2nOnV0DBaje9A5vI19sFwX,INY090800019,1,2021-11-03,2021-11-03,True,False,,9,2025-10-19 03:46:10
spotify:track:3vjkllvtOIKpVvXSWsu1ta,3vjkllvtOIKpVvXSWsu1ta,Tu Hai,A.R. Rahman,Mohenjo Daro,spotify:album:36UJ90D0e295TvlU109Xvy,INS181601014,2,2021-11-03,2022-12-17,True,False,,9,2025-10-19 03:46:17
spotify:track:0KdDgQgvvh7tYM3jj3n78l,0KdDgQgvvh7tYM3jj3n78l,O Humdum Suniyo Re,A.R. Rahman,Saathiya,spotify:album:6BJPcgCN37gDKtPh7gmJ3p,INY090200019,2,2021-11-03,2022-06-01,True,False,,9,2025-10-19 03:46:24
spotify:track:1H7gMYGykdtwZOV6s1N0by,1H7gMYGykdtwZOV6s1N0by,Norwegian Wood (This Bird Has Flown) - Remastered 2009,The Beatles,Rubber Soul,spotify:album:50o7kf2wLwVmOTVYJOTplm,GBAYE0601480,5,2021-11-03,2025-10-10,True,False,,9,2025-10-19 03:46:31
spotify:track:1HPJOoIVdUPuaebxzMrVaD,1HPJOoIVdUPuaebxzMrVaD,Words - Original Version 1983,F.R. David,Words,spotify:album:3FCGXFULVQiKJkFvo6hMFo,FR6V81029402,2,2021-11-03,2021-11-18,True,False,,9,2025-10-19 03:46:39
spotify:track:5OrVh0Dgi3OzrGTqyHB5M6,5OrVh0Dgi3OzrGTqyHB5M6,Enfance 80 (With Natalia Lacunza),Videoclub,Enfance 80 (With Natalia Lacunza),spotify:album:2nptHRSyBEVKH1zn0kNRfP,FR9W12025156,1,2021-11-03,2021-11-03,True,False,,9,2025-10-19 03:48:27
spotify:track:3r3BFRlz9yikWOJriArorj,3r3BFRlz9yikWOJriArorj,People Can't Stop Chillin',Sports,People Can't Stop Chillin,spotify:album:63UZY6JWcHxjMNWeyxv1Kq,USHM21680811,1,2021-11-04,2021-11-04,True,False,,9,2025-10-19 03:49:36
spotify:track:7MBqVOzb8C3f0FXr2LBLiq,7MBqVOzb8C3f0FXr2LBLiq,"Doobey (From ""Gehraiyaan"")",OAFF,Doobey,spotify:album:48VomBCSqAsYmxI3C3TNSC,INS172104567,5,2022-02-20,2023-01-21,True,False,,10,2025-10-19 03:52:03
spotify:track:3szxldqiYs7nkvtmooRod8,3szxldqiYs7nkvtmooRod8,"Oo Antava Oo Oo Antava (From ""Pushpa - The Rise"")(Telugu)",Devi Sri Prasad,"Oo Antava Oo Oo Antava (From ""Pushpa - The Rise"")(Telugu)",spotify:album:4tXcR4YBqi96HgZlMCBY7v,INA092117886,1,2022-02-20,2022-02-20,True,False,,10,2025-10-19 03:52:13
spotify:track:6FvSS3Goz7OC8oCC2eWqe8,6FvSS3Goz7OC8oCC2eWqe8,Jalebi Baby (Tesher x Jason Derulo),Tesher,Jalebi Baby (Tesher x Jason Derulo),spotify:album:7JXaassDX0q7XtdJLepSGd,USUG12102227,1,2022-02-20,2022-02-20,True,False,,10,2025-10-19 03:52:15
spotify:track:2Y6uY65ZwKl9WbVOvKyZg6,2Y6uY65ZwKl9WbVOvKyZg6,"Accidentally In Love - From ""Shrek 2"" Soundtrack",Counting Crows,Accidentally In Love (From Shrek 2 S/T),spotify:album:2VuCWE3A2QXpC7vECziDsh,USIR10400291,1,2022-02-21,2022-02-21,True,False,,10,2025-10-19 03:53:09
spotify:track:2TzwPoIbAE6g70DBsvUGSt,2TzwPoIbAE6g70DBsvUGSt,New Girl,Labrinth,Euphoria (Original Score from the HBO Series),spotify:album:788r22Bhr3IHLTNPy8pZea,USQX91902496,1,2022-02-28,2022-02-28,True,False,,10,2025-10-19 03:55:44
spotify:track:0A37hzzqwErpPGKF0Qvq2J,0A37hzzqwErpPGKF0Qvq2J,Preparing For Call,Labrinth,Euphoria (Original Score from the HBO Series),spotify:album:788r22Bhr3IHLTNPy8pZea,USQX91902498,1,2022-02-28,2022-02-28,True,False,,10,2025-10-19 03:55:49
spotify:track:2GGhs1MVvDKTDM9eWVU0WX,2GGhs1MVvDKTDM9eWVU0WX,Euphoria Funfair (feat. Gustave Rudman),Labrinth,Euphoria (Original Score from the HBO Series),spotify:album:788r22Bhr3IHLTNPy8pZea,USQX91902513,1,2022-02-28,2022-02-28,True,False,,10,2025-10-19 03:56:02
spotify:track:0hNduWmlWmEmuwEFcYvRu1,0hNduWmlWmEmuwEFcYvRu1,Sunset Lover,Petit Biscuit,Sunset Lover,spotify:album:4Ky2PpWb26OxNabAMffyBw,FRX451599796,2,2022-03-01,2022-03-01,True,False,,10,2025-10-19 03:56:27
spotify:track:63nlJMaoiGYK6jnPzBr7UV,63nlJMaoiGYK6jnPzBr7UV,Uljhe Hue (Raw),Osho Jain,Uljhe Hue,spotify:album:2TsjfAd3rQBFF3pUw6vBTg,FR2X42209032,29,2022-03-02,2023-01-16,True,False,,10,2025-10-19 03:56:29
spotify:track:4hQshoxfKBJlGeYTqnv3U2,4hQshoxfKBJlGeYTqnv3U2,Baarish,Jimmy Khan,Singles,spotify:album:1JtpXFR4FHt5L93LNv0F1Z,QM4TX2009493,2,2022-03-02,2022-03-02,True,False,,10,2025-10-19 03:56:57
spotify:track:5on36dq2B35S2RRGvNQCRo,5on36dq2B35S2RRGvNQCRo,Gumsum,Akanksha Bhandari,Gumsum,spotify:album:21daR74kGnsJmxjfvKIE2r,TCAFW2114479,5,2022-03-02,2022-10-30,True,False,,10,2025-10-19 03:57:06
spotify:track:0hSjuhADCGdKNi5uIWJheK,0hSjuhADCGdKNi5uIWJheK,Zindagi Ki Goud Mein,Dream Note,Zindagi Ki Goud Mein,spotify:album:1Cg13pJXQwZbzOm4tl2EKQ,INO132100830,5,2022-03-02,2022-10-30,True,False,,10,2025-10-19 03:57:14
spotify:track:3PaBfBBp3jJw6sxMp0E669,3PaBfBBp3jJw6sxMp0E669,sophomore sweetheart,sunflower tape machine,sophomore sweetheart,spotify:album:7BF29uGUwtFWrJNV71JkXv,QZHN72136265,2,2022-03-02,2022-03-02,True,False,,10,2025-10-19 03:57:20
spotify:track:5v6qYImm5k36GHlFxdEZyv,5v6qYImm5k36GHlFxdEZyv,Moral of the Story (feat. Niall Horan) - Bonus Track,Ashe,Ashlyn,spotify:album:5eCmZVM5Kspu2B1cyVdSqq,USQE92000087,4,2022-03-04,2022-10-16,True,False,,10,2025-10-19 03:58:11
spotify:track:2bw4WgXyXP90hIex7ur58y,2bw4WgXyXP90hIex7ur58y,The Imperial March (Darth Vader's Theme),John Williams,Star Wars: The Empire Strikes Back - Original Motion Picture Soundtrack,spotify:album:44TnXcUjTIHPBBROepl99a,USWD11785366,49,2022-03-07,2025-07-15,True,False,,10,2025-10-19 03:58:30
spotify:track:6CeCOC2zx1qS8mQNYHe6IM,6CeCOC2zx1qS8mQNYHe6IM,Prologue,John Williams,Harry Potter and The Sorcerer's Stone Original Motion Picture Soundtrack,spotify:album:6zeHM5CV0CjcS0K8ouWE4N,USAT20109180,15,2022-03-07,2024-02-28,True,False,,10,2025-10-19 03:58:33
spotify:track:4V2s08BMEqJWIfa3PcNOpR,4V2s08BMEqJWIfa3PcNOpR,Captain America,Alan Silvestri,Captain America: The First Avenger,spotify:album:0La1Tskamjd6akysepE8r5,USWD11157661,1,2022-03-07,2022-03-07,True,False,,10,2025-10-19 03:58:45
spotify:track:0vPZjeaM0cfbxZJntcD4iy,0vPZjeaM0cfbxZJntcD4iy,"Marvel Studios Fanfare - From ""Thor: The Dark World""/Score",Brian Tyler,Thor: The Dark World,spotify:album:2dTEXpN7fg9cJPKCCyDJ1y,USHR11335285,1,2022-03-07,2022-03-07,True,False,,10,2025-10-19 03:58:48
spotify:track:50dHgEzyYyytE1JxxBUDgj,50dHgEzyYyytE1JxxBUDgj,TVA,Natalie Holt,Loki: Vol. 1 (Episodes 1-3),spotify:album:5Wc11R3nufO8ZAFFhvBGEe,USHR12141639,1,2022-03-07,2022-03-07,True,False,,10,2025-10-19 03:58:50
spotify:track:1hDwBeBz3G5xVYftAjK2BQ,1hDwBeBz3G5xVYftAjK2BQ,Geralt of Rivia,Sonya Belousova,The Witcher (Music from the Netflix Original Series),spotify:album:5tdmyKWNxDlCvYCdJQKGoS,USQX92000197,1,2022-03-07,2022-03-07,True,False,,10,2025-10-19 03:58:52
spotify:track:60ZYLVPmSNY9r0Uquaivvs,60ZYLVPmSNY9r0Uquaivvs,Indiana Jones Theme,John Williams,Classics at the Movies: Adventure,spotify:album:4Ni99xL6RBog7Z1xpdKZCk,HKI199090102,2,2022-03-07,2022-03-21,True,False,,10,2025-10-19 03:58:54
spotify:track:37g1RYWXZP7qPVWm62ffOz,37g1RYWXZP7qPVWm62ffOz,"He's a Pirate (from ""Pirates of the Caribbean: Curse of the Black Pearl"") - From ""Pirates of the Caribbean: The Curse Of the Black Pearl""/Score",Klaus Badelt,A Musical Tour: Treasures of the Walt Disney Archives at The Reagan Library,spotify:album:0GHAq8ItjkL8xRGf9bM7s9,USWD10321341,1,2022-03-07,2022-03-07,True,False,,10,2025-10-19 03:58:56
spotify:track:4yhf8ZB7I5HQuH7Le7w4cw,4yhf8ZB7I5HQuH7Le7w4cw,Heart of Courage,London Music Works,Epic Themes,spotify:album:0Ql5zxMCarQ1QQGBSTbcTL,GBAJC1500305,1,2022-03-07,2022-03-07,True,False,,10,2025-10-19 03:59:02
spotify:track:4lg0h4AJhPMxbO3VMpbUqS,4lg0h4AJhPMxbO3VMpbUqS,Harry's Wondrous World - Extended Version,John Williams,Harry Potter and The Sorcerer's Stone Original Motion Picture Soundtrack,spotify:album:6zeHM5CV0CjcS0K8ouWE4N,USAT20109274,12,2022-03-07,2023-12-12,True,False,,10,2025-10-19 03:59:05
spotify:track:0rSJtqCSAkhKORRpJlk7pL,0rSJtqCSAkhKORRpJlk7pL,The Punisher Main Title,Tyler Bates,The Punisher,spotify:album:4z7w3IoSFgysP7iNpDgUqu,USHR11738219,1,2022-03-07,2022-03-07,True,False,,10,2025-10-19 03:59:12
spotify:track:1QPRmX2e3EZWskuOe5QqxM,1QPRmX2e3EZWskuOe5QqxM,Pink Panther Theme,Henry Mancini,The Pink Panther,spotify:album:4d1o8H5QwEsE6vdxOlC5e3,US3M50672322,1,2022-03-07,2022-03-07,True,False,,10,2025-10-19 03:59:15
spotify:track:5ZSAdkQb23NPIcUGt6exdm,5ZSAdkQb23NPIcUGt6exdm,Cantina Band,John Williams,Star Wars: A New Hope - Original Motion Picture Soundtrack,spotify:album:55gMu4AvAKCbCaGv3GIXgy,USWD11785411,41,2022-03-07,2025-08-18,True,False,,10,2025-10-19 03:59:17
spotify:track:285ieonEuLkll3zknYK2TY,285ieonEuLkll3zknYK2TY,The Last of Us,Gustavo Santaolalla,The Last of Us,spotify:album:2GFFxj8aR2XpwIMYanOPjh,USGSS1300097,1,2022-03-07,2022-03-07,True,False,,10,2025-10-19 03:59:19
spotify:track:1FL7eUG80aeUeyMO2N4btN,1FL7eUG80aeUeyMO2N4btN,Mission: Impossible Theme,Michael Giacchino,Mission: Impossible III,spotify:album:1FuLQGtfibFyfzSDDiEUhK,US3M50673301,1,2022-03-07,2022-03-07,True,False,,10,2025-10-19 03:59:21
spotify:track:3AHtiSNu2dnIKd5EAJPNSy,3AHtiSNu2dnIKd5EAJPNSy,Opening Titles,David Arnold,Sherlock (Soundtrack from the TV series),spotify:album:7pnwVXDpAlgDhLS0B6FFBR,GBAJC1200001,1,2022-03-07,2022-03-07,True,False,,10,2025-10-19 03:59:24
spotify:track:4iPIQG7k3rFp0V36rIJQ0Y,4iPIQG7k3rFp0V36rIJQ0Y,Marvel Studios Fanfare,London Music Works,Music from the Avengers Movies,spotify:album:1rG0b0jBQnc3Va0zL31jfS,GBAJC1900527,1,2022-03-07,2022-03-07,True,False,,10,2025-10-19 03:59:26
spotify:track:3BlIgczFnUcms6qbVJwMrE,3BlIgczFnUcms6qbVJwMrE,Star Wars Main Title & A Galaxy Divided,Kevin Kiner,Star Wars: The Clone Wars,spotify:album:0sfTwsfZkiVMihch9XyL9r,USLIC0800133,1,2022-03-07,2022-03-07,True,False,,10,2025-10-19 03:59:29
spotify:track:644es5aYPJghtZLjM1rmSP,644es5aYPJghtZLjM1rmSP,Concerning Hobbits,Howard Shore,The Lord of the Rings: The Fellowship of the Ring (Original Motion Picture Soundtrack),spotify:album:04rz93AqGy9JduzV3K81Dh,USRE10102103,1,2022-03-07,2022-03-07,True,False,,10,2025-10-19 03:59:35
spotify:track:0kHsXoIt6dONEdkgKgyjoK,0kHsXoIt6dONEdkgKgyjoK,Agatha All Along,Kristen Anderson-Lopez,WandaVision: Episode 7,spotify:album:5ALs5g5Hfd0EaLLzA2Cgza,USHR12141346,1,2022-03-07,2022-03-07,True,False,,10,2025-10-19 03:59:37
spotify:track:10dA8ziqSpYaeeqLGEGKmr,10dA8ziqSpYaeeqLGEGKmr,End Credits,John Williams,Jurassic Park,spotify:album:1yyFmCMeNtuLWsLZAXPStf,USMC10000986,1,2022-03-07,2022-03-07,True,False,,10,2025-10-19 03:59:39
spotify:track:1JVI1KKAhMpK8nSyLS9RQy,1JVI1KKAhMpK8nSyLS9RQy,"The Force Theme (From ""Star Wars"") - Piano Version",Patrik Pietschmann,"The Force Theme (From ""Star Wars"")",spotify:album:5LO9iJgq3B4IOQyQUfcw4T,QZFYW2081802,1,2022-03-07,2022-03-07,True,False,,10,2025-10-19 03:59:41
spotify:track:7L8Hm9mVCeIJAYeGcZekdy,7L8Hm9mVCeIJAYeGcZekdy,The Clones,Kevin Kiner,Star Wars: The Clone Wars,spotify:album:4GBpwL8Q9iRbfhtzlkbrKC,USWD11468918,1,2022-03-07,2022-03-07,True,False,,10,2025-10-19 03:59:43
spotify:track:39zu6JGd6tvRNsqyK78RLk,39zu6JGd6tvRNsqyK78RLk,"Love Theme From ""The Godfather""",Nino Rota,The Godfather,spotify:album:5CeLOKEJeP3EpEdT9v2lep,USMC17251835,1,2022-03-07,2022-03-07,True,False,,10,2025-10-19 03:59:46
spotify:track:7a9UUo3zfID7Ik2fTQjRLi,7a9UUo3zfID7Ik2fTQjRLi,Star Wars (Main Theme),John Williams,Star Wars: The Empire Strikes Back - Original Motion Picture Soundtrack,spotify:album:44TnXcUjTIHPBBROepl99a,USWD11785362,7,2022-03-07,2024-07-31,True,False,,10,2025-10-19 03:59:52
spotify:track:6mfzChQftMMOpP6Z67VLeu,6mfzChQftMMOpP6Z67VLeu,"Eine kleine Nachtmusik in G major, K 525: I. Allegro",London Symphony Orchestra,The London Symphony Orchestra: The Top 100 of Classical Music,spotify:album:1VVCxUFIILH9TlMaO4gHPK,BEX018792463,2,2022-03-07,2022-03-07,True,False,,10,2025-10-19 03:59:54
spotify:track:2Svlb4Z8L8L1CYoJTLlvw6,2Svlb4Z8L8L1CYoJTLlvw6,Game of Thrones - Theme,London Music Works,Game Of Thrones Theme Tune,spotify:album:5ZVMt2Dmphp87UA7M9MzmN,GBAJC1100366,1,2022-03-07,2022-03-07,True,False,,10,2025-10-19 03:59:56
spotify:track:3sPz0HlbbJsiTL1jrrrxGT,3sPz0HlbbJsiTL1jrrrxGT,New York's Only Spider-Man,John Paesano,Marvel’s Spider-Man: Miles Morales,spotify:album:6CaxswOwsM2r7jchhSyTb8,USHR12040679,1,2022-03-07,2022-03-07,True,False,,10,2025-10-19 03:59:58
spotify:track:2STE4DhPXoCz4FgT3Lw1GB,2STE4DhPXoCz4FgT3Lw1GB,Pirates of the Caribbean: Main Title Theme (arr. T. Ricketts),Klaus Badelt,Great Movie Themes 2,spotify:album:14MILVtTgBeZyDC2dCJKpB,HKI190855711,1,2022-03-07,2022-03-07,True,False,,10,2025-10-19 04:00:00
spotify:track:2TZbQZXOuR8osP2AK8yYMN,2TZbQZXOuR8osP2AK8yYMN,Theme From Jurassic Park,John Williams,Jurassic Park,spotify:album:1yyFmCMeNtuLWsLZAXPStf,USMC19340943,1,2022-03-07,2022-03-07,True,False,,10,2025-10-19 04:00:02
spotify:track:7B7ntJ0B84LVY1CljRSB0o,7B7ntJ0B84LVY1CljRSB0o,"Enter the Bad Batch - From ""Star Wars: The Bad Batch""/Score",Kevin Kiner,Enter the Bad Batch,spotify:album:3LWyxWlbxnBdru77X1GrEQ,USWD12110990,1,2022-03-07,2022-03-07,True,False,,10,2025-10-19 04:00:04
spotify:track:3EGMNVARma3sKEkFpxHOcy,3EGMNVARma3sKEkFpxHOcy,Warcraft,Ramin Djawadi,Warcraft (Original Motion Picture Soundtrack),spotify:album:3CAWtwdA53h3WxCk1sdt0r,USQ4E1602150,1,2022-03-07,2022-03-07,True,False,,10,2025-10-19 04:00:06
spotify:track:5r7egnfTIQjaKSGREhIky9,5r7egnfTIQjaKSGREhIky9,Formula 1 Theme,Brian Tyler,Formula 1 Theme,spotify:album:6vZxdK8F5VqytnXgNrjHRM,TCADO1803893,1,2022-03-07,2022-03-07,True,False,,10,2025-10-19 04:00:08
spotify:track:1XkRprkVY9ntVC7KzHrlaZ,1XkRprkVY9ntVC7KzHrlaZ,The Book of Boba Fett,Ludwig Göransson,The Book of Boba Fett: Vol. 1 (Chapters 1-4),spotify:album:36qgdmFn1KjBOSG55PB1Ju,USWD12113499,7,2022-03-07,2025-01-19,True,False,,10,2025-10-19 04:00:10
spotify:track:7g6M0YoqdwFEhh27ngMeMs,7g6M0YoqdwFEhh27ngMeMs,L'hymne national russe,The Red Army Choir,Choeurs de l'armée rouge - Intégrale,spotify:album:2m1KOKSJsO9auAMShRI1Xe,FR6V80403711,1,2022-03-07,2022-03-07,True,False,,10,2025-10-19 04:00:13
spotify:track:5wsHtmFHWntJzcN6n8ivjd,5wsHtmFHWntJzcN6n8ivjd,Rey's Theme,John Williams,Star Wars: The Force Awakens,spotify:album:3fUKGTsiYL1kSroBWBLmmR,USWD11575426,1,2022-03-07,2022-03-07,True,False,,10,2025-10-19 04:00:15
spotify:track:2PiDe13qJZu2mIF67HNXiG,2PiDe13qJZu2mIF67HNXiG,Colonel Bogey - From Bridge Over the River Kwai,London Philharmonic Orchestra,Academy Award Themes,spotify:album:3NUDYyHSXlmD7GOxmlz8Af,NLG620405338,1,2022-03-07,2022-03-07,True,False,,10,2025-10-19 04:00:22
spotify:track:6zW80jVqLtgSF1yCtGHiiD,6zW80jVqLtgSF1yCtGHiiD,The Shire,Howard Shore,The Lord of the Rings: The Fellowship of the Ring - the Complete Recordings,spotify:album:55RTkgUCP7t80hiTUhATMH,USRE10501559,1,2022-03-07,2022-03-07,True,False,,10,2025-10-19 04:00:26
spotify:track:420y9qWviZ4cdneynQWSKr,420y9qWviZ4cdneynQWSKr,March of the Resistance,John Williams,Star Wars: The Force Awakens,spotify:album:3fUKGTsiYL1kSroBWBLmmR,USWD11575436,1,2022-03-07,2022-03-07,True,False,,10,2025-10-19 04:00:31
spotify:track:5POfcpwLoeMuwXSjA5uQIq,5POfcpwLoeMuwXSjA5uQIq,Pirates of the Caribbean,2CELLOS,Let There Be Cello,spotify:album:1tqitQVdu4ygSsO5AABG3F,USSM11806306,1,2022-03-07,2022-03-07,True,False,,10,2025-10-19 04:00:34
spotify:track:6ygcEwkHbFhoWP09e76gRT,6ygcEwkHbFhoWP09e76gRT,I Am Iron Man,John Debney,Original Motion Picture Score Iron Man 2,spotify:album:6bnGdcfwPDRSkj6H8GcbAh,USQX91000578,1,2022-03-07,2022-03-07,True,False,,10,2025-10-19 04:00:40
spotify:track:5POrWnsqEV6HwTcRKLdXxk,5POrWnsqEV6HwTcRKLdXxk,Main on End,Alan Silvestri,Avengers: Endgame,spotify:album:6r4Vfnoifx2CLiTKCaKji8,USHR11939158,1,2022-03-07,2022-03-07,True,False,,10,2025-10-19 04:00:42
spotify:track:35RaFNWvYLgutIP2sO8axR,35RaFNWvYLgutIP2sO8axR,"Showtime, A-holes",Tyler Bates,Guardians of the Galaxy Vol. 2,spotify:album:7zlX0VjDNoIXhZA1IzVN96,USHR11737969,1,2022-03-07,2022-03-07,True,False,,10,2025-10-19 04:00:47
spotify:track:2yTcOciPDc3b3LlpKpl47D,2yTcOciPDc3b3LlpKpl47D,Seven Nation Army,2CELLOS,Let There Be Cello,spotify:album:1tqitQVdu4ygSsO5AABG3F,USSM11804715,1,2022-03-07,2022-03-07,True,False,,10,2025-10-19 04:00:53
spotify:track:5u4B5vUi7cVqcuoKjgCVkg,5u4B5vUi7cVqcuoKjgCVkg,"Bad Batch Theme - From ""Star Wars: The Clone Wars - The Final Season""",Kevin Kiner,Bad Batch Theme,spotify:album:7cTFtIj93bFLmGxhgpEZ6i,USWD12095951,1,2022-03-07,2022-03-07,True,False,,10,2025-10-19 04:01:01
spotify:track:0EBl6YOS1XWsuCi3cXp8JS,0EBl6YOS1XWsuCi3cXp8JS,Transformers Prime,Brian Tyler,Transformers Prime (Music from the Animated Series),spotify:album:6iGPBV7xmrKVOIm3aVlmKb,USLS51225901,1,2022-03-07,2022-03-07,True,False,,10,2025-10-19 04:01:03
spotify:track:3eJkQFkpFpMRGHK57Hw5bC,3eJkQFkpFpMRGHK57Hw5bC,Troopers,Ludwig Göransson,The Mandalorian: Season 2 - Vol. 2 (Chapters 13-16),spotify:album:4xUXCZfINYIV1DdZKomeVx,USWD12000053,1,2022-03-07,2022-03-07,True,False,,10,2025-10-19 04:01:06
spotify:track:7g5H7rvDNnb6VAaLxjCgW5,7g5H7rvDNnb6VAaLxjCgW5,Agents of S.H.I.E.L.D. Overture,Bear McCreary,Marvel's Agents of S.H.I.E.L.D.,spotify:album:0QC50e0EZ0MAYLbbbeit0M,USHR11536689,1,2022-03-07,2022-03-07,True,False,,10,2025-10-19 04:01:08
spotify:track:1u3nu8fNWFua6mQjw4ReEt,1u3nu8fNWFua6mQjw4ReEt,Battle of the Heroes,John Williams,Star Wars: Revenge of the Sith,spotify:album:6zhlos3HFJrWni7rjqxacg,USWD11785338,19,2022-03-07,2025-01-19,True,False,,10,2025-10-19 04:01:11
spotify:track:3ROMQLV9N3HjrcqvV88dSP,3ROMQLV9N3HjrcqvV88dSP,Shang-Chi Main Theme,Samuel Kim,Shang-Chi Main Theme,spotify:album:08Pu5bdam8Jeue9CzUDolF,QZMEP2163960,1,2022-03-07,2022-03-07,True,False,,10,2025-10-19 04:01:13
spotify:track:46EVV01MuKJQvE2LTMuobC,46EVV01MuKJQvE2LTMuobC,It's a Long Road (Theme from First Blood),Jerry Goldsmith,First Blood,spotify:album:0XEikE6zo0QWBjcJil6R2C,USSLF2000060,1,2022-03-07,2022-03-07,True,False,,10,2025-10-19 04:01:15
spotify:track:4j4rlgZJTod9nzA3eFmZEP,4j4rlgZJTod9nzA3eFmZEP,The Batman,Michael Giacchino,The Batman (Original Motion Picture Soundtrack),spotify:album:6Q44I0u2ktOayQLYUnOGNI,USNLR2200002,1,2022-03-07,2022-03-07,True,False,,10,2025-10-19 04:01:17
spotify:track:5wqFGXrd6gHaDcVMY5DDbd,5wqFGXrd6gHaDcVMY5DDbd,Duel of the Fates - Epic Version,Samuel Kim,Star Wars: The Dark Side Collection,spotify:album:0dMzkKAuIp4RzMlmeheT3f,QZK6M1921512,1,2022-03-07,2022-03-07,True,False,,10,2025-10-19 04:01:30
spotify:track:3aDH2C8MwdlxlFSI0B7f0F,3aDH2C8MwdlxlFSI0B7f0F,Welcome to Jurassic World,Michael Giacchino,Jurassic World (Original Motion Picture Soundtrack),spotify:album:2pqi0hewWOKo9uDVLpCVoh,USQ4E1501628,1,2022-03-07,2022-03-07,True,False,,10,2025-10-19 04:01:32
spotify:track:0llzwIl1LZHvOW2GIKJ3jQ,0llzwIl1LZHvOW2GIKJ3jQ,Fallout,Lorne Balfe,Mission: Impossible - Fallout (Music from the Motion Picture),spotify:album:4QPkPa4bxs08SvFTpLwt1T,USKLP1800097,1,2022-03-07,2022-03-07,True,False,,10,2025-10-19 04:01:35
spotify:track:5rQmuNRjKT6t33JlNJbc6I,5rQmuNRjKT6t33JlNJbc6I,"Thor: The Dark World - From ""Thor: The Dark World""/Score",Brian Tyler,Thor: The Dark World,spotify:album:2dTEXpN7fg9cJPKCCyDJ1y,USHR11335262,1,2022-03-07,2022-03-07,True,False,,10,2025-10-19 04:01:37
spotify:track:7iXYRR70wewzVYzWScm99j,7iXYRR70wewzVYzWScm99j,"Gonna Fly Now - Theme From ""Rocky""",Bill Conti,Rocky,spotify:album:6GfrOuXqJrJjcldIstEz6A,USNPD0600582,1,2022-03-07,2022-03-07,True,False,,10,2025-10-19 04:01:39
spotify:track:1n8NKQRg8LVHy7oUhUgbFF,1n8NKQRg8LVHy7oUhUgbFF,Hedwig's Theme,John Williams,Harry Potter and The Sorcerer's Stone Original Motion Picture Soundtrack,spotify:album:6zeHM5CV0CjcS0K8ouWE4N,USAT20109275,5,2022-03-07,2022-05-26,True,False,,10,2025-10-19 04:01:41
spotify:track:3gIrefzyU5WQeuiJh4mbr4,3gIrefzyU5WQeuiJh4mbr4,Boba Fett Theme (The Book of Boba Fett),Samuel Kim,"The Mandalorian: Epic Collection, Vol. 2",spotify:album:4xEDOJPwkwErzIAXMU56Ls,QZFYY2166273,1,2022-03-07,2022-03-07,True,False,,10,2025-10-19 04:01:43
spotify:track:19RdiPkl18jXVfnvMaZBQV,19RdiPkl18jXVfnvMaZBQV,Katioucha,The Red Army Choir,Chants et Marches de la Grande Guerre Patriotique (1941-1945),spotify:album:2SASezdQVWaFLFX41QRTF0,FRX089200157,1,2022-03-07,2022-03-07,True,False,,10,2025-10-19 04:01:45
spotify:track:3RRdmSE4Vytb60hakTWNb3,3RRdmSE4Vytb60hakTWNb3,Peter Gunn,Henry Mancini,Music From Peter Gunn,spotify:album:6MC1PGnqkoY5tpnCiANpg2,USRC19901336,1,2022-03-07,2022-03-07,True,False,,10,2025-10-19 04:01:48
spotify:track:4FCjmvAbW8G6Cui03LrMpy,4FCjmvAbW8G6Cui03LrMpy,F1 2012 - Formula 1 Theme (The Chain),London Music Works,F1 2012 - Formula 1 Theme (The Chain),spotify:album:1juBMYqLCx36YXv0sJCZks,GBAJC1200135,1,2022-03-07,2022-03-07,True,False,,10,2025-10-19 04:01:50
spotify:track:7v5qXdYIOQHbEfyJFbchsQ,7v5qXdYIOQHbEfyJFbchsQ,Kingsman Hoedown,Henry Jackman,Kingsman: The Golden Circle,spotify:album:77dpznYouiYsKpKirLb49p,USFM91700504,1,2022-03-07,2022-03-07,True,False,,10,2025-10-19 04:01:52
spotify:track:3fzL0RuACZtv5cQ6R78Sjq,3fzL0RuACZtv5cQ6R78Sjq,Anakin vs. Obi-Wan,John Williams,Star Wars: Revenge of the Sith,spotify:album:6zhlos3HFJrWni7rjqxacg,USWD11785344,1,2022-03-07,2022-03-07,True,False,,10,2025-10-19 04:01:54
spotify:track:1WYDaSAGpAqleq0FKu0a3m,1WYDaSAGpAqleq0FKu0a3m,Enemy - Epic Version (from Arcane League of Legends),Samuel Kim,Enemy - Epic Version (from Arcane League of Legends),spotify:album:6mNaua7BB413HdDSXkL77k,QZNWY2161921,1,2022-03-07,2022-03-07,True,False,,10,2025-10-19 04:01:56
spotify:track:7MW1YzseA4CGfrZMBLqQWK,7MW1YzseA4CGfrZMBLqQWK,Welcome To Jurassic Park,John Williams,Jurassic Park,spotify:album:1yyFmCMeNtuLWsLZAXPStf,USMC10000978,1,2022-03-07,2022-03-07,True,False,,10,2025-10-19 04:01:58
spotify:track:0WKpYDw1WNmQbFiEURDgeI,0WKpYDw1WNmQbFiEURDgeI,"Going The Distance - From ""Rocky"" Soundtrack / Remastered 2006",Bill Conti,Rocky,spotify:album:6GfrOuXqJrJjcldIstEz6A,USNPD0600583,1,2022-03-07,2022-03-07,True,False,,10,2025-10-19 04:02:00
spotify:track:4EaBMhUIOfnFEbIgqCfKbi,4EaBMhUIOfnFEbIgqCfKbi,The Phantom Of the Opera - From 'The Phantom Of The Opera' Motion Picture,Andrew Lloyd Webber,The Phantom Of The Opera,spotify:album:1zwEN9cLtWg39zFJnj8brt,USSM10414115,1,2022-03-07,2022-03-07,True,False,,10,2025-10-19 04:02:07
spotify:track:4mgVPwEtvXLPhmxCPFNKSi,4mgVPwEtvXLPhmxCPFNKSi,The Mandalorian - Orchestral Version,Ludwig Göransson,The Mandalorian: Chapter 7,spotify:album:4PMsqnolvUGyj1ZRxE1aki,USWD11995698,1,2022-03-07,2022-03-07,True,False,,10,2025-10-19 04:02:09
spotify:track:0juT0SxjBNkTPTHuFJn61I,0juT0SxjBNkTPTHuFJn61I,Beyond My Beloved Horizon,Geoff Zanelli,Pirates of the Caribbean: Dead Men Tell No Tales,spotify:album:4AODHfxPGTDLHyAyMWQi52,USWD11779720,1,2022-03-07,2022-03-07,True,False,,10,2025-10-19 04:02:11
spotify:track:76FAfdFlazdZxS63izv3j4,76FAfdFlazdZxS63izv3j4,If I Were A Rich Man,John Williams,Fiddler On The Roof,spotify:album:06ZOoSKNVRocMIxCrZnl1v,USNPD0801082,1,2022-03-07,2022-03-07,True,False,,10,2025-10-19 04:02:13
spotify:track:3zm3jy3iQlIwRGC7D5LyFz,3zm3jy3iQlIwRGC7D5LyFz,Le Mans 66,Marco Beltrami,Ford v Ferrari,spotify:album:1n4U9TkpKGcaG47DXCVINp,USFM91900471,1,2022-03-07,2022-03-07,True,False,,10,2025-10-19 04:02:15
spotify:track:0x59SC3RmdPKb59kBy9PAM,0x59SC3RmdPKb59kBy9PAM,"Pensacola, Florida (Godzilla Theme)",Junkie XL,Godzilla vs. Kong (Original Motion Picture Soundtrack),spotify:album:37EN8B0uoJ601HAJ0p3j8T,USNLR2100256,1,2022-03-07,2022-03-07,True,False,,10,2025-10-19 04:02:17
spotify:track:5QMl9rfN56MwfWVGzgE7ed,5QMl9rfN56MwfWVGzgE7ed,"Spider-Man Theme - Epic Version (from ""No Way Home Trailer"")",Samuel Kim,"Spider-Man Theme - Epic Version (from ""No Way Home Trailer"")",spotify:album:1Tvd9qXJK7IC6Aejtf28zt,QZMEN2132789,1,2022-03-07,2022-03-07,True,False,,10,2025-10-19 04:02:20
spotify:track:7a3iXf8eqbwciDHZUbfQSQ,7a3iXf8eqbwciDHZUbfQSQ,Star Wars: Imperial March,John Williams,Hollywood Movies Soundtrack,spotify:album:5BlQburSFvbAQrmR8Pd4Mx,FR6V82127180,1,2022-03-07,2022-03-07,True,False,,10,2025-10-19 04:02:28
spotify:track:6EscmbDWTIP17ZgNWOqPlf,6EscmbDWTIP17ZgNWOqPlf,Godzilla Main Title,Bear McCreary,Godzilla: King of the Monsters (Original Motion Picture Soundtrack),spotify:album:6VQkLK6fJO8hFJmEF5dJz4,USNLR1900136,1,2022-03-07,2022-03-07,True,False,,10,2025-10-19 04:02:34
spotify:track:2QTDuJIGKUjR7E2Q6KupIh,2QTDuJIGKUjR7E2Q6KupIh,Test Drive - From How To Train Your Dragon Music From The Motion Picture,John Powell,How To Train Your Dragon - Music From The Motion Picture,spotify:album:1kTnC045mQqurTQvGMGpmU,US3M51001211,1,2022-03-07,2022-03-07,True,False,,10,2025-10-19 04:02:36
spotify:track:5wNLSF0W0NZyu9eRpufdqn,5wNLSF0W0NZyu9eRpufdqn,Legend of the Eagle Bearer (Main Theme),The Flight,Assassin's Creed Odyssey (Original Game Soundtrack),spotify:album:19WTqbdqDMWMthZfkmxSbx,CA2BN1802311,1,2022-03-07,2022-03-07,True,False,,10,2025-10-19 04:02:39
spotify:track:7u5XBHnht6dyoRXRBb5soK,7u5XBHnht6dyoRXRBb5soK,Iron Man 3,Brian Tyler,Iron Man 3,spotify:album:7x6etI9jQ2ePxZUOQaPrbi,USHR11334460,1,2022-03-07,2022-03-07,True,False,,10,2025-10-19 04:02:44
spotify:track:0juPSJLFnLFim7BK6VzTes,0juPSJLFnLFim7BK6VzTes,"The Pink Panther Theme - From ""The Pink Panther""",Henry Mancini,The Pink Panther - Original Soundtrack,spotify:album:4fEGGDaDNDLvXPylhbJdBy,USRC16302654,1,2022-03-07,2022-03-07,True,False,,10,2025-10-19 04:02:47
spotify:track:2cji350vUbvxQ9QwyL5Nkp,2cji350vUbvxQ9QwyL5Nkp,Theme from the Walking Dead,Bear McCreary,The Walking Dead (Original Television Soundtrack),spotify:album:5VDBnlsmkyOlotpdRGn88D,USLS51702801,1,2022-03-07,2022-03-07,True,False,,10,2025-10-19 04:02:49
spotify:track:5T7DUEeAj0hkMLTzIlDCRz,5T7DUEeAj0hkMLTzIlDCRz,Loki Green Theme,Natalie Holt,Loki: Vol. 1 (Episodes 1-3),spotify:album:5Wc11R3nufO8ZAFFhvBGEe,USHR12141797,1,2022-03-07,2022-03-07,True,False,,10,2025-10-19 04:02:51
spotify:track:45JoLwDHP9Pa7U2Rkk7Ug4,45JoLwDHP9Pa7U2Rkk7Ug4,"Main Theme (From ""Loca academia de policía"")",London Music Works,Los 100 Mayores Temas de Película Volumen 3,spotify:album:150TCvcIzSBXDlK44V6o9f,GBAJC1200216,1,2022-03-07,2022-03-07,True,False,,10,2025-10-19 04:02:55
spotify:track:11wKe8bZjcb3npZX6aAcXi,11wKe8bZjcb3npZX6aAcXi,Fallout 4 Main Theme,Inon Zur,Fallout 4 (Original Game Soundtrack),spotify:album:7rGidzYxexJJ0OKin1RRHx,QMTH31500018,1,2022-03-07,2022-03-07,True,False,,10,2025-10-19 04:02:57
spotify:track:5VYWqoXSXY26NYW68hMWwa,5VYWqoXSXY26NYW68hMWwa,Hey Mando!,Ludwig Göransson,The Mandalorian: Chapter 1,spotify:album:4xFmHg5dYvaqmn9ZNQpjWL,USWD11995110,1,2022-03-07,2022-03-07,True,False,,10,2025-10-19 04:02:59
spotify:track:36qn2bFfZzUwM6eIv2XOc9,36qn2bFfZzUwM6eIv2XOc9,Titles,Vangelis,Chariots Of Fire,spotify:album:2G0x71VHZ7XLJlm56LzVX2,NLA028100010,1,2022-03-07,2022-03-07,True,False,,10,2025-10-19 04:03:02
spotify:track:0p4G0l12IHsSaNCl66VUnF,0p4G0l12IHsSaNCl66VUnF,The Prowler,Daniel Pemberton,Spider-Man: Into the Spider-Verse (Original Score),spotify:album:5KP2NReDL2Bv0QLzHSvUwM,US4DG1801188,1,2022-03-08,2022-03-08,True,False,,10,2025-10-19 04:03:05
spotify:track:7mt1kDgB7eLWRKVySvm2Jw,7mt1kDgB7eLWRKVySvm2Jw,"Driving with the Top Down (From ""Iron Man"")",The City of Prague Philharmonic Orchestra,Film Music 2008,spotify:album:4WJsDAnkwHgMqaQYzI012a,GBAJC0800214,1,2022-03-08,2022-03-08,True,False,,10,2025-10-19 04:03:06
spotify:track:4SeYfS8vKD8XiyB5ZyexCx,4SeYfS8vKD8XiyB5ZyexCx,One Final Effort,Martin O'Donnell,Halo 3,spotify:album:57qGJCHgxpUYtDrfCXRsOV,USSR20700619,1,2022-03-08,2022-03-08,True,False,,10,2025-10-19 04:03:16
spotify:track:1mJILM2qFgqW9ZwW55Jw8J,1mJILM2qFgqW9ZwW55Jw8J,Doubleback (Acoustic Instrumental Version),Alan Silvestri,"Back To The Future, Pt. 3",spotify:album:3RzigGiaG1ksl0Lqg4e03E,US3M59027217,1,2022-03-08,2022-03-08,True,False,,10,2025-10-19 04:03:18
spotify:track:6yNPVGljyzMYTxEhL6fLBg,6yNPVGljyzMYTxEhL6fLBg,Theme from Ant-Man,Christophe Beck,Ant-Man,spotify:album:72mY2C05rfAbkHOax2gJYf,USHR11536594,1,2022-03-08,2022-03-08,True,False,,10,2025-10-19 04:03:21
spotify:track:7swocJUCUWTCiRUAU9oerC,7swocJUCUWTCiRUAU9oerC,Halloween Theme - Main Title,John Carpenter,Halloween Motion Picture Soundtrack,spotify:album:1eA3cq4WvDR4yVKChvZewP,TCAAR1072726,1,2022-03-08,2022-03-08,True,False,,10,2025-10-19 04:03:29
spotify:track:5XZw1AA2w7Y5WZI9YQrMhi,5XZw1AA2w7Y5WZI9YQrMhi,Good Omens Opening Title,David Arnold,Good Omens (Original Television Soundtrack),spotify:album:7oDE1GRatrvFpNfeppRdOt,GBCAD1900484,1,2022-03-08,2022-03-08,True,False,,10,2025-10-19 04:03:35
spotify:track:085puTRP6VTmS43xWubCfF,085puTRP6VTmS43xWubCfF,"The Final Bell - From ""Rocky"" Soundtrack / Remastered 2006",Bill Conti,Rocky,spotify:album:6GfrOuXqJrJjcldIstEz6A,USCA20601116,1,2022-03-08,2022-03-08,True,False,,10,2025-10-19 04:03:37
spotify:track:3M0zi8iD2KRzY71XcGFUpE,3M0zi8iD2KRzY71XcGFUpE,On Her Majesty's Secret Service - From “On Her Majesty’s Secret Service” Soundtrack / Remastered 2003,John Barry,On Her Majesty's Secret Service - Expanded Edition,spotify:album:4BVd2gkQNWj30YN5P3r8Av,USMG20200046,1,2022-03-08,2022-03-08,True,False,,10,2025-10-19 04:03:39
spotify:track:3QMozI3U5p1BDf7LGB6dan,3QMozI3U5p1BDf7LGB6dan,Manners Maketh Man,Henry Jackman,Kingsman - The Secret Service (Original Motion Picture Soundtrack),spotify:album:2TFIk6uv7f4GUsZAm3FWNp,TCADH1773183,1,2022-03-08,2022-03-08,True,False,,10,2025-10-19 04:03:44
spotify:track:24xTylaPWS5iVVCxwTTkcv,24xTylaPWS5iVVCxwTTkcv,Who You Really Are,David Arnold,Sherlock Series 4: The Final Problem (Original Television Soundtrack),spotify:album:1Atz019YMT6F2zC4SsIVrs,GBAJC1700031,1,2022-03-08,2022-03-08,True,False,,10,2025-10-19 04:03:49
spotify:track:5HONB1N3YrPfLu4dynQAlC,5HONB1N3YrPfLu4dynQAlC,"Theme (From ""Battlefield 1942"")",London Music Works,The Essential Games Music Collection Vol.1,spotify:album:5QhH32b7wbsjdBRCVoSz0J,GBAJC1100256,1,2022-03-08,2022-03-08,True,False,,10,2025-10-19 04:03:51
spotify:track:1iCbAqODmFfdXPN45ia31b,1iCbAqODmFfdXPN45ia31b,Per un pugno di dollari - Titoli,Ennio Morricone,Per un pugno di dollari (Original Motion Picture Soundtrack),spotify:album:3FmIRibYY6lxuepfJEkTLH,ITB006400699,1,2022-03-08,2022-03-08,True,False,,10,2025-10-19 04:03:57
spotify:track:589AelScFm0FYQ4VG1biJi,589AelScFm0FYQ4VG1biJi,"The James Bond Theme (From ""Dr. No"")",John Barry,The Music Of John Barry,spotify:album:1DtpXIGGw9vQXZvKmqDmKA,GBBBN6600001,1,2022-03-08,2022-03-08,True,False,,10,2025-10-19 04:04:03
spotify:track:74RXECEEdc945gowRY4ebj,74RXECEEdc945gowRY4ebj,Pokémon®,Video Games Live,Level 3,spotify:album:2KHrrZCAkI8HOIJpOqLzET,uscgh1459701,1,2022-03-08,2022-03-08,True,False,,10,2025-10-19 04:04:05
spotify:track:0U6lmEhmRVptZAX7HrauqG,0U6lmEhmRVptZAX7HrauqG,Main Title,Danny Elfman,Spider-Man (Original Motion Picture Score),spotify:album:4B4Ii8d9SyuIiPDrmhcGGw,USSM10205986,1,2022-03-08,2022-03-08,True,False,,10,2025-10-19 04:04:07
spotify:track:2EIDJ4KW5SKt54fA11n7de,2EIDJ4KW5SKt54fA11n7de,Halo Theme Gungnir Mix,Paul Lipson,Halo 2 Anniversary,spotify:album:4rXREhnbTexvhklu6vF6Dq,USA2P1461133,1,2022-03-08,2022-03-08,True,False,,10,2025-10-19 04:04:09
spotify:track:1KDXKiD18khzOIYcYNQNMt,1KDXKiD18khzOIYcYNQNMt,Chariots Of Fire - Edit,Evangelos Papathanassiou,Epic Movie Soundtracks,spotify:album:0uhdqpRGB3FeLzvHVNyWW0,NLF058190002,1,2022-03-08,2022-03-08,True,False,,10,2025-10-19 04:04:14
spotify:track:6enLk2V2s0M6D6PGLjHxYv,6enLk2V2s0M6D6PGLjHxYv,Assassin's Creed IV Black Flag Main Theme,Brian Tyler,Assassin's Creed 4: Black Flag (Original Game Soundtrack),spotify:album:76Sa34PcsBjp52vsjOd0Tz,CA2BN1301153,1,2022-03-08,2022-03-08,True,False,,10,2025-10-19 04:04:17
spotify:track:1XBMeyr1oA6kFRPgDC0q0x,1XBMeyr1oA6kFRPgDC0q0x,Adrenaline,Jack Wall,Call of Duty Black Ops II (Original Game Soundtrack),spotify:album:5Ktys9SYMY2DeqyhGLzQBn,USA2P1272763,1,2022-03-08,2022-03-08,True,False,,10,2025-10-19 04:04:25
spotify:track:2Q84nSfFAHtFNwZhAKH0Sa,2Q84nSfFAHtFNwZhAKH0Sa,Main Title Terminator 2 Theme - Remastered 2017,Brad Fiedel,Terminator 2: Judgment Day,spotify:album:6XvEW217Vz3aergoFkWJDN,FRS439100034,1,2022-03-08,2022-03-08,True,False,,10,2025-10-19 04:04:34
spotify:track:63toFNYr6cHaxMmhd2QmzQ,63toFNYr6cHaxMmhd2QmzQ,Can You Dig It (Iron Man 3 Main Titles),Brian Tyler,Iron Man 3,spotify:album:7x6etI9jQ2ePxZUOQaPrbi,USHR11334479,1,2022-03-08,2022-03-08,True,False,,10,2025-10-19 04:04:36
spotify:track:39TMgQ5mAFp40OJQP1x6vg,39TMgQ5mAFp40OJQP1x6vg,Kai's Theme & Agni Kai,Samuel Kim,Dreamworks Epic Collection,spotify:album:6BNiRQhcMLGu44Van71Opm,QZK6L2086804,1,2022-03-08,2022-03-08,True,False,,10,2025-10-19 04:04:38
spotify:track:1BjmXBrelBxr8DDrS84O99,1BjmXBrelBxr8DDrS84O99,Main Theme,Gareth Coker,ARK,spotify:album:6oPdTuieTzCicl8r1qKvFT,USSR21700184,1,2022-03-08,2022-03-08,True,False,,10,2025-10-19 04:04:44
spotify:track:5aaXqH8rgKZxg61HjECldi,5aaXqH8rgKZxg61HjECldi,No Time for Caution,Hans Zimmer,Interstellar (Original Motion Picture Soundtrack),spotify:album:3B61kSKTxlY36cYgzvf3cP,USNLR1400860,1,2022-03-08,2022-03-08,True,False,,10,2025-10-19 04:04:46
spotify:track:2Y8HNmkp5Nhixxpqts4TUW,2Y8HNmkp5Nhixxpqts4TUW,Star Wars Medley,Peter Hollens,"Covers, Vol. III",spotify:album:3zEKL1CNwJGP0ajJg7OrnQ,USE830907527,1,2022-03-08,2022-03-08,True,False,,10,2025-10-19 04:04:48
spotify:track:3SJalt7jrTvWnaps4CZp8h,3SJalt7jrTvWnaps4CZp8h,Departure of Boba Fett,John Williams,Star Wars: The Empire Strikes Back - Original Motion Picture Soundtrack,spotify:album:44TnXcUjTIHPBBROepl99a,USWD11785367,4,2022-03-08,2022-03-11,True,False,,10,2025-10-19 04:04:50
spotify:track:5cEhagdSGrYJLOaZ1hvM9A,5cEhagdSGrYJLOaZ1hvM9A,Han Solo and the Princess,John Williams,Star Wars: The Empire Strikes Back - Original Motion Picture Soundtrack,spotify:album:44TnXcUjTIHPBBROepl99a,USWD11785368,41,2022-03-08,2025-01-19,True,False,,10,2025-10-19 04:04:53
spotify:track:3HjDvnmiTLKaDalq4u2Hem,3HjDvnmiTLKaDalq4u2Hem,The Throne Room and End Title,John Williams,Star Wars: A New Hope - Original Motion Picture Soundtrack,spotify:album:55gMu4AvAKCbCaGv3GIXgy,USWD11785419,44,2022-03-08,2025-08-17,True,False,,10,2025-10-19 04:05:23
spotify:track:6tTeRmhhuwDl5Y4UiJdHuO,6tTeRmhhuwDl5Y4UiJdHuO,attention (with Justin Bieber),Omah Lay,attention (with Justin Bieber),spotify:album:0fGPQwybhz88QkKXZpfkwj,USWB12200242,1,2022-03-08,2022-03-08,True,False,,10,2025-10-19 04:05:25
spotify:track:7hlYfQpGJWdheP2quiyz8j,7hlYfQpGJWdheP2quiyz8j,Princess Leia's Theme,John Williams,Star Wars: A New Hope - Original Motion Picture Soundtrack,spotify:album:55gMu4AvAKCbCaGv3GIXgy,USWD11785405,39,2022-03-08,2025-07-14,True,False,,10,2025-10-19 04:05:28
spotify:track:5EuJ3bcv8Y2aUIMwkK1Htm,5EuJ3bcv8Y2aUIMwkK1Htm,The Asteroid Field,John Williams,The Empire Strikes Back,spotify:album:5K4ZhagbUGEjPj0peeuZtb,US3M58035305,33,2022-03-08,2025-01-19,True,False,,10,2025-10-19 04:05:30
spotify:track:69f4J5zQkPqzf9IZ36zNQL,69f4J5zQkPqzf9IZ36zNQL,Yoda's Theme,John Williams,Star Wars: The Empire Strikes Back - Original Motion Picture Soundtrack,spotify:album:44TnXcUjTIHPBBROepl99a,USWD11785363,33,2022-03-08,2025-01-19,True,False,,10,2025-10-19 04:05:32
spotify:track:3YE4sUxcxMztblbryEslaG,3YE4sUxcxMztblbryEslaG,The Forest Battle,John Williams,Star Wars: Return of the Jedi - Original Motion Picture Soundtrack,spotify:album:1gt4PAxdMmq5DUV7tyuNxx,USWD11785357,24,2022-03-08,2025-01-19,True,False,,10,2025-10-19 04:05:34
spotify:track:4SDLH34rwro1NgA7YUFYYW,4SDLH34rwro1NgA7YUFYYW,Kya Pata,Osho Jain,Kya Pata,spotify:album:2nhsrvtRa75JamYVw6woON,FR96X2014355,1,2022-03-08,2022-03-08,True,False,,10,2025-10-19 04:05:44
spotify:track:6pvpFQ2jaI6oXAswo3GSUW,6pvpFQ2jaI6oXAswo3GSUW,Dariya,Vismay Patel,Dariya,spotify:album:5waD3IDJagOpwrRfGggHBV,FRX452145515,8,2022-03-08,2022-12-14,True,False,,10,2025-10-19 04:05:46
spotify:track:7yHpjfYiFCKs0pFSUndEuI,7yHpjfYiFCKs0pFSUndEuI,Cold Cold Night,Raghav Meattle,Cold Cold Night,spotify:album:1WuSRJC0L115CkTTMOCTuy,GBKPL2164550,2,2022-03-08,2022-03-09,True,False,,10,2025-10-19 04:05:51
spotify:track:7JIIY2oDPFkURYMCLJuzhe,7JIIY2oDPFkURYMCLJuzhe,"Elliot's Song - From ""Euphoria"" An HBO Original Series",Dominic Fike,Elliot's Song,spotify:album:67WBZwhfjfOQ5gnH8iXsQ8,USQX92201160,32,2022-03-09,2023-06-23,True,False,,10,2025-10-19 04:05:53
spotify:track:5wHev6skr9cndexgt70Ez6,5wHev6skr9cndexgt70Ez6,The Training of a Jedi Knight,John Williams,Star Wars: The Empire Strikes Back - Original Motion Picture Soundtrack,spotify:album:44TnXcUjTIHPBBROepl99a,USWD11785364,3,2022-03-09,2022-03-11,True,False,,10,2025-10-19 04:06:22
spotify:track:3pJLKix3d24kLmWbVwWmt2,3pJLKix3d24kLmWbVwWmt2,The Heroics of Luke and Han,John Williams,Star Wars: The Empire Strikes Back - Original Motion Picture Soundtrack,spotify:album:44TnXcUjTIHPBBROepl99a,USWD11785365,3,2022-03-09,2022-03-11,True,False,,10,2025-10-19 04:06:24
spotify:track:6LtHYDgYHRCHoKK3snfr2w,6LtHYDgYHRCHoKK3snfr2w,I’m Tired (with Zendaya) - Bonus Track,Labrinth,I’m Tired (with Zendaya) - Bonus Track,spotify:album:28phJkFTSPLnwo555dFLKu,USQX92200588,29,2022-03-10,2023-06-22,True,False,,10,2025-10-19 04:06:26
spotify:track:2Tq3fayHpjP2nOZlBEjt3N,2Tq3fayHpjP2nOZlBEjt3N,I Wanted to Leave,SYML,You Knew It Was Me,spotify:album:4vjD743S9q9qAgKFtXWJ3a,CAN112000416,1,2022-03-10,2022-03-10,True,False,,10,2025-10-19 04:06:53
spotify:track:4ERdD8UDCFMoF35uQVh9Mc,4ERdD8UDCFMoF35uQVh9Mc,Hyperspace,John Williams,Star Wars: The Empire Strikes Back - Original Motion Picture Soundtrack,spotify:album:44TnXcUjTIHPBBROepl99a,USWD11785369,1,2022-03-10,2022-03-10,True,False,,10,2025-10-19 04:06:59
spotify:track:6quL0XEmUeHqbXTStEXCJx,6quL0XEmUeHqbXTStEXCJx,The Battle in the Snow,John Williams,Star Wars: The Empire Strikes Back - Original Motion Picture Soundtrack,spotify:album:44TnXcUjTIHPBBROepl99a,USWD11785370,1,2022-03-10,2022-03-10,True,False,,10,2025-10-19 04:07:02
spotify:track:6yj7fSEuePRyaYO5gIbGSx,6yj7fSEuePRyaYO5gIbGSx,The Asteroid Field,John Williams,Star Wars: The Empire Strikes Back - Original Motion Picture Soundtrack,spotify:album:44TnXcUjTIHPBBROepl99a,USWD11785371,1,2022-03-10,2022-03-10,True,False,,10,2025-10-19 04:07:04
spotify:track:4mDrSbQKLmQlJ3sf19Hg6Q,4mDrSbQKLmQlJ3sf19Hg6Q,The City in the Clouds,John Williams,Star Wars: The Empire Strikes Back - Original Motion Picture Soundtrack,spotify:album:44TnXcUjTIHPBBROepl99a,USWD11785372,1,2022-03-10,2022-03-10,True,False,,10,2025-10-19 04:07:07
spotify:track:0Q9LIPNdjWUfK5uLwWmTSg,0Q9LIPNdjWUfK5uLwWmTSg,Rebels at Bay,John Williams,Star Wars: The Empire Strikes Back - Original Motion Picture Soundtrack,spotify:album:44TnXcUjTIHPBBROepl99a,USWD11785373,1,2022-03-10,2022-03-10,True,False,,10,2025-10-19 04:07:09
spotify:track:2BinLD35GaTzdedSskSDaS,2BinLD35GaTzdedSskSDaS,Yoda and the Force,John Williams,Star Wars: The Empire Strikes Back - Original Motion Picture Soundtrack,spotify:album:44TnXcUjTIHPBBROepl99a,USWD11785374,1,2022-03-10,2022-03-10,True,False,,10,2025-10-19 04:07:11
spotify:track:4jD8NK5zYi5ejf3krMkYfP,4jD8NK5zYi5ejf3krMkYfP,The Duel,John Williams,Star Wars: The Empire Strikes Back - Original Motion Picture Soundtrack,spotify:album:44TnXcUjTIHPBBROepl99a,USWD11785375,1,2022-03-10,2022-03-10,True,False,,10,2025-10-19 04:07:14
spotify:track:65u1dHQyQyE4y4aN2eDmMF,65u1dHQyQyE4y4aN2eDmMF,$$$ - with Matt Ox,XXXTENTACION,?,spotify:album:2Ti79nwTsont5ZHfdxIzAm,USUG11800448,1,2022-03-21,2022-03-21,True,False,,10,2025-10-19 04:09:05
spotify:track:14boA065HMHWvqyPPEeN4y,14boA065HMHWvqyPPEeN4y,"I don’t even speak spanish lol - feat. Rio Santana, Judah, Andrez Babii",XXXTENTACION,?,spotify:album:2Ti79nwTsont5ZHfdxIzAm,USUG11800451,2,2022-03-21,2022-04-01,True,False,,10,2025-10-19 04:09:10
spotify:track:00Blm7zeNqgYLPtW6zg8cj,00Blm7zeNqgYLPtW6zg8cj,One Right Now (with The Weeknd),Post Malone,One Right Now,spotify:album:6fgSKdHloRioPrZ9oJC7FH,USUM72120404,5,2022-03-21,2023-04-21,True,False,,10,2025-10-19 04:09:26
spotify:track:6bp0DUXnsAdLbueBfFTPFn,6bp0DUXnsAdLbueBfFTPFn,The Descent,Blue Wednesday,In My Head,spotify:album:4qXFRv89pwobNKRZjM7mvH,GBLV62116229,1,2022-03-31,2022-03-31,True,False,,10,2025-10-19 04:12:55
spotify:track:4W1JavoraGzh83nluQHY6C,4W1JavoraGzh83nluQHY6C,You Were Loved (with OneRepublic),Gryffin,You Were Loved (with OneRepublic),spotify:album:6fSPZKwEPxrHfQcdLz83EY,USUM72204688,56,2022-04-01,2023-06-16,True,False,,10,2025-10-19 04:13:22
spotify:track:5iBPvxPJRyC9LwuJ48Xw81,5iBPvxPJRyC9LwuJ48Xw81,Ruby Tuesday - Mono,The Rolling Stones,Reflection,spotify:album:1DFoNH8zv8xejlMcjV99Lr,USA171610093,1,2022-04-01,2022-04-01,True,False,,10,2025-10-19 04:13:29
spotify:track:3cOYrA35pfe2K6Ij3JCpkn,3cOYrA35pfe2K6Ij3JCpkn,Lose My Mind (feat. Josh Franceschi) - Acoustic,James Arthur,Lose My Mind (feat. Josh Franceschi),spotify:album:35nzWgbfU1wfUP3vfJN7Av,DEE862200392,17,2022-04-01,2023-04-12,True,False,,10,2025-10-19 04:14:18
spotify:track:411Qw9Ker9WOiLYe13RbKa,411Qw9Ker9WOiLYe13RbKa,Blackbird,Imaginary Future,Blackbird,spotify:album:4V6jUo9Ix3g8BfEbond0Lk,QZDA82238780,39,2022-04-01,2023-04-11,True,False,,10,2025-10-19 04:14:20
spotify:track:4MnDLNhqL6HuSzFO4b4rvJ,4MnDLNhqL6HuSzFO4b4rvJ,Aaj Kal Zindagi,Shankar-Ehsaan-Loy,Wake Up Sid (Original Motion Picture Soundtrack),spotify:album:1fzE65RP7Gyhi8hdOv8eRQ,INS170900328,35,2022-04-02,2025-01-02,True,False,,10,2025-10-19 04:15:30
spotify:track:6AKWp18rxG3DZTxp6A2E2T,6AKWp18rxG3DZTxp6A2E2T,Aao Naa,Sadhana Sargam,Kyun! Ho Gaya Na - Original Motion Picture Soundtrack,spotify:album:20GBMAljgcOEgXvS8CnePK,INT100400042,5,2022-04-02,2023-08-21,True,False,,10,2025-10-19 04:15:46
spotify:track:6JyuJFedEvPmdWQW0PkbGJ,6JyuJFedEvPmdWQW0PkbGJ,Purple Lamborghini (with Rick Ross),Skrillex,Purple Lamborghini (with Rick Ross),spotify:album:3W6iNTF9ajh2btsyxslpCY,USAT21602007,2,2022-04-03,2022-04-04,True,False,,10,2025-10-19 04:16:06
spotify:track:7Cg3F9ZsZ2TYUnlza49NYh,7Cg3F9ZsZ2TYUnlza49NYh,Kong,Bonobo,Black Sands,spotify:album:5m1RkwKeU7MV0Ni6PH2lPy,GBCFB1000003,2,2022-04-04,2022-06-14,True,False,,10,2025-10-19 04:16:16
spotify:track:6JrAEmBFd61eYIGVOSPnT4,6JrAEmBFd61eYIGVOSPnT4,Wicked Games (feat. Anna Naklab) - Radio Edit,Parra for Cuva,Wicked Games (feat. Anna Naklab),spotify:album:5pqiHmyrsBIRTLUoIhT8oz,NLZ541300724,2,2022-04-04,2022-06-14,True,False,,10,2025-10-19 04:16:18
spotify:track:5W8HXMOMLtXLz0RGKUtnlZ,5W8HXMOMLtXLz0RGKUtnlZ,"Last One Standing (feat. Polo G, Mozzy & Eminem) - From Venom: Let There Be Carnage",Skylar Grey,"Last One Standing (feat. Polo G, Mozzy & Eminem)",spotify:album:2ZaFqYD9a3U6qJhyS2LDRf,USUM72118408,1,2022-04-04,2022-04-04,True,False,,10,2025-10-19 04:16:20
spotify:track:23dwrzeJtEEGl2U4CPWSor,23dwrzeJtEEGl2U4CPWSor,"Runnin (with A$AP Rocky, A$AP Ferg & Nicki Minaj)",Mike WiLL Made-It,Creed II: The Album,spotify:album:7kSa9AwcDQ6ZUScaXxp8zP,USUM71820112,1,2022-04-04,2022-04-04,True,False,,10,2025-10-19 04:16:49
spotify:track:3UCYp1hyLw59Gw9dnyg7ck,3UCYp1hyLw59Gw9dnyg7ck,"Yeh I Fuckin' Did It - From ""Euphoria"" An HBO Original Series",Labrinth,Yeh I Fuckin' Did It,spotify:album:16IQ46wzzPmSNvxjO7ndvO,USQX92200510,1,2022-04-04,2022-04-04,True,False,,10,2025-10-19 04:17:44
spotify:track:4Eg7v0KWEnBHu454yzp7DM,4Eg7v0KWEnBHu454yzp7DM,Remember - Remix,King Henry,Remember,spotify:album:0DktdQsPOCOJQyx90V0hx5,TCAFB2067368,1,2022-04-05,2022-04-05,True,False,,10,2025-10-19 04:18:52
spotify:track:0ZNg3I2kga2XnqKp1Y9PeZ,0ZNg3I2kga2XnqKp1Y9PeZ,Wo Ajnabee,Mithoon,The Train,spotify:album:1GFvChouNq6BNSjhSi6XKP,INS180702209,5,2022-04-05,2023-04-03,True,False,,10,2025-10-19 04:18:54
spotify:track:369C9qXxeoYoVRdsrpY5VX,369C9qXxeoYoVRdsrpY5VX,Man Lafanga,R. Anandh,Lafangey Parindey,spotify:album:2nbBmlYhFZ4DViYT2AdCQX,INY091000009,2,2022-04-05,2022-04-05,True,False,,10,2025-10-19 04:18:57
spotify:track:6PS1YRjdJ5Muakh2oh0UB2,6PS1YRjdJ5Muakh2oh0UB2,Against All Odds (Take A Look at Me Now) - Mariah Only,Mariah Carey,Against All Odds (Take A Look at Me Now) EP,spotify:album:3Jx6tgsjoX2oL7vqfnb89j,USSM10015029,1,2022-05-13,2022-05-13,True,False,,11,2025-10-19 04:19:40
spotify:track:6aw26tMh7aY9S7rqQDDaIQ,6aw26tMh7aY9S7rqQDDaIQ,Thinking Of You (I Drive Myself Crazy) - Remix,*NSYNC,'N Sync UK Version,spotify:album:7K5qlneuWF1CcY6ERzwkLB,DEA819800774,1,2022-05-14,2022-05-14,True,False,,11,2025-10-19 04:19:53
spotify:track:1UgXUGQnYkDYNO9TdM0GFu,1UgXUGQnYkDYNO9TdM0GFu,The Fundamentals,Arthur Ahbez,Gold,spotify:album:2oGsFve7xyuNQgDMJpCBq0,QMPK41300158,1,2022-05-16,2022-05-16,True,False,,11,2025-10-19 04:21:28
spotify:track:4xIct9zs1ghQVscXQFCZzw,4xIct9zs1ghQVscXQFCZzw,Hush 2,Atlantic Haze,Hush 2,spotify:album:434ZdNGCZYWHfy7W6ajp4O,USA2P1541713,1,2022-05-16,2022-05-16,True,False,,11,2025-10-19 04:21:30
spotify:track:27AWHxCwzaEPt82AzgxrWu,27AWHxCwzaEPt82AzgxrWu,Akuma no Ko (Attack on Titan),Kayou. Beats,Anime Lofi Beats 4,spotify:album:5mcShLXGLaaMLPZdogWx2P,QZPJ32138469,3,2022-05-17,2022-06-14,True,False,,11,2025-10-19 04:21:37
spotify:track:7Dv9LdZ28cIuBnwxVyeOrj,7Dv9LdZ28cIuBnwxVyeOrj,One Summer's Day (Spirited Away),Kayou. Beats,Anime Lofi Beats 4,spotify:album:5mcShLXGLaaMLPZdogWx2P,QZPJ32163899,1,2022-05-17,2022-05-17,True,False,,11,2025-10-19 04:21:39
spotify:track:5G5KdLNP5eiTL6Z1YwmGTf,5G5KdLNP5eiTL6Z1YwmGTf,Shinzou wo Sasageyo! (Attack on Titan),Kayou. Beats,Anime Lofi Beats 4,spotify:album:5mcShLXGLaaMLPZdogWx2P,QZPJ32163900,1,2022-05-17,2022-05-17,True,False,,11,2025-10-19 04:21:42
spotify:track:0lLtk96rwrlSLQDKTKkejx,0lLtk96rwrlSLQDKTKkejx,When You're Looking Like That - Single Remix,Westlife,World of Our Own,spotify:album:5FECTGZ9UdITzeo7o0AhUZ,GBARL0100059,2,2022-05-18,2022-05-19,True,False,,11,2025-10-19 04:21:52
spotify:track:3OstcKMtyogKNq560fIPdl,3OstcKMtyogKNq560fIPdl,Lonely Heart,OAFF,Lonely Heart,spotify:album:3dq3ExMN0CVozlx6neudiS,INO131605120,1,2022-05-24,2022-05-24,True,False,,11,2025-10-19 04:24:00
spotify:track:5e7FlIZMy1ndoNPewGZSu5,5e7FlIZMy1ndoNPewGZSu5,Aage Bhi Jane Na Tu,Asha Bhosle,Waqt,spotify:album:2VaZuBoHrq8YWC1WMKt1aI,INH109240150,1,2022-05-24,2022-05-24,True,False,,11,2025-10-19 04:24:19
spotify:track:17fuk23OiXYIBAMJWG2rtk,17fuk23OiXYIBAMJWG2rtk,Fake Ishq,Kailash Kher,Housefull 3,spotify:album:6OzzQNZsiOz4Cmdq1CxT4j,INS181600722,1,2022-05-24,2022-05-24,True,False,,11,2025-10-19 04:24:50
spotify:track:09Hjv8GEDhzPxqiJCw8dSB,09Hjv8GEDhzPxqiJCw8dSB,Shadow (feat. IRO) - From Songland,Macklemore,Shadow (feat. IRO),spotify:album:2TZgCoAnwX3YJmOfyC2SF3,QZ8TY1900002,1,2022-05-24,2022-05-24,True,False,,11,2025-10-19 04:25:03
spotify:track:4QIhWFO2vfdJtDKRpyD9DP,4QIhWFO2vfdJtDKRpyD9DP,Remember,King Henry,Remember,spotify:album:1Qw6kCV9HPby6Pt8nkOiFR,TCAEW2083653,1,2022-05-29,2022-05-29,True,False,,11,2025-10-19 04:26:10
spotify:track:7uNE93EBThRWeC0kzuC6AB,7uNE93EBThRWeC0kzuC6AB,Viva La Vida,Alex Goot,"Alex Goot & Friends, Vol. 7",spotify:album:6fE9yuWWXKO0HzJD2VDOTs,QM24S2202187,1,2022-05-29,2022-05-29,True,False,,11,2025-10-19 04:26:12
spotify:track:4XUvZ8xgmnI6MoJzYK6xqB,4XUvZ8xgmnI6MoJzYK6xqB,Dawn of the Moon,Alex Goot,"Alex Goot & Friends, Vol. 7",spotify:album:6fE9yuWWXKO0HzJD2VDOTs,QM24S2200143,1,2022-05-29,2022-05-29,True,False,,11,2025-10-19 04:26:21
spotify:track:1sPkhUHsL190rby9NOVohV,1sPkhUHsL190rby9NOVohV,Faded (Acoustic),Alex Goot,"Alex Goot & Friends, Vol. 7",spotify:album:6fE9yuWWXKO0HzJD2VDOTs,QM24S2107604,1,2022-05-29,2022-05-29,True,False,,11,2025-10-19 04:26:23
spotify:track:4sMoFx4BfIilR6YOWH4tLq,4sMoFx4BfIilR6YOWH4tLq,Easy On Me,Alex Goot,"Alex Goot & Friends, Vol. 7",spotify:album:6fE9yuWWXKO0HzJD2VDOTs,QM24S2107466,1,2022-05-29,2022-05-29,True,False,,11,2025-10-19 04:26:26
spotify:track:5acwzpyUBNeNyLtjFQk9YF,5acwzpyUBNeNyLtjFQk9YF,Pokémon Theme,Alex Goot,"Alex Goot & Friends, Vol. 7",spotify:album:6fE9yuWWXKO0HzJD2VDOTs,QM24S2106900,1,2022-05-29,2022-05-29,True,False,,11,2025-10-19 04:26:28
spotify:track:1rw0ILVRTitLHMzSMqH5FU,1rw0ILVRTitLHMzSMqH5FU,Enemy (Acoustic),Alex Goot,"Alex Goot & Friends, Vol. 7",spotify:album:6fE9yuWWXKO0HzJD2VDOTs,QM24S2167352,1,2022-05-29,2022-05-29,True,False,,11,2025-10-19 04:26:30
spotify:track:0xo4bXV7L1BwtnpIPe6gP2,0xo4bXV7L1BwtnpIPe6gP2,Shivers,Alex Goot,"Alex Goot & Friends, Vol. 7",spotify:album:6fE9yuWWXKO0HzJD2VDOTs,QM24S2106618,1,2022-05-29,2022-05-29,True,False,,11,2025-10-19 04:26:32
spotify:track:15e9gRxB0RXngItGFLLAe3,15e9gRxB0RXngItGFLLAe3,Bad Habits,Alex Goot,"Alex Goot & Friends, Vol. 7",spotify:album:6fE9yuWWXKO0HzJD2VDOTs,QM24S2106511,2,2022-05-29,2022-09-12,True,False,,11,2025-10-19 04:26:34
spotify:track:4rjRcDZBVeFe76eOKfD6p5,4rjRcDZBVeFe76eOKfD6p5,Mad World,Alex Goot,"Alex Goot & Friends, Vol. 7",spotify:album:6fE9yuWWXKO0HzJD2VDOTs,QM24S2105903,1,2022-05-29,2022-05-29,True,False,,11,2025-10-19 04:26:37
spotify:track:0UxtmfQlkzvq0z70H2ZKpt,0UxtmfQlkzvq0z70H2ZKpt,Hotel California,Alex Goot,"Alex Goot & Friends, Vol. 7",spotify:album:6fE9yuWWXKO0HzJD2VDOTs,QM24S2104886,1,2022-05-29,2022-05-29,True,False,,11,2025-10-19 04:26:42
spotify:track:7kyhut13Wjl7CYj4kczGp7,7kyhut13Wjl7CYj4kczGp7,My Immortal,Alex Goot,"Alex Goot & Friends, Vol. 7",spotify:album:6fE9yuWWXKO0HzJD2VDOTs,QM24S2102778,1,2022-05-29,2022-05-29,True,False,,11,2025-10-19 04:26:45
spotify:track:59B9bYo1FKBZym6zaGv4RY,59B9bYo1FKBZym6zaGv4RY,With Or Without You (Acoustic),Alex Goot,"Alex Goot & Friends, Vol. 7",spotify:album:6fE9yuWWXKO0HzJD2VDOTs,QM24S2102640,1,2022-05-29,2022-05-29,True,False,,11,2025-10-19 04:26:47
spotify:track:4lWYSr4ML2VMFY0YCdLKNr,4lWYSr4ML2VMFY0YCdLKNr,you broke me first (Acoustic),Alex Goot,"Alex Goot & Friends, Vol. 7",spotify:album:6fE9yuWWXKO0HzJD2VDOTs,QM24S2100014,2,2022-05-29,2022-09-12,True,False,,11,2025-10-19 04:26:49
spotify:track:0upk4BzR6MtVZZoFHr6MiT,0upk4BzR6MtVZZoFHr6MiT,Bring Me To Life (Acoustic),Alex Goot,"Alex Goot & Friends, Vol. 7",spotify:album:6fE9yuWWXKO0HzJD2VDOTs,QM24S2011104,1,2022-05-29,2022-05-29,True,False,,11,2025-10-19 04:26:52
spotify:track:6k5F75TOLRr796u1hPkLjm,6k5F75TOLRr796u1hPkLjm,Darkside,Alex Goot,"Alex Goot & Friends, Vol. 7",spotify:album:6fE9yuWWXKO0HzJD2VDOTs,QM24S1927861,1,2022-05-29,2022-05-29,True,False,,11,2025-10-19 04:26:57
spotify:track:5Adkml0TNwTH2QZevwh6zk,5Adkml0TNwTH2QZevwh6zk,Yellow,Alex Goot,"Alex Goot & Friends, Vol. 7",spotify:album:6fE9yuWWXKO0HzJD2VDOTs,QM24S1914877,1,2022-05-29,2022-05-29,True,False,,11,2025-10-19 04:26:59
spotify:track:0uSaKNTq5fzusKr3Dha8Ky,0uSaKNTq5fzusKr3Dha8Ky,Let Me Down Slowly,Alex Goot,"Alex Goot & Friends, Vol. 7",spotify:album:6fE9yuWWXKO0HzJD2VDOTs,QM24S1910718,1,2022-05-29,2022-05-29,True,False,,11,2025-10-19 04:27:01
spotify:track:2sbZV9KLNfnLWBKXWABLAC,2sbZV9KLNfnLWBKXWABLAC,Darlene - Vocal,Harvey & The Phenomenals,"Boddie Recording Company: Cleveland, OH.",spotify:album:4KtE8BIn71ZC8bn6PTmDns,USCW61103534,9,2022-05-30,2023-12-06,True,False,,11,2025-10-19 04:27:51
spotify:track:0gPgdRfB4jdGrlyXS0Vx78,0gPgdRfB4jdGrlyXS0Vx78,Khuda Jaane,Vishal-Shekhar,Bachna Ae Haseeno,spotify:album:4mFLdK8SkUo3cx8ERLQC92,INY090800026,7,2022-06-01,2025-08-06,True,False,,11,2025-10-19 04:28:20
spotify:track:1fBCsyUzo8XJywqCauGrwU,1fBCsyUzo8XJywqCauGrwU,Kya Mujhe Pyar Hai (Lofi),DJ Glory,Kya Mujhe Pyar Hai (Lofi),spotify:album:2crZP6ydfzOG8RpS8IDr9V,IND862101073,1,2022-06-01,2022-06-01,True,False,,11,2025-10-19 04:28:26
spotify:track:3ppaMjhBDxRi2kTpawOSJn,3ppaMjhBDxRi2kTpawOSJn,My Heart is Beating,KK,Jalsa,spotify:album:4TmtWuheIr8ejxIjBpLU2u,INA090811336,1,2022-06-01,2022-06-01,True,False,,11,2025-10-19 04:28:35
spotify:track:2kTDVnaGALMMFF1T1K2jPE,2kTDVnaGALMMFF1T1K2jPE,Nee Kosame,KK,Nuvvu Nenu,spotify:album:07JX07WvwCDtKoikdB57cJ,INA090208896,1,2022-06-01,2022-06-01,True,False,,11,2025-10-19 04:28:57
spotify:track:59nB7okW0qhj6924cjimOH,59nB7okW0qhj6924cjimOH,Zero Hour Mashup 2015(Remix By Dj Kiran Kamath),Amaal Mallik,Zero Hour Mashup 2015,spotify:album:5tyPxCCuXUuXfztVci3thi,INS181502179,1,2022-06-01,2022-06-01,True,False,,11,2025-10-19 04:29:05
spotify:track:4vQ0PCcy5uPJBgLxCKarKK,4vQ0PCcy5uPJBgLxCKarKK,Aashayein - Slow Version,KK,Iqbal - Original Motion Picture Soundtrack,spotify:album:4D3xYBNQoLgpUhmsH5A0Ld,INT101402274,1,2022-06-01,2022-06-01,True,False,,11,2025-10-19 04:29:07
spotify:track:32vE1nuG8T9c8bhmZdRY6d,32vE1nuG8T9c8bhmZdRY6d,Cooped Up (with Roddy Ricch),Post Malone,Twelve Carat Toothache,spotify:album:3HHNR44YbP7XogMVwzbodx,USUM72208020,51,2022-06-06,2023-03-29,True,False,,11,2025-10-19 04:33:46
spotify:track:0O6u0VJ46W86TxN9wgyqDj,0O6u0VJ46W86TxN9wgyqDj,I Like You (A Happier Song) (with Doja Cat),Post Malone,Twelve Carat Toothache,spotify:album:3HHNR44YbP7XogMVwzbodx,USUM72208023,38,2022-06-06,2023-05-28,True,False,,11,2025-10-19 04:33:53
spotify:track:4IxeKzzxUSEgivgtbSbyIK,4IxeKzzxUSEgivgtbSbyIK,I Cannot Be (A Sadder Song) (with Gunna),Post Malone,Twelve Carat Toothache,spotify:album:3HHNR44YbP7XogMVwzbodx,USUM72208024,37,2022-06-06,2023-02-15,True,False,,11,2025-10-19 04:33:55
spotify:track:2OcSE0EXzgUuqkM1NIJPHJ,2OcSE0EXzgUuqkM1NIJPHJ,Wasting Angels (with The Kid LAROI),Post Malone,Twelve Carat Toothache,spotify:album:3HHNR44YbP7XogMVwzbodx,USUM72208027,34,2022-06-06,2023-02-15,True,False,,11,2025-10-19 04:34:11
spotify:track:1nltpRhEiXikwDlVn4UADk,1nltpRhEiXikwDlVn4UADk,One Right Now (with The Weeknd),Post Malone,Twelve Carat Toothache,spotify:album:3HHNR44YbP7XogMVwzbodx,USUM72120404,20,2022-06-06,2022-10-20,True,False,,11,2025-10-19 04:34:21
spotify:track:3MTm8eZ2wCEtpyZqqhP6Dn,3MTm8eZ2wCEtpyZqqhP6Dn,gfy (with Machine Gun Kelly),blackbear,gfy (with Machine Gun Kelly),spotify:album:43tasPwPisjAgGgde0yy7F,USQX92202243,5,2022-06-06,2022-06-09,True,False,,11,2025-10-19 04:34:27
spotify:track:5CEPvqyRi6eTpR1njYlG3O,5CEPvqyRi6eTpR1njYlG3O,Detroit Rock City - Single Version,KISS,"Stranger Things: Soundtrack from the Netflix Series, Season 4",spotify:album:62YEXS8uOu8fUlCrU3ideq,USPR37707201,4,2022-06-08,2022-07-04,True,False,,11,2025-10-19 04:35:19
spotify:track:4gHhXXKkYx48lC1GQmjpw6,4gHhXXKkYx48lC1GQmjpw6,Californications,berouw,Californications,spotify:album:4pFUh2ajMTMLixFVuBJR4C,QZLQR2199369,2,2022-06-09,2022-06-09,True,False,,11,2025-10-19 04:36:34
spotify:track:2U474RK9GnAqXXh5YqigaY,2U474RK9GnAqXXh5YqigaY,Different (With Majid Jordan),Nonso Amadi,Different (With Majid Jordan),spotify:album:0XRJnjejsA9YXjYGdek23k,CAUM72200177,1,2022-06-09,2022-06-09,True,False,,11,2025-10-19 04:37:04
spotify:track:13IMd84eJeHLdnLbzmIP2Q,13IMd84eJeHLdnLbzmIP2Q,Chasing Stars (feat. James Bay) [Stripped],Alesso,Chasing Stars,spotify:album:7IY75Hh3USffqjFZi2oCNz,USUG12104809,2,2022-06-10,2022-06-10,True,False,,11,2025-10-19 04:38:44
spotify:track:0UGyZR7RmVoYT0DBJCxTPy,0UGyZR7RmVoYT0DBJCxTPy,One Right Now (with The Weeknd),Post Malone,Twelve Carat Toothache,spotify:album:50MzJhO0pMjTsfpeOmZ1so,USUM72120404,8,2022-06-13,2022-07-09,True,False,,11,2025-10-19 04:39:41
spotify:track:3RSNYrTfBFBv4NTRfKNp2M,3RSNYrTfBFBv4NTRfKNp2M,Cooped Up (with Roddy Ricch),Post Malone,Twelve Carat Toothache,spotify:album:50MzJhO0pMjTsfpeOmZ1so,USUM72208020,15,2022-06-13,2022-07-13,True,False,,11,2025-10-19 04:39:45
spotify:track:0EFehFdU9HbOBzxzJ60IjE,0EFehFdU9HbOBzxzJ60IjE,I Like You (A Happier Song) (with Doja Cat),Post Malone,Twelve Carat Toothache,spotify:album:50MzJhO0pMjTsfpeOmZ1so,USUM72208023,15,2022-06-13,2023-01-05,True,False,,11,2025-10-19 04:39:47
spotify:track:2uoUmwEy9kSi1gp285zdsS,2uoUmwEy9kSi1gp285zdsS,I Cannot Be (A Sadder Song) (with Gunna),Post Malone,Twelve Carat Toothache,spotify:album:50MzJhO0pMjTsfpeOmZ1so,USUM72208024,10,2022-06-13,2022-07-13,True,False,,11,2025-10-19 04:39:49
spotify:track:2mecYcpCQOoFtkRbtDiGg0,2mecYcpCQOoFtkRbtDiGg0,Wasting Angels (with The Kid LAROI),Post Malone,Twelve Carat Toothache,spotify:album:50MzJhO0pMjTsfpeOmZ1so,USUM72208027,8,2022-06-13,2022-07-13,True,False,,11,2025-10-19 04:39:55
spotify:track:4QjbbBQAJ7NiGdlfDPcxag,4QjbbBQAJ7NiGdlfDPcxag,The King and I (feat. CeeLo Green) - From the Original Motion Picture Soundtrack ELVIS,Eminem,The King and I (feat. CeeLo Green),spotify:album:24lMM7McdJmSBgbFhKGugA,USUG12105254,1,2022-06-18,2022-06-18,True,False,,11,2025-10-19 04:41:16
spotify:track:0bndF6tTweNXPjwpPL7Slt,0bndF6tTweNXPjwpPL7Slt,Haven (from Life Is Strange),Novo Amor,Haven (from Life Is Strange),spotify:album:1tCKB58FqUBj5beC5nfpFE,GB45A2002291,3,2022-06-20,2022-12-23,True,False,,11,2025-10-19 04:42:20
spotify:track:4cJsJdwEp3y4K1slV5fRZm,4cJsJdwEp3y4K1slV5fRZm,Interlude,Hollow Coves,Wanderlust,spotify:album:37yGR6auNK3W1XbcDYfSjw,AUGSG1600009,2,2022-06-21,2022-09-12,True,False,,11,2025-10-19 04:43:09
spotify:track:5HYNICszfKuQAzJQB5DPLY,5HYNICszfKuQAzJQB5DPLY,Ishq Sufiyana (Female),Sunidhi Chauhan,The Dirty Picture,spotify:album:2u6skpG85FhJuV5AGvvSAO,INS181103853,1,2022-06-24,2022-06-24,True,False,,11,2025-10-19 04:43:38
spotify:track:4Zzw8CESa97fNrmrvEdIuL,4Zzw8CESa97fNrmrvEdIuL,"Phir Na Aisi Raat Aayegi (From ""Laal Singh Chaddha"")",Pritam,"Phir Na Aisi Raat Aayegi (From ""Laal Singh Chaddha"")",spotify:album:1BPvTganPlntQEugh30UV6,INS182201453,2,2022-06-24,2023-01-21,True,False,,11,2025-10-19 04:43:44
spotify:track:1AwVVK2Qxqwmm0hxj5d8Gs,1AwVVK2Qxqwmm0hxj5d8Gs,kyun hota hai?,Tanmaya Bhatnagar,kyun hota hai?,spotify:album:4fx1zgsiT2f3pAVIk6hqjD,INS172202028,2,2022-06-24,2022-07-05,True,False,,11,2025-10-19 04:43:52
spotify:track:4axSuOg3BqsowKjRpj59RU,4axSuOg3BqsowKjRpj59RU,Carolina - From The Motion Picture “Where The Crawdads Sing”,Taylor Swift,Carolina,spotify:album:5Bwg2XxrjTlrNy6BC7KQZf,USUG12200226,4,2022-06-24,2022-08-16,True,False,,11,2025-10-19 04:43:58
spotify:track:5TIvxj4T3SJLUPhK9g2Dy2,5TIvxj4T3SJLUPhK9g2Dy2,Crying While I'm High,88n8,Crying While I'm High,spotify:album:5hIMk4ZeQXpPFBTGdhYdCq,QZFZ22083388,1,2022-06-25,2022-06-25,True,False,,11,2025-10-19 04:44:51
spotify:track:4ws57wq0VFduRiFblRXw8M,4ws57wq0VFduRiFblRXw8M,Could You?,Jiwon,Could You?,spotify:album:7aOdZLAkUc3gskKnDuH662,QZFZ22054412,1,2022-06-25,2022-06-25,True,False,,11,2025-10-19 04:44:59
spotify:track:1ZkZgg6KbcjEUGyuEJB1Ts,1ZkZgg6KbcjEUGyuEJB1Ts,Daylight,Dxvice,Daylight,spotify:album:10FmD93M1RJzIy5OQfL0Wz,QZDA52017576,1,2022-06-25,2022-06-25,True,False,,11,2025-10-19 04:45:13
spotify:track:12xIjI9A9UlB6zEc7kyZ06,12xIjI9A9UlB6zEc7kyZ06,"Carolina - ""Where The Crawdads Sing"" - Video Edition",Taylor Swift,Carolina,spotify:album:5Bwg2XxrjTlrNy6BC7KQZf,USUG12200228,1,2022-06-25,2022-06-25,True,False,,11,2025-10-19 04:45:21
spotify:track:7pHUAAEiXQMaZOng72W6K0,7pHUAAEiXQMaZOng72W6K0,Pehli Baarish,Akanksha Bhandari,Pehli Baarish,spotify:album:0CcpdlcrxUp8fbspTcqJww,FRX762051841,8,2022-06-28,2022-10-30,True,False,,11,2025-10-19 04:45:30
spotify:track:5IwDxCbs651v8M1cjlWaWO,5IwDxCbs651v8M1cjlWaWO,Badariya,Reewa Rathod,Badariya,spotify:album:1QZeDxNotV0dAOe7KjUSZm,INE182215435,1,2022-06-28,2022-06-28,True,False,,11,2025-10-19 04:45:35
spotify:track:52qd07jqK2QB3tFXPB2ais,52qd07jqK2QB3tFXPB2ais,Everything I Want,Jordy Searcy,Everything I Want,spotify:album:38LgDteg0XQqhsvdKNHKWt,UK6KW2200052,1,2022-06-28,2022-06-28,True,False,,11,2025-10-19 04:45:41
spotify:track:0CxCB2wrEiTOrjES0GmSdP,0CxCB2wrEiTOrjES0GmSdP,Rock Me Amadeus - The Gold Mix,Falco,"Stranger Things: Soundtrack from the Netflix Series, Season 4",spotify:album:62YEXS8uOu8fUlCrU3ideq,ATB152000843,1,2022-07-04,2022-07-04,True,False,,11,2025-10-19 04:46:14
spotify:track:4QQL5qNwVZ1FctLoVqN9rn,4QQL5qNwVZ1FctLoVqN9rn,Separate Ways (Worlds Apart) - Steve Perry & Bryce Miller Extended Remix,Journey,"Stranger Things: Soundtrack from the Netflix Series, Season 4",spotify:album:3Tij2oa4FJWd7Gk0pJaf0w,USSM12206067,2,2022-07-04,2022-07-04,True,False,,11,2025-10-19 04:46:46
spotify:track:7xMIdaVtT9ElM0IOgmbRVZ,7xMIdaVtT9ElM0IOgmbRVZ,What's the Internet?,Kyle Dixon & Michael Stein,Stranger Things 4 (Original Score From The Netflix Series),spotify:album:5qRG8S2ClNtl71wEf2TKPp,QZ8BZ2201195,2,2022-07-04,2022-07-04,True,False,,11,2025-10-19 04:46:48
spotify:track:3ukoPvhHj5GWDIiDApO3UD,3ukoPvhHj5GWDIiDApO3UD,You’re The Heart,Kyle Dixon & Michael Stein,Stranger Things 4 (Original Score From The Netflix Series),spotify:album:5qRG8S2ClNtl71wEf2TKPp,QZ8BZ2201257,1,2022-07-04,2022-07-04,True,False,,11,2025-10-19 04:46:51
spotify:track:6Tp7GlTD4THH7k0nHhO7MD,6Tp7GlTD4THH7k0nHhO7MD,Natty Dread on the Go,Lone Ranger,Soul Jazz Records Presents Studio One Supreme: Maximum 70S and 80S Early Dancehall Sounds,spotify:album:1HEairyLSpJvSBIqsjlv94,JMA020732405,2,2022-07-04,2022-07-04,True,False,,11,2025-10-19 04:46:53
spotify:track:42oCqSWKMxVnBZlJqm5YZU,42oCqSWKMxVnBZlJqm5YZU,Twilight's Fires,The Red Army Choir,The CCCP Years,spotify:album:0VxATEaN6KiKbszFYcrPyB,FRX086000090,1,2022-07-04,2022-07-04,True,False,,11,2025-10-19 04:46:56
spotify:track:7vZqwaSk4sVcDyZbMcxS8N,7vZqwaSk4sVcDyZbMcxS8N,Heat Waves (with iann dior),Glass Animals,Dreamland,spotify:album:4nr6ytQ4OrEralEu4LhIVp,GBUM72101299,1,2022-07-05,2022-07-05,True,False,,11,2025-10-19 04:47:15
spotify:track:5LbhAjQfLNLCbf7REMY9Io,5LbhAjQfLNLCbf7REMY9Io,"Mitra Re - Arijit Singh Version From ""Runway 34""",Arijit Singh,Mitra Re,spotify:album:4NbPGz2VetPiwvRFYrPI8s,INP912200023,1,2022-07-05,2022-07-05,True,False,,11,2025-10-19 04:47:33
spotify:track:6x4fJlgsoGqklYyMQN7vLN,6x4fJlgsoGqklYyMQN7vLN,Out of Love,Raashi Sood,Out of Love,spotify:album:1bv1UnuDeOnL6odVRPJksM,INS172202407,1,2022-07-05,2022-07-05,True,False,,11,2025-10-19 04:47:40
spotify:track:0Ucpz1FL6yrJvq0ow12tBc,0Ucpz1FL6yrJvq0ow12tBc,Gayatri Mantra Meditation Mantra,Shankar Mahadevan,Gayatri Mantra Meditation Mantra,spotify:album:4VoC0zjeZOuINsXPpZx318,INS932200157,1,2022-07-05,2022-07-05,True,False,,11,2025-10-19 04:47:43
spotify:track:2eTkxblLeqdTSsb2ivafDX,2eTkxblLeqdTSsb2ivafDX,"Galliyan Returns (From ""Ek Villain Returns"")",Ankit Tiwari,"Galliyan Returns (From ""Ek Villain Returns"")",spotify:album:0vjQeipdlzH33n9vnCwAAD,INS182201795,2,2022-07-05,2023-01-21,True,False,,11,2025-10-19 04:47:44
spotify:track:4UKTifFM0LKxkhqyGndZHi,4UKTifFM0LKxkhqyGndZHi,"Uyir Urugudhey (From ""Cobra"")",A.R. Rahman,Uyir Urugudhey,spotify:album:3LbtOj5clDI5QReymrDtsT,INS172203057,1,2022-07-05,2022-07-05,True,False,,11,2025-10-19 04:47:46
spotify:track:6L1268cRzB1CgxgfBnXlad,6L1268cRzB1CgxgfBnXlad,"Naa Peru Seesa (From ""Ramarao On Duty"")",Shreya Ghoshal,"Naa Peru Seesa (From ""Ramarao On Duty"")",spotify:album:2b6OiYw7beAdg4Z4v3sj6E,INS182201785,1,2022-07-05,2022-07-05,True,False,,11,2025-10-19 04:47:49
spotify:track:5rhGj3KdJXxjstC2dtrca5,5rhGj3KdJXxjstC2dtrca5,Vaaroon,Anand Bhaskar,Mirzapur,spotify:album:1mwL0dDJpu80UJeY0EKPQ3,N/A,1,2022-09-13,2022-09-13,True,False,,12,2025-10-19 04:47:51
spotify:track:46NYX9zIml71qtfYYjakTI,46NYX9zIml71qtfYYjakTI,"Kesariya Audio Teaser (From ""Brahmastra"")",Pritam,Kesariya Audio Teaser,spotify:album:715BUKTdGdNjePHLhRltCT,INS172201380,1,2022-09-13,2022-09-13,True,False,,12,2025-10-19 04:48:00
spotify:track:4ZDXeEM8FyZr8OjsJq3RzL,4ZDXeEM8FyZr8OjsJq3RzL,Na Ja Chakri Ke Mare,Km Tape,Na Ja Chakri Ke Mare,spotify:album:7xFQNCsxrL0e5UgD2QCPMM,QZMEN2224484,6,2022-09-13,2022-10-30,True,False,,12,2025-10-19 04:48:03
spotify:track:0IGXY47K2ha3AHfX57wY1O,0IGXY47K2ha3AHfX57wY1O,"Deva Deva (From ""Brahmastra"")",Pritam,Deva Deva,spotify:album:6zwucxlWusEUCZt6DeQJCu,INS172219983,2,2022-09-13,2023-01-21,True,False,,12,2025-10-19 04:48:11
spotify:track:0NsYZt7iTFoLMw3pZTQEDQ,0NsYZt7iTFoLMw3pZTQEDQ,Nindiya Re - Studio Version,Kaavish,Nindiya Re,spotify:album:1vgKFdjExQyCqcHmYap5cT,QZES62044257,2,2022-09-13,2022-10-30,True,False,,12,2025-10-19 04:48:16
spotify:track:3Kpz1I7PzvFGZ4mAA5WDSY,3Kpz1I7PzvFGZ4mAA5WDSY,October Theme,Shantanu Moitra,October,spotify:album:50K9juQj3cW0vn9usw7XgM,N/A,2,2022-09-13,2022-10-30,True,False,,12,2025-10-19 04:48:22
spotify:track:54dHaY92XZ47ltrZqZulGt,54dHaY92XZ47ltrZqZulGt,Sooha Saaha,Zeba,Highway,spotify:album:4MRvvPTLIVBHVEMfVC20jI,INS181400107,2,2022-09-13,2022-09-13,True,False,,12,2025-10-19 04:48:24
spotify:track:7G431GFShiu3koD8PcBZwA,7G431GFShiu3koD8PcBZwA,Lagaya Dil,Maithili Thakur,Lagaya Dil,spotify:album:3RvHLBM7Pm5NqFvpLB9IQU,QZHNB2295760,3,2022-09-13,2022-10-30,True,False,,12,2025-10-19 04:48:29
spotify:track:1B5JIfOPHcvBxj5Dfq28aw,1B5JIfOPHcvBxj5Dfq28aw,Colder - Duet Version,Jae Jin,Colder,spotify:album:3vXnb6HZp5gLT0Z9Kj1TKO,GBKPL2212375,1,2022-09-15,2022-09-15,True,False,,12,2025-10-19 04:49:22
spotify:track:5zoETs17V8PJkeGmB0Iagw,5zoETs17V8PJkeGmB0Iagw,TINFOIL,Linkin Park,LIVING THINGS,spotify:album:4XHIjbhjRmqWlosjj5rqSI,USWB11200800,1,2022-09-19,2022-09-19,True,False,,12,2025-10-19 04:49:35
spotify:track:6XIo5wBODGRWwFhifFKKT0,6XIo5wBODGRWwFhifFKKT0,Foreword,Linkin Park,Meteora,spotify:album:0f7R0jf0pcTb6K6IVVPcMD,USWB10300463,3,2022-09-20,2022-09-20,True,False,,12,2025-10-19 04:49:48
spotify:track:2XAplkg69ZFBqAvWkPynGm,2XAplkg69ZFBqAvWkPynGm,Wake,Linkin Park,Minutes to Midnight,spotify:album:4JtIVJRA342O0YoAchen5Q,USWB11201136,3,2022-09-21,2022-09-29,True,False,,12,2025-10-19 04:50:58
spotify:track:1saDM1hv3pTHf9ulsxm5Iy,1saDM1hv3pTHf9ulsxm5Iy,Koka,Diljit Dosanjh,"Koka (From ""Babe Bhangra Paunde Ne"")",spotify:album:4gs2EqoBeY1lDiRla73KaT,INH102214497,1,2022-09-23,2022-09-23,True,False,,12,2025-10-19 04:52:06
spotify:track:326eZ9C7qpDj6NSsEiKvoW,326eZ9C7qpDj6NSsEiKvoW,Compulsory,Gur Sidhu,Step Up,spotify:album:3r4E0LF4sCrql6Z9TV7nNO,FRX452213231,1,2022-09-23,2022-09-23,True,False,,12,2025-10-19 04:52:11
spotify:track:1j1tTelvaHbmRsxsApzVM6,1j1tTelvaHbmRsxsApzVM6,Sky Train - Vocal Mix,Omar S,"Side Trakx, Vol, 5",spotify:album:0crQKpnjHmvtf7oRnZNbto,QM6N21777523,1,2022-09-25,2022-09-25,True,False,,12,2025-10-19 04:52:30
spotify:track:77WhbR5wdwAu28rKDriGfN,77WhbR5wdwAu28rKDriGfN,"Darling - From ""Kokka""",The Landers,Darling,spotify:album:64B6K781jcvJ9lDgYUJv9w,FR96X2252799,1,2022-09-25,2022-09-25,True,False,,12,2025-10-19 04:52:32
spotify:track:2kbxGCtWSV0f1ON720Bd4O,2kbxGCtWSV0f1ON720Bd4O,Don'u Don'u Don'u - The Don's Romance,Anirudh Ravichander,Maari (Original Motion Picture Soundtrack),spotify:album:5g4gqBANFcdQ7G5zjGddvl,INS171500893,1,2022-09-25,2022-09-25,True,False,,12,2025-10-19 04:52:38
spotify:track:5sOgQLbyixHMFhPONWbIA2,5sOgQLbyixHMFhPONWbIA2,Freak da Fonk,The Fast 1,Down 4 the Cause,spotify:album:4LbgB03cVXi6aYpSvRmsjO,TCABC1155633,1,2022-09-25,2022-09-25,True,False,,12,2025-10-19 04:52:44
spotify:track:3Ana3lhU3rskuVzLPzNY7E,3Ana3lhU3rskuVzLPzNY7E,Daang Daang,Nakash Aziz,Sarileru Neekevvaru,spotify:album:6vi0HnekV5nuzXB96NOAEL,INS181906010,1,2022-09-25,2022-09-25,True,False,,12,2025-10-19 04:52:52
spotify:track:7E1jVNoWuemqUryI4FxsVD,7E1jVNoWuemqUryI4FxsVD,off the table (with The Weeknd),Ariana Grande,Positions,spotify:album:3euz4vS7ezKGnNSwgyvKcd,USUM72020429,1,2022-09-28,2022-09-28,True,False,,12,2025-10-19 04:54:28
spotify:track:5SGEPm9ge10bD4j3ec9UHV,5SGEPm9ge10bD4j3ec9UHV,Missed You - Bonus Track,The Weeknd,After Hours,spotify:album:742eAldb4AJKLoPgJhGRE7,USUG11904289,1,2022-09-29,2022-09-29,True,False,,12,2025-10-19 04:55:21
spotify:track:5GkQIP5mWPi4KZLLXeuFTT,5GkQIP5mWPi4KZLLXeuFTT,motive (with Doja Cat),Ariana Grande,Positions,spotify:album:3euz4vS7ezKGnNSwgyvKcd,USUM72020425,1,2022-09-29,2022-09-29,True,False,,12,2025-10-19 04:55:29
spotify:track:2pNllR1aL6MFh1npf0376T,2pNllR1aL6MFh1npf0376T,"Vultures - Live at the Nokia Theatre, Los Angeles, CA - December 2007",John Mayer,Where the Light Is: John Mayer Live In Los Angeles,spotify:album:4Dgxy95K9BWkDUvQPTaYBb,USSM10801211,1,2022-09-29,2022-09-29,True,False,,12,2025-10-19 04:55:50
spotify:track:34x6hEJgGAOQvmlMql5Ige,34x6hEJgGAOQvmlMql5Ige,"Danger Zone - From ""Top Gun"" Original Soundtrack",Kenny Loggins,"Yesterday, Today, Tomorrow - The Greatest Hits Of Kenny Loggins",spotify:album:3uN87hwClF0hult2cxMbAW,USSM18600108,3,2022-10-01,2023-12-26,True,False,,12,2025-10-19 04:56:54
spotify:track:7oN0Wo7sCVvXPdpxoio3JM,7oN0Wo7sCVvXPdpxoio3JM,Kali Kali Zulfon Ke (Lo-Fi),Madhur Sharma,Kali Kali Zulfon Ke (Lo-Fi),spotify:album:6pbaTBzAT23yL5xJxJfiFR,FR10S2292960,3,2022-10-05,2023-01-07,True,False,,12,2025-10-19 04:58:02
spotify:track:4aI7T2HGVc3WUY6kJjf4PQ,4aI7T2HGVc3WUY6kJjf4PQ,Khoyi Hui Dhun,Dream Note,Dhun,spotify:album:4WogXQVX9nOrjbaTzFXnGN,FR59R2276524,1,2022-10-05,2022-10-05,True,False,,12,2025-10-19 04:58:04
spotify:track:3wAXK2nhnsS6vdnGQ0Dph0,3wAXK2nhnsS6vdnGQ0Dph0,Tere Janey Ke Baad,Dream Note,Tere Janey Ke Baad,spotify:album:6kN8pIt8NH2n71fnHi1ra7,INO131603009,2,2022-10-05,2022-10-30,True,False,,12,2025-10-19 04:58:11
spotify:track:5MqV2o7iLd0lNREZ7SYL05,5MqV2o7iLd0lNREZ7SYL05,Are We the Waiting / St. Jimmy,Green Day,American Idiot,spotify:album:5dN7F9DV0Qg1XRdIgW8rke,USRE10401219,2,2022-10-06,2022-10-06,True,False,,12,2025-10-19 04:58:33
spotify:track:003vvx7Niy0yvhvHt4a68B,003vvx7Niy0yvhvHt4a68B,Mr. Brightside,The Killers,Hot Fuss,spotify:album:4piJq7R3gjUOxnYs6lDCTg,USIR20400274,2,2022-10-06,2022-10-06,True,False,,12,2025-10-19 04:58:58
spotify:track:30XBkzzcubUJLANeXM4D0C,30XBkzzcubUJLANeXM4D0C,I’m Tired (with Zendaya) - Bonus Track,Labrinth,EUPHORIA SEASON 2 OFFICIAL SCORE (FROM THE HBO ORIGINAL SERIES),spotify:album:43tSLc6ZxW8TTRLrBO0SU1,USQX92200588,5,2022-10-07,2023-01-12,True,False,,12,2025-10-19 04:59:10
spotify:track:751yw3aHsUtaahIhufyD9E,751yw3aHsUtaahIhufyD9E,Khudaya Khair,Imdad Hussain,Khudaya Khair,spotify:album:3YUcblpaxxwXEyXuzMSK3F,GBKPL2206448,1,2022-10-07,2022-10-07,True,False,,12,2025-10-19 04:59:17
spotify:track:1cmigB9I6IRpFqjIbzvSQB,1cmigB9I6IRpFqjIbzvSQB,"Suite bergamasque, L. 75: III. Clair de lune",Claude Debussy,"Debussy: Suite bergamasque, L. 75, 3. Clair de lune",spotify:album:4Ll3RGpn0eVY6MMKPTP99C,DEN961800253,5,2022-10-08,2022-12-12,True,False,,12,2025-10-19 04:59:47
spotify:track:0jOnZhF75V68VsBObWx2XO,0jOnZhF75V68VsBObWx2XO,"The Carnival of the Animals, R. 125: XIII. The Swan (Arr. for Cello and Piano)",Camille Saint-Saëns,Songs from the Arc of Life,spotify:album:2y85NsbsBnGTXcXgHpj3PD,USQX91500824,4,2022-10-08,2022-12-12,True,False,,12,2025-10-19 04:59:50
spotify:track:3JdD9wqvohYMjK6BmEHtTP,3JdD9wqvohYMjK6BmEHtTP,Satie / Orch. Ducros: Gymnopédie No. 1,Erik Satie,Emotions,spotify:album:509IXZSfjhyrC15B0LYKkX,GBAYC2002212,3,2022-10-08,2022-11-21,True,False,,12,2025-10-19 04:59:52
spotify:track:2m2GJpBjQNNphaCgBeoj7R,2m2GJpBjQNNphaCgBeoj7R,Fracture,Stephan Moccio,Fracture,spotify:album:2sqNdAgQJE4APDoJylIDHy,GBUM72001259,4,2022-10-08,2022-11-21,True,False,,12,2025-10-19 04:59:54
spotify:track:2Imxyb3LiuXsDFo7Gq5YDs,2Imxyb3LiuXsDFo7Gq5YDs,"Kinderszenen, Op. 15: Träumerei (Arr. Lewin for Guitar)",Robert Schumann,"Schumann: Kinderszenen, Op. 15: Träumerei (Arr. Lewin for Guitar)",spotify:album:3dtyRuctasvglDB28bijNg,GBBBC2100098,4,2022-10-08,2022-11-21,True,False,,12,2025-10-19 04:59:56
spotify:track:6y1FgcqMY76hCk9qLxUuy4,6y1FgcqMY76hCk9qLxUuy4,3 Spirituals for Orchestra: No. 2. Kum Bab Yah,Adolphus Hailstork,Hailstork: Orchestral Music,spotify:album:0aTrZGatAonxNcilMeXZ59,HKI191135106,4,2022-10-08,2022-11-21,True,False,,12,2025-10-19 04:59:58
spotify:track:4SsDrt7HV1ECcJ2A7EHfLL,4SsDrt7HV1ECcJ2A7EHfLL,Filma Solo,Gabríel Ólafs,Piano Works,spotify:album:0HYTxeKs2ySnsuAkwnwDrd,GBBTF2000081,3,2022-10-08,2022-11-21,True,False,,12,2025-10-19 05:00:03
spotify:track:1G3QPQkoXvpChjNUhd6Tfs,1G3QPQkoXvpChjNUhd6Tfs,The Arts and the Hours,Jean-Philippe Rameau,"Rameau, Ólafsson: The Arts and the Hours",spotify:album:4omnRCjOvnHa3ETQlqZpd1,DEN961903320,3,2022-10-08,2022-11-21,True,False,,12,2025-10-19 05:00:08
spotify:track:7nGA1sRfLDWXYb3VPstnZf,7nGA1sRfLDWXYb3VPstnZf,Notturno for Strings and Harp,Arnold Schoenberg,Schoenberg: Notturno for Strings and Harp,spotify:album:4rCx7dnAgXhes9ckGrMXA4,DEN961902670,4,2022-10-08,2022-11-21,True,False,,12,2025-10-19 05:00:13
spotify:track:2zM7Ato6xDOi8ten4qn7Cm,2zM7Ato6xDOi8ten4qn7Cm,Natural Light,Ludovico Einaudi,Natural Light,spotify:album:43wcKhgYUpeh2cwvBtqDYc,ITB282100017,4,2022-10-08,2022-11-21,True,False,,12,2025-10-19 05:00:15
spotify:track:518hKWxnCK1L1fsYRl0OB5,518hKWxnCK1L1fsYRl0OB5,"Après un rêve, Op. 7, No. 1 (Arr. for Cello and Piano)",Gabriel Fauré,Sheku Kanneh-Mason,spotify:album:59gnfcIkUBrYpXwsN5YWax,GBF071700030,3,2022-10-08,2022-11-21,True,False,,12,2025-10-19 05:00:17
spotify:track:2eSVQH8lwcrUBs7dpEj7p7,2eSVQH8lwcrUBs7dpEj7p7,"Préludes / Book 2, L. 123: 5. Bruyères - Home Session",Claude Debussy,Debussy: Bruyères,spotify:album:4BXFAXaREZ96i733A132um,DEN962002990,3,2022-10-08,2022-11-21,True,False,,12,2025-10-19 05:00:20
spotify:track:5WEmDvDiRpE7p3y8SMMAPJ,5WEmDvDiRpE7p3y8SMMAPJ,Henry V: Henry V: Touch her soft lips and part,William Walton,This is the Day: Music on Royal Occasions,spotify:album:1EbxP2aC9lpKRDk5lhcO5Y,GBAKR1213615,2,2022-10-08,2022-11-21,True,False,,12,2025-10-19 05:00:22
spotify:track:0bCSGdS5SRvzoz4IBTD55W,0bCSGdS5SRvzoz4IBTD55W,Losar,Joep Beving,Losar,spotify:album:6Fearn2XRW9LK2WNX22FUN,DEN962100030,2,2022-10-08,2022-11-21,True,False,,12,2025-10-19 05:00:25
spotify:track:3qLZnIVAiGexuNuG8Aptrq,3qLZnIVAiGexuNuG8Aptrq,"By the Still Waters, Op. 114",Amy Beach,"Beach: By the Still Waters, Op. 114",spotify:album:52E1rqtwQBOPBGIq07YTHn,GBBBC2100186,2,2022-10-08,2022-11-21,True,False,,12,2025-10-19 05:00:27
spotify:track:43bSKCMWHIuBsUVmQcDX1J,43bSKCMWHIuBsUVmQcDX1J,"Rêverie, L. 68: Rêverie",Claude Debussy,Debussy Piano Edition,spotify:album:7qdNpLxZ5eazTHCYu0Ssxz,GBF079411430,2,2022-10-08,2022-11-21,True,False,,12,2025-10-19 05:00:29
spotify:track:3NbAsIxDL0fVgNuCLD152P,3NbAsIxDL0fVgNuCLD152P,"Dolly Suite, Op. 56: I. Berceuse",Gabriel Fauré,Fauré: Dolly Suite; Nocturnes; Barcarolles; Impromptus,spotify:album:1VMXYuxv7jwh3XzPZtoELi,NLA508692113,3,2022-10-08,2022-11-21,True,False,,12,2025-10-19 05:00:31
spotify:track:6MzbO6YS0M6tjwT93hjAl0,6MzbO6YS0M6tjwT93hjAl0,Ave María (Arr. Víkingur Ólafsson) - Upright Piano,Sigvaldi Kaldalóns,Kaldalóns: Ave María (Arr. Víkingur Ólafsson),spotify:album:3h3aFGCPGBTHNrA1Fa6tfA,DEN962233412,3,2022-10-08,2022-11-21,True,False,,12,2025-10-19 05:00:34
spotify:track:5TtmI9sfXw4VXco0PE21mV,5TtmI9sfXw4VXco0PE21mV,"2 Aquarelles: Lento, ma non troppo",Frederick Delius,"ENGLISH STRING MINIATURES, Vol. 4",spotify:album:3aHnqYoeNpy7hjqqSoEhcQ,HKI190055512,3,2022-10-08,2022-11-21,True,False,,12,2025-10-19 05:00:36
spotify:track:2EAgTVB2EdsMdqaqOk062L,2EAgTVB2EdsMdqaqOk062L,Frühlingsglaube (Arr. Franz Liszt),Franz Schubert,Tchaikovsky: Piano Concerto No. 1,spotify:album:6CGw0GbQ3PyJhXxHlBVjSk,RUA521203007,4,2022-10-08,2022-11-21,True,False,,12,2025-10-19 05:00:38
spotify:track:1HE6aHCUtC6Mx0kiOsRUIS,1HE6aHCUtC6Mx0kiOsRUIS,"wind whispers, Op. 85: II. floating leaf",Konstantia Gourzi,II. floating leaf,spotify:album:4oXRET0XU9DTUwM9yxjcoq,DEE862102300,3,2022-10-08,2022-11-21,True,False,,12,2025-10-19 05:00:40
spotify:track:73kFkK74uTO8fy8yBfMrTk,73kFkK74uTO8fy8yBfMrTk,"Carnaval, Op. 9: No. 5. Eusebius (Adagio - Più lento molto teneramente)",Robert Schumann,"Schumann: Carnaval Op. 9, Fantasie Op. 17 & Mondnacht Op. 39 No. 5",spotify:album:1kXYfEsNIZJVJF4NDwLQnp,FR9W11936428,2,2022-10-08,2022-11-21,True,False,,12,2025-10-19 05:00:42
spotify:track:35otBCRXC8HdmRqndFStL0,35otBCRXC8HdmRqndFStL0,En nacelle,Henrique Oswald,Oswald: Works for Piano,spotify:album:3L6dCD5Zjnu99BUFunWjvd,HKI191424519,2,2022-10-09,2022-11-21,True,False,,12,2025-10-19 05:00:44
spotify:track:7lFRAFQ2f2AmWOefaiV4wb,7lFRAFQ2f2AmWOefaiV4wb,"Scriabin: 24 Preludes, Op. 11: No. 21 in B-Flat Major",Alexander Scriabin,Scriabin: 24 Preludes - Sonatas Nos. 4 & 10,spotify:album:2frAyNz56dJ9dgkEme3xba,GBAYC9600937,3,2022-10-09,2022-11-21,True,False,,12,2025-10-19 05:00:46
spotify:track:1Oo7XEqkrwifJn17aA0ocF,1Oo7XEqkrwifJn17aA0ocF,"Sechs Klavierstücke, Op. 118: II. Intermezzo in A Major",Johannes Brahms,Volodos Plays Brahms,spotify:album:1zWSdYsAlF38LhpcMEthzO,DEE861700261,2,2022-10-09,2022-11-21,True,False,,12,2025-10-19 05:00:48
spotify:track:5bu9A6uphPWg39RC3ZKeku,5bu9A6uphPWg39RC3ZKeku,"Goldberg Variations, BWV 988: Aria",Johann Sebastian Bach,"Bach: The Goldberg Variations, BWV 988",spotify:album:1aCpHSQE5ghxibsQ5gkBe0,USSM11409807,3,2022-10-09,2022-11-21,True,False,,12,2025-10-19 05:00:51
spotify:track:2ZGFYsDWwjU0BBvVAw6js9,2ZGFYsDWwjU0BBvVAw6js9,The Lily - Piano Version,Gabríel Ólafs,The Lily,spotify:album:7MB4jFZ02hbMpYaBdLOpGq,USUG12202403,3,2022-10-09,2022-11-21,True,False,,12,2025-10-19 05:00:53
spotify:track:1XJMRdFSgkrmw2cXLJOD0b,1XJMRdFSgkrmw2cXLJOD0b,"3 Visions: No. 2, Summerland",William Grant Still,Citizen,spotify:album:6CynnUMIeho0HuHG8EFDKE,USKC61922802,4,2022-10-09,2022-11-21,True,False,,12,2025-10-19 05:00:55
spotify:track:5pCoZCarC9qZ5UqnMxxFju,5pCoZCarC9qZ5UqnMxxFju,"Erbarm dich mein, o Herre Gott, BWV 721 (Arr. S. Scheiwiller for Cello & Orchestra)",Johann Sebastian Bach,Humanity,spotify:album:3szs87EzcEUj8vjZCe4q7N,DEEK32215708,4,2022-10-09,2022-11-21,True,False,,12,2025-10-19 05:00:57
spotify:track:1NechTDnTtSaciAT6gmvJQ,1NechTDnTtSaciAT6gmvJQ,"Schumann: 12 Gedichte aus Liebesfrühling, Op. 37: No. 11: Warum willst du andre fragen",Clara Schumann,Schumann & Schubert - Transcriptions for Clarinet & Harp,spotify:album:2O1MCD0Yt1sh79kNyq3Gxk,ATDJ31600009,3,2022-10-09,2022-11-21,True,False,,12,2025-10-19 05:00:59
spotify:track:1PINN6x0Riouab3wPSglpp,1PINN6x0Riouab3wPSglpp,An Idea,Leo Brouwer,En Otra Parte,spotify:album:3TRN62RoTGNXKtKEu2JvxW,DEB331232805,3,2022-10-09,2022-11-21,True,False,,12,2025-10-19 05:01:02
spotify:track:6TQS7URegxmcb8tTNpoXzi,6TQS7URegxmcb8tTNpoXzi,"Megham Karukatha (From ""Thiruchitrambalam"")",Dhanush,"Megham Karukatha (From ""Thiruchitrambalam"")",spotify:album:0oPva0szNbLs4DMSbpxA3Y,QM6N22298883,1,2022-10-09,2022-10-09,True,False,,12,2025-10-19 05:01:04
spotify:track:5B9YV3HWUP6EQZ85MVOjYj,5B9YV3HWUP6EQZ85MVOjYj,Shravanat Ghan Neela Barsala,Lata Mangeshkar,Kavi Gaurav Mangesh Padgaokar,spotify:album:49JCNBo2r12M15VGHUZm5P,INH100132220,1,2022-10-09,2022-10-09,True,False,,12,2025-10-19 05:01:06
spotify:track:7FXj7Qg3YorUxdrzvrcY25,7FXj7Qg3YorUxdrzvrcY25,Fly Me To The Moon - 2008 Remastered,Frank Sinatra,Nothing But The Best,spotify:album:3i67sGIVw8EBlgfSRv3Lj2,USRH10723029,1,2022-10-09,2022-10-09,True,False,,12,2025-10-19 05:01:08
spotify:track:1ZMGoG8BeDOsQpeDH7s8E6,1ZMGoG8BeDOsQpeDH7s8E6,Kho Gaye Hum Kahan - Slowed + Reverb,Vincent Boral,Kho Gaye Hum Kahan,spotify:album:2xm5PHrHtjyk5IPnUNyerb,GBRKQ2224161,1,2022-10-10,2022-10-10,True,False,,12,2025-10-19 05:01:10
spotify:track:3h44S4bynHkbKVP2mogqdX,3h44S4bynHkbKVP2mogqdX,Nazar Laaye - Reprise,A.R. Rahman,Raanjhanaa (Original Motion Picture Soundtrack),spotify:album:24C47633GRlozws7WBth7t,INS171300464,1,2022-10-10,2022-10-10,True,False,,12,2025-10-19 05:01:12
spotify:track:6cCLkL72zw70bOVV88D0Ep,6cCLkL72zw70bOVV88D0Ep,Na Kehna Tum,Dream Note,Na Kehna Tum,spotify:album:6SJ5POIysL58YneSv1w0VY,INO131900145,4,2022-10-10,2023-01-23,True,False,,12,2025-10-19 05:01:14
spotify:track:7977HqRRgSuVc9hzJFJvmE,7977HqRRgSuVc9hzJFJvmE,Woh Purana Pyar,Suzonn,Woh Purana Pyar,spotify:album:0rBSi0bWVlk91akHuYVhJI,FRX202107587,2,2022-10-10,2022-10-30,True,False,,12,2025-10-19 05:01:16
spotify:track:7FsbfCdgaITFyfA51iur79,7FsbfCdgaITFyfA51iur79,"Chaandaniya (From ""2 States"")",Mohan Kannan,Pen Down With Amitabh Bhattacharya,spotify:album:39ZjvrRaIWYAyH2OLbIGrQ,INS181400605,3,2022-10-10,2023-10-09,True,False,,12,2025-10-19 05:01:18
spotify:track:3ql8mvRXXEUJYLaqtPQkwU,3ql8mvRXXEUJYLaqtPQkwU,Woh Chand Khila Woh Tare Hanse,Lata Mangeshkar,Anari,spotify:album:13ivvrKC6qRdYbRzMtyxlL,INH109239570,1,2022-10-10,2022-10-10,True,False,,12,2025-10-19 05:01:26
spotify:track:0i6U12LOWlHNngec0HCroE,0i6U12LOWlHNngec0HCroE,"Maine Poochha Chand Se - From ""Abdullah""",Mohammed Rafi,Audiobiography,spotify:album:74imffxOs12wZQXMdGVEjn,INP100200017,2,2022-10-10,2022-10-21,True,False,,12,2025-10-19 05:01:36
spotify:track:5XTdgOtJYAOXiw2gHW2KmQ,5XTdgOtJYAOXiw2gHW2KmQ,Kya Hua Tera Vada,Sushma Shrestha,Hum Kisise Kum Naheen,spotify:album:3cX3m40aOlPHvHV05TzDkO,INH109534740,3,2022-10-10,2024-10-29,True,False,,12,2025-10-19 05:01:38
spotify:track:4ujalVER2NLazVozUVllxw,4ujalVER2NLazVozUVllxw,"Gulabi Ankhen - From ""The Train""",Mohammed Rafi,Audiobiography,spotify:album:74imffxOs12wZQXMdGVEjn,INP100300038,3,2022-10-10,2024-10-29,True,False,,12,2025-10-19 05:01:46
spotify:track:7Hkbm2DgepcriVxDrwbCcc,7Hkbm2DgepcriVxDrwbCcc,Taarif Karoon,Mohammed Rafi,Sanam - Taarif Karoon,spotify:album:5RncR4GVaz0IfufLPrb06S,INH101902290,1,2022-10-10,2022-10-10,True,False,,12,2025-10-19 05:01:48
spotify:track:6DuEwqeZzkPJlczCKPq1VD,6DuEwqeZzkPJlczCKPq1VD,Chup Gaye Sare Nazare,Lata Mangeshkar,Do Raaste,spotify:album:2oEgFRmtUznVrmsylWeSCS,INH100362900,1,2022-10-10,2022-10-10,True,False,,12,2025-10-19 05:01:57
spotify:track:2nXAlq5ltlwUdzK4bInSOu,2nXAlq5ltlwUdzK4bInSOu,Ramaiya Vastavaiya,Lata Mangeshkar,Shree 420,spotify:album:0WzbgAopzfxj49ucK5RXmE,INH109447850,1,2022-10-10,2022-10-10,True,False,,12,2025-10-19 05:01:59
spotify:track:3ttqVq0I3mIwMIR51N0nbX,3ttqVq0I3mIwMIR51N0nbX,Raat Ke Hamsafar,Asha Bhosle,An Evening In Paris,spotify:album:6KyaXKbfjPw9BFtcljtZL7,INH109237600,1,2022-10-10,2022-10-10,True,False,,12,2025-10-19 05:02:00
spotify:track:4nEKA1qrppgDexxV25EvKs,4nEKA1qrppgDexxV25EvKs,Chaudhvin Ka Chand Ho,Mohammed Rafi,Chaudhvin Ka Chand,spotify:album:3j9YDqAL3vb6WQYoz7DCkU,INH109238940,1,2022-10-10,2022-10-10,True,False,,12,2025-10-19 05:02:02
spotify:track:2rhkXGVSAPLyDChG4DiPf3,2rhkXGVSAPLyDChG4DiPf3,"Mujhe Chu Rahi Hain Teri Garam Sansen - From ""Swayamvar""",Mohammed Rafi,Audiobiography,spotify:album:74imffxOs12wZQXMdGVEjn,INUM70600441,1,2022-10-10,2022-10-10,True,False,,12,2025-10-19 05:02:08
spotify:track:4oP8eYnsSKJPC4VNfPB7dZ,4oP8eYnsSKJPC4VNfPB7dZ,"I Can Dream, Can't I? - 1949 Single Version",The Andrews Sisters,50th Anniversary Collection,spotify:album:2qM7vNGo3fHaMzRRagKHTK,USMC14975074,4,2022-10-10,2023-09-01,True,False,,12,2025-10-19 05:02:15
spotify:track:1d1FNmfO3dFlH8873yNFX3,1d1FNmfO3dFlH8873yNFX3,Five Pieces For Violin And Piano: I. Elegia (Andante Larghetto),Valentin Silvestrov,"Takemitsu, Hindemith, Janáček, Silvestrov: Five Pieces",spotify:album:3NCv2JjqPcJQx1dYcGDPiv,DEB331123808,3,2022-10-11,2022-11-21,True,False,,12,2025-10-19 05:02:21
spotify:track:06vaPTVwFkFxCzmJDXlfx5,06vaPTVwFkFxCzmJDXlfx5,A Little Book of Hours: VI. Singing Sun,Peter Sculthorpe,Piano Icons for the 21st Century,spotify:album:70x50TbjZqrTpn8iBHvSEs,GBASH0011108,2,2022-10-11,2022-11-21,True,False,,12,2025-10-19 05:02:23
spotify:track:36EnMgx9PmtnzUtmKwI63h,36EnMgx9PmtnzUtmKwI63h,"Goldberg Variations, BWV 988: Variation 1 (Arr. for Harp)",Johann Sebastian Bach,Bach: Goldberg Variations: Variation 1 (Arranged for Harp),spotify:album:5a12E7Hn3S4QlR4egf9cHA,GBMY52004902,2,2022-10-11,2022-11-22,True,False,,12,2025-10-19 05:02:25
spotify:track:3LRYwBJECFeQGi16cPxEZY,3LRYwBJECFeQGi16cPxEZY,Wasserklavier,David Arden,Luciano Berio - The Complete Works For Solo Piano,spotify:album:2bYrUpinp9EtQYTsA5h2Wb,US87H8611204,3,2022-10-11,2022-11-21,True,False,,12,2025-10-19 05:02:27
spotify:track:3CkbfNMYISwMGg2guJtTe4,3CkbfNMYISwMGg2guJtTe4,"Concerto en ré mineur, BWV 974: II. Adagio",Johann Sebastian Bach,Alexandre Tharaud: Baroque,spotify:album:43QScdpgNzcF9vw3dcSWmn,FRZ140427100,2,2022-10-11,2022-10-14,True,False,,12,2025-10-19 05:02:29
spotify:track:5XuB6NxRdUqlHl3MjP5TTu,5XuB6NxRdUqlHl3MjP5TTu,Raaz-e-Fitna,Asfar Hussain,Raaz-e-Fitna,spotify:album:0QvkhdtDA25dZ6ULww4fZY,FRX201585023,1,2022-10-13,2022-10-13,True,False,,12,2025-10-19 05:02:52
spotify:track:2bLqhfrvCa7ZfExesQuePM,2bLqhfrvCa7ZfExesQuePM,Haan,Mickey Singh,Haan,spotify:album:2kux1mLHY2JI1F6oTpeX8Q,QM4TW2283051,2,2022-10-13,2022-10-16,True,False,,12,2025-10-19 05:02:57
spotify:track:5SFdpYdc4uDqkQqW7UzSqB,5SFdpYdc4uDqkQqW7UzSqB,"De Visée / Transcr. Garcia: Pièces de théorbe et de luth, Suite en la mineur: IV. Sarabande",Robert de Visée,Aranjuez,spotify:album:2K6XjvDKO2HTCDqGZkph9e,GBAYC2001975,1,2022-10-13,2022-10-13,True,False,,12,2025-10-19 05:03:00
spotify:track:2iHfxxA58scvsi5P0L1B4i,2iHfxxA58scvsi5P0L1B4i,Sarabande,Robert de Visée,Sarabande,spotify:album:7pTnWPUbgVoojmLt3mwZRR,GBEBL2128314,1,2022-10-13,2022-10-13,True,False,,12,2025-10-19 05:03:02
spotify:track:6DV5mwk2kZw6GiDR2XUsjP,6DV5mwk2kZw6GiDR2XUsjP,much loved,Rachel Portman,ask the river,spotify:album:4yhyBrxpfFUjazK1rVgzzO,QMQXU2000019,1,2022-10-13,2022-10-13,True,False,,12,2025-10-19 05:03:04
spotify:track:1juisCcrVdwoLbDWyVvNrX,1juisCcrVdwoLbDWyVvNrX,"6 Impromptus, Op. 5: Impromptu VI",Jean Sibelius,Sibelius,spotify:album:4lNwSgAyaE91u37nrQcRFe,USSM11703791,1,2022-10-13,2022-10-13,True,False,,12,2025-10-19 05:03:06
spotify:track:4NqknSuLbtn77F73YzNVBf,4NqknSuLbtn77F73YzNVBf,Seven Days Walking / Day 1: Ascent,Ludovico Einaudi,Seven Days Walking,spotify:album:5Otajf16kZ0zkVZWhu7LtO,ITB281800010,1,2022-10-13,2022-10-13,True,False,,12,2025-10-19 05:03:08
spotify:track:1jcQ040aWKeiUGJ2IcnFtV,1jcQ040aWKeiUGJ2IcnFtV,Sunset Bird,Yiruma,Sunset Bird,spotify:album:2c9fSY8vvHKDCBKgNUJ70H,KRUM72000624,3,2022-10-13,2022-10-15,True,False,,12,2025-10-19 05:03:11
spotify:track:6tmzIxHREnZzKSDMm6CNNS,6tmzIxHREnZzKSDMm6CNNS,"Poulenc: Cello Sonata, FP 143: II. Cavatine",Francis Poulenc,Debussy/Poulenc/Franck/Ravel:Music for Cello & Piano,spotify:album:1cUtLiXmkRNUw9j9eyyPgM,GBAYC0102828,2,2022-10-14,2022-11-21,True,False,,12,2025-10-19 05:03:21
spotify:track:5KIOfWtUEKrxDNi4OnIpg2,5KIOfWtUEKrxDNi4OnIpg2,Avril 14th (Aphex Twin) - Vanessa Wagner Version,Murcof,Avril 14th (Aphex Twin),spotify:album:19YciIvd4UjiNvViXU9KVv,FRT091700069,1,2022-10-14,2022-10-14,True,False,,12,2025-10-19 05:03:23
spotify:track:2GnYCy70I8cR4oEA2wsSDx,2GnYCy70I8cR4oEA2wsSDx,"The Hours: An Unwelcome Friend (From ""The Hours"")",Philip Glass,"Philip Glass: Glassworlds, Vol. 4 – On Love",spotify:album:2HItrNjxkcndzejvNPdE6v,HKI191536507,2,2022-10-14,2022-11-21,True,False,,12,2025-10-19 05:03:26
spotify:track:28nV777UfgMKXkvP4b9szK,28nV777UfgMKXkvP4b9szK,Rang Kala,Bob.B Randhawa,Rang Kala,spotify:album:40VbZACJYmgtAb1vCB1ct7,FR10S2284459,1,2022-10-16,2022-10-16,True,False,,12,2025-10-19 05:03:35
spotify:track:6LUGvXEAK8WxIBYK43uoTb,6LUGvXEAK8WxIBYK43uoTb,Back to the Old House - 2011 Remaster,The Smiths,Louder Than Bombs,spotify:album:45StnugV9WQMQwk4rRoTy8,GBCRL1100089,1,2022-10-17,2022-10-17,True,False,,12,2025-10-19 05:03:40
spotify:track:01q4ccXbvPlCwZ1fPiFaeM,01q4ccXbvPlCwZ1fPiFaeM,Girlfriend in a Coma - 2011 Remaster,The Smiths,"Strangeways, Here We Come",spotify:album:7jfexk2w5aDI25njkN0UGg,GBCRL1100060,1,2022-10-17,2022-10-17,True,False,,12,2025-10-19 05:03:46
spotify:track:3wUMcPzXcmaeW8QxTdyXQO,3wUMcPzXcmaeW8QxTdyXQO,Pretty Girls Make Graves - 2011 Remaster,The Smiths,The Smiths,spotify:album:6cI1XoZsOhkyrCwtuI70CN,GBCRL1100030,1,2022-10-17,2022-10-17,True,False,,12,2025-10-19 05:03:49
spotify:track:03yOjwHoOPDlTUg0NRxN6t,03yOjwHoOPDlTUg0NRxN6t,Cemetry Gates - 2011 Remaster,The Smiths,The Queen Is Dead,spotify:album:5Y0p2XCgRRIjna91aQE8q7,GBCRL1100050,1,2022-10-17,2022-10-17,True,False,,12,2025-10-19 05:03:51
spotify:track:6s1lXoCa6EmIGnr0GrwcJp,6s1lXoCa6EmIGnr0GrwcJp,The Boy with the Thorn in His Side - 2011 Remaster,The Smiths,The Queen Is Dead,spotify:album:5Y0p2XCgRRIjna91aQE8q7,GBCRL1100052,2,2022-10-17,2022-10-18,True,False,,12,2025-10-19 05:03:55
spotify:track:3DWOTqMQGp5q75fnVsWwaN,3DWOTqMQGp5q75fnVsWwaN,Hey There Delilah - Bonus Track,Plain White T's,Every Second Counts,spotify:album:6MEfS6zFbBYZalRsumJsvs,USHR10622325,2,2022-10-21,2022-10-21,True,False,,12,2025-10-19 05:04:31
spotify:track:0trgRUeHWSFHZ0W1640dwA,0trgRUeHWSFHZ0W1640dwA,Zara Sa Jhoom Loon Main,Asha Bhosle,Dilwale Dulhania Le Jayenge,spotify:album:3Z7oFffem6DRMmaVfEvm9B,INH109537430,1,2022-10-23,2022-10-23,True,False,,12,2025-10-19 05:05:20
spotify:track:2FArWjBAnAmh4IpxWQGCpq,2FArWjBAnAmh4IpxWQGCpq,Tu Mere Samne,Lata Mangeshkar,Darr,spotify:album:0SSsQAifKHIRj0ezX88QzS,INH109338560,1,2022-10-23,2022-10-23,True,False,,12,2025-10-19 05:05:25
spotify:track:1jk1tdtftNDbynHJ2H3X8Z,1jk1tdtftNDbynHJ2H3X8Z,Badi Mushkil Hai,Abhijeet Bhattcharya,Anjaam - Original Motion Picture Soundtrack,spotify:album:5T4tGh2d4lCLa57fzYgTQe,INT109900140,1,2022-10-23,2022-10-23,True,False,,12,2025-10-19 05:05:27
spotify:track:0Od1uft8BtOTaykj3f1LJV,0Od1uft8BtOTaykj3f1LJV,Dekha Tujhe Toh,Kumar Sanu,Koyla - Original Motion Picture Soundtrack,spotify:album:45ZBSYUlEzu9NrpDBeVyWX,INT100100103,2,2022-10-23,2022-10-24,True,False,,12,2025-10-19 05:05:33
spotify:track:4R4qeCzwi3R9FtbQUFr48P,4R4qeCzwi3R9FtbQUFr48P,Saanson Ki Mala,Kavita Krishnamurthy,Koyla - Original Motion Picture Soundtrack,spotify:album:45ZBSYUlEzu9NrpDBeVyWX,INT100100105,1,2022-10-23,2022-10-23,True,False,,12,2025-10-19 05:05:36
spotify:track:7jlkMcwjLJvqkSlI2MtaLY,7jlkMcwjLJvqkSlI2MtaLY,Kya Hua (Loveria),Alka Yagnik,Raju Ban Gaya Gentleman - Original Motion Picture Soundtrack,spotify:album:1iveUVevbxnN6dFleNRbzJ,INT109200094,2,2022-10-23,2022-10-24,True,False,,12,2025-10-19 05:05:39
spotify:track:1Wn4H941pRkcXKoYNZh1UA,1Wn4H941pRkcXKoYNZh1UA,"Hum To Deewane Huye (From ""Baadshah"")",Abhijeet,Hum To Deewane Huye,spotify:album:5yAtiM7Y6jg8351xT6iiWe,INV119900316,1,2022-10-25,2022-10-25,True,False,,12,2025-10-19 05:05:49
spotify:track:3dTrcdGM1S9rGGwXSlQmas,3dTrcdGM1S9rGGwXSlQmas,Mohabbat Ho Gayee,Abhijeet,Baadshah - Original Motion Picture Soundtrack,spotify:album:6BofosOJOkiCY5XVv28XdA,INV119900317,1,2022-10-25,2022-10-25,True,False,,12,2025-10-19 05:06:00
spotify:track:1uNwvCBaLLzRVvei2liYqd,1uNwvCBaLLzRVvei2liYqd,U - Special,Indian Ocean,Jugaadistan,spotify:album:0tPs35OLKpMmnxzWJXoyze,INS172200822,1,2022-10-25,2022-10-25,True,False,,12,2025-10-19 05:06:09
spotify:track:73Ksflv1AOKRjVUS2OY30k,73Ksflv1AOKRjVUS2OY30k,Sukoon,Taaruk Raina,Sukoon,spotify:album:6OnQx4BIZg5UPR14qKlVvO,INS172003133,1,2022-10-26,2022-10-26,True,False,,12,2025-10-19 05:06:33
spotify:track:2RzEm0R1FGi61adS3zcFO5,2RzEm0R1FGi61adS3zcFO5,"5000 Candles in the Wind (From ""Parks and Recreation"")",Sea Turtle Harmonic,5000 Candles In The Wind,spotify:album:53Mp9N2EqgxvNmomEK32yR,QZ22B1746194,2,2022-10-26,2022-11-03,True,False,,12,2025-10-19 05:06:35
spotify:track:6cBer8JtzZ527GpjGO8kag,6cBer8JtzZ527GpjGO8kag,Start the Motor,Tracy Bryant,Subterranean,spotify:album:1Ys3VHPM55fKyWXlmImSRL,USA2B1600064,4,2022-10-26,2025-08-14,True,False,,12,2025-10-19 05:06:37
spotify:track:3nvJWarZv8kNyusyXfdu44,3nvJWarZv8kNyusyXfdu44,Aana Nahi,Aditya Rikhari,Aana Nahi,spotify:album:6KUEDNzv39oXcvuxklZoxn,GBSMU9424638,1,2022-10-30,2022-10-30,True,False,,12,2025-10-19 05:07:00
spotify:track:3QxysMBou6ElRJXSkGDGZK,3QxysMBou6ElRJXSkGDGZK,Al - Background Score,OAFF,Gehraiyaan,spotify:album:3R23DPBdRLldHnxqrQmj3p,INS172201091,1,2022-10-30,2022-10-30,True,False,,12,2025-10-19 05:07:02
spotify:track:3OQ3iWG9bBlSWdok8rmuI2,3OQ3iWG9bBlSWdok8rmuI2,Hata Diye,Dream Note,Girgit Damroo And The Good Trip,spotify:album:3fFaEakmRC9kp7UxSz7VMQ,USL4R2002930,1,2022-10-30,2022-10-30,True,False,,12,2025-10-19 05:07:05
spotify:track:1l3N2geANgX5HJHIV3Gw4Y,1l3N2geANgX5HJHIV3Gw4Y,Family Home - Background Score,OAFF,Gehraiyaan,spotify:album:3R23DPBdRLldHnxqrQmj3p,INS172201090,1,2022-10-30,2022-10-30,True,False,,12,2025-10-19 05:07:10
spotify:track:0HnbfIzOu6eLF8Kb1mT9Wl,0HnbfIzOu6eLF8Kb1mT9Wl,Laaree Chootee,WORMONO,Laaree Chootee,spotify:album:6DRQUIGYsV228eyPt9VokG,QM42K2126618,1,2022-10-30,2022-10-30,True,False,,12,2025-10-19 05:07:13
spotify:track:7co8izRJSkY8fM0ZJ3EKKA,7co8izRJSkY8fM0ZJ3EKKA,Nostalgia - Background Score,OAFF,Gehraiyaan,spotify:album:3R23DPBdRLldHnxqrQmj3p,INS172201096,1,2022-10-30,2022-10-30,True,False,,12,2025-10-19 05:07:15
spotify:track:000kV9W1kvTorGBY0twpfb,000kV9W1kvTorGBY0twpfb,Undercurrent - Background Score,OAFF,Gehraiyaan,spotify:album:3R23DPBdRLldHnxqrQmj3p,INS172201093,1,2022-10-30,2022-10-30,True,False,,12,2025-10-19 05:07:17
spotify:track:39lwTKgwElmhkUlppFH8AR,39lwTKgwElmhkUlppFH8AR,Khudaya Khair,Imdad Hussain,Khudaya Khair,spotify:album:4LfH4Ix4k8gRnxQnQXHg5z,GBKPL2206448,2,2022-10-30,2022-10-30,True,False,,12,2025-10-19 05:07:25
spotify:track:5udGjYNG57hYIUD61rfcGL,5udGjYNG57hYIUD61rfcGL,Kahan Woh Din Gaye,Dream Note,Girgit Damroo And The Good Trip,spotify:album:3fFaEakmRC9kp7UxSz7VMQ,USL4R2002933,1,2022-10-30,2022-10-30,True,False,,12,2025-10-19 05:07:28
spotify:track:6Q2LnxiPK6MUtf37CSbH2P,6Q2LnxiPK6MUtf37CSbH2P,Aaj Mohabbat,Aditya Rikhari,Aaj Mohabbat,spotify:album:38wtD9lyPIhrg4aPjzuhkq,INT132200653,1,2022-10-30,2022-10-30,True,False,,12,2025-10-19 05:07:30
spotify:track:0bmp0lE3ArELHqda9PBMVG,0bmp0lE3ArELHqda9PBMVG,"Iktara (From ""Wake Up Sid"")",Amit Trivedi,I Love You...Forever,spotify:album:3v8bVKuoU4pdMhMx0hStRN,INS170900329,6,2022-10-30,2024-01-28,True,False,,12,2025-10-19 05:07:41
spotify:track:5wZAnx10yPay72bOIE27pn,5wZAnx10yPay72bOIE27pn,End of The World - Background Score,OAFF,Gehraiyaan,spotify:album:3R23DPBdRLldHnxqrQmj3p,INS172201092,1,2022-10-30,2022-10-30,True,False,,12,2025-10-19 05:07:50
spotify:track:6i9997Q9R4M7RuqQEHq3ed,6i9997Q9R4M7RuqQEHq3ed,Badra Bahara,Vismay Patel,Badra Bahara,spotify:album:4rmIiT592uOXCMNR1nbhvl,FR2X42282710,3,2022-10-30,2022-12-14,True,False,,12,2025-10-19 05:07:59
spotify:track:7A4FSWQfxmDY2nqLRk4g8f,7A4FSWQfxmDY2nqLRk4g8f,Tab Bhi Tu,Anupam Roy,October,spotify:album:50K9juQj3cW0vn9usw7XgM,N/A,1,2022-10-30,2022-10-30,True,False,,12,2025-10-19 05:08:04
spotify:track:4137w3YEeQSgz52qxyjxHR,4137w3YEeQSgz52qxyjxHR,Kaun Mera,Papon,Special 26,spotify:album:6EN0NhqSQIYiLqbNkfXkIq,INS181300030,1,2022-10-30,2022-10-30,True,False,,12,2025-10-19 05:08:17
spotify:track:18qN1yxa4SVwmykQq1Icrl,18qN1yxa4SVwmykQq1Icrl,Khayaal,Abhijeet Srivastava,Khayaal,spotify:album:4EArcY1dBXz075hMxNgRUN,FRX202029520,2,2022-10-30,2023-10-28,True,False,,12,2025-10-19 05:08:21
spotify:track:0lhACxwxX7shlAhWuQyf9c,0lhACxwxX7shlAhWuQyf9c,Siya Hai,Osho Jain,Siya Hai,spotify:album:1JlMYefFj6WNWiyMYgAuh2,FRX452211526,2,2022-10-30,2022-12-15,True,False,,12,2025-10-19 05:08:27
spotify:track:6anGj4SX83j5DyG3aZOzqc,6anGj4SX83j5DyG3aZOzqc,Zara Zara - MTV Unwind,Arjun Kanungo,Zara Zara - MTV Unwind,spotify:album:2AQXHeeiHSxhptNmUZdwkU,INH102208122,1,2022-10-30,2022-10-30,True,False,,12,2025-10-19 05:08:32
spotify:track:7dbO1k9ryxPFJG0fvYBffu,7dbO1k9ryxPFJG0fvYBffu,"Ek Din Aap (From ""Yes Boss"")",Kumar Sanu,"Bollywood Music - Kumar Sanu At His Best, Vol. 2",spotify:album:2zy2TJ3HX11LjNt5n3zFtI,INV119900298,4,2022-10-30,2023-10-24,True,False,,12,2025-10-19 05:08:50
spotify:track:30UWFQsrAfkzcsRWaiNLtU,30UWFQsrAfkzcsRWaiNLtU,Yahin Hoon Main,Rochak Kohli,Yahin Hoon Main,spotify:album:4GKWiYih0CrU4IyteMzDZD,INS181502081,4,2022-10-30,2023-03-01,True,False,,12,2025-10-19 05:08:53
spotify:track:4Yp8zw7b35bheMVTp39o5O,4Yp8zw7b35bheMVTp39o5O,Kya Karoon?,Shankar-Ehsaan-Loy,Wake Up Sid (Original Motion Picture Soundtrack),spotify:album:1fzE65RP7Gyhi8hdOv8eRQ,INS170900326,9,2022-10-30,2024-06-09,True,False,,12,2025-10-19 05:08:59
spotify:track:43laH34WOZXQLWPkWJQVBX,43laH34WOZXQLWPkWJQVBX,Kooch Na Karin,Azhar Abbas,Load Wedding,spotify:album:1JJvn6g2rJRz6H6UTVQZKF,N/A,1,2022-10-30,2022-10-30,True,False,,12,2025-10-19 05:09:02
spotify:track:7aE1lfskJLMHQnzCCP1zsV,7aE1lfskJLMHQnzCCP1zsV,"Humsafar (From ""Badrinath Ki Dulhania"")",Akhil Sachdeva,Best Of Akhil Sachdeva,spotify:album:1kjmB9cfxSjPJFfqwZ9eHN,INS181700239,1,2022-10-30,2022-10-30,True,False,,12,2025-10-19 05:09:04
spotify:track:7Ja9xfr9nlVNCfpwTZfx37,7Ja9xfr9nlVNCfpwTZfx37,Kahaani (Aankhon Ke Pardon Pe),Joi Barua,Udaan,spotify:album:675yMfRB6Diis4V1bJi4KL,INS181007053,1,2022-10-30,2022-10-30,True,False,,12,2025-10-19 05:09:10
spotify:track:0jCpdlc3UvAtPL8h8dx3Qv,0jCpdlc3UvAtPL8h8dx3Qv,"Shikayatein (From ""Lootera"")",Mohan Kannan,Pen Down With Amitabh Bhattacharya,spotify:album:39ZjvrRaIWYAyH2OLbIGrQ,INS181303934,1,2022-10-30,2022-10-30,True,False,,12,2025-10-19 05:09:29
spotify:track:6ROdEkgF2s60OulI8lpXWB,6ROdEkgF2s60OulI8lpXWB,Lambiyan Judaiyan,Imran Raza,Lambiyan Judaiyan,spotify:album:5shoXzhxmJywKTwD6bAnj6,QZ93L2126457,2,2022-10-30,2022-10-30,True,False,,12,2025-10-19 05:09:34
spotify:track:7mJdz7uNv3jgVSIMkSf8ca,7mJdz7uNv3jgVSIMkSf8ca,"Kasoor (From ""Dhamaka"") - Acoustic",Prateek Kuhad,"Kasoor (From ""Dhamaka"")",spotify:album:76iQl56z8NPaGQz94z3EBr,INW262100022,2,2022-10-30,2022-10-30,True,False,,12,2025-10-19 05:09:42
spotify:track:1NgRBQQD8ZHy6lv79KyeZO,1NgRBQQD8ZHy6lv79KyeZO,Ikk Kudi,Shahid Mallya,Udta Punjab,spotify:album:6FfNmnl6x2AURdIRKJj925,N/A,1,2022-10-30,2022-10-30,True,False,,12,2025-10-19 05:09:47
spotify:track:7Lcp4QlpR3RDngYejm4fmS,7Lcp4QlpR3RDngYejm4fmS,"Kahani (From ""Laal Singh Chaddha"")",Pritam,"Kahani (From ""Laal Singh Chaddha"")",spotify:album:5R62UdMrx8tGmDVJragQtq,INS182200844,1,2022-10-30,2022-10-30,True,False,,12,2025-10-19 05:09:49
spotify:track:298atiKYvG84VfbXNbZiX5,298atiKYvG84VfbXNbZiX5,Adhoore,Vishal Dadlani,Break Ke Baad,spotify:album:3R2nfXGgY4PD6kf52GeEzc,INS181008747,25,2022-10-30,2024-04-19,True,False,,12,2025-10-19 05:10:13
spotify:track:09ImKoCeK6cYsEJ8zMwGn7,09ImKoCeK6cYsEJ8zMwGn7,Haan Pyaar Hai,NAALAYAK,Haan Pyaar Hai,spotify:album:6OGPKmBnH9ei5n7GIUHUNs,INO132003122,1,2022-10-30,2022-10-30,True,False,,12,2025-10-19 05:10:18
spotify:track:4EO3U6Ip5sVJZGTQuemMev,4EO3U6Ip5sVJZGTQuemMev,Beh Jaana,The Yellow Diary,Jugaadistan,spotify:album:0tPs35OLKpMmnxzWJXoyze,INS172200824,1,2022-11-03,2022-11-03,True,False,,12,2025-10-19 05:10:44
spotify:track:4P04qZvFhETXTGviFu9xL5,4P04qZvFhETXTGviFu9xL5,Udaan,The Yellow Diary,Udaan,spotify:album:4S6vdgAvjXuO4gDE4kbxJ5,INS172104507,1,2022-11-03,2022-11-03,True,False,,12,2025-10-19 05:10:47
spotify:track:4XwGrhiOTz0FapbeOdtCpN,4XwGrhiOTz0FapbeOdtCpN,Mi Amor,Daniel Pemberton,Spider-Man: Into the Spider-Verse (Original Score),spotify:album:5KP2NReDL2Bv0QLzHSvUwM,US4DG1801171,1,2022-11-03,2022-11-03,True,False,,12,2025-10-19 05:11:03
spotify:track:308fmwi0Y8ULBSzthdhooI,308fmwi0Y8ULBSzthdhooI,Stille Musik: 3. Augenblicke der Serenade,Valentin Silvestrov,Bagatellen und Serenaden,spotify:album:13F1ZPltvX3UoJBM3t6IvM,DEB330698818,1,2022-11-21,2022-11-21,True,False,,12,2025-10-19 05:12:26
spotify:track:1YcABWwgkfrOSw8VMgDWZU,1YcABWwgkfrOSw8VMgDWZU,My fellow creatures,Carlos Cipa,"Correlations B-Sides (on Yamaha Upright, 1981)",spotify:album:2G4IIha9htug2thniT54uy,GBAYC2002639,1,2022-11-21,2022-11-21,True,False,,12,2025-10-19 05:12:28
spotify:track:6B0ZlLf0p2s1Lwt3ivAXKy,6B0ZlLf0p2s1Lwt3ivAXKy,Still,Ola Gjeilo,Still,spotify:album:0QxD0lOJH9NBtJuSb2can4,GBF071900120,1,2022-11-21,2022-11-21,True,False,,12,2025-10-19 05:12:30
spotify:track:1v3gGmcneK1QzYyBFiBXG0,1v3gGmcneK1QzYyBFiBXG0,"Montero: Adagio (After Bach's Violin Concerto No. 2, BWV 1042)",Johann Sebastian Bach,Bach and Beyond,spotify:album:5IOSn5wePFXjdss00TdTe7,GBAYC0502230,1,2022-11-21,2022-11-21,True,False,,12,2025-10-19 05:12:33
spotify:track:0BGJjuvUKA1UqlfADE6Lyx,0BGJjuvUKA1UqlfADE6Lyx,La Vierge / Scene 4: The Assumption: Le dernier sommeil de la Vièrge (The Last Sleep of the Virgin),Jules Massenet,Clair de Lune - Orchestral Favourites; Waldteufel - Waltzes,spotify:album:6cHVhRbxBkXYfN0Gfz9uau,GBF075910900,1,2022-11-21,2022-11-21,True,False,,12,2025-10-19 05:12:35
spotify:track:3zrcDZ9hPNkZuq20pxPb9o,3zrcDZ9hPNkZuq20pxPb9o,"Cello Sonata in G Minor, Op. 65: III. Largo",Frédéric Chopin,"1846, dernière année à Nohant - Chopin: Cello Sonata; Piano Works",spotify:album:3gFpVgQIJzQzBqr1uWAsHQ,FRZ141414070,1,2022-11-21,2022-11-21,True,False,,12,2025-10-19 05:12:37
spotify:track:4bFdyisLdkeS7tmbAWpl13,4bFdyisLdkeS7tmbAWpl13,Memories of a Promenade II,Olga Scheps,Melody,spotify:album:0CWT7zFSzfNHq6mkY9dZxq,DEE861900560,1,2022-11-21,2022-11-21,True,False,,12,2025-10-19 05:12:39
spotify:track:6k5iJy3uIEhaqZu9MCGCiq,6k5iJy3uIEhaqZu9MCGCiq,Winter,Ola Gjeilo,Seasons,spotify:album:5wXv0fuobRh6ZzrJvuHveh,GBBBC2000168,1,2022-11-21,2022-11-21,True,False,,12,2025-10-19 05:12:41
spotify:track:06emSBtL6jcUXcjVlayUHl,06emSBtL6jcUXcjVlayUHl,"12 Songs, Op. 21: V. Lilacs (Transcr. Rachmaninoff for Solo Piano)",Sergei Rachmaninoff,"Rachmaninoff: 12 Songs, Op. 21: V. Lilacs (Transcr. Rachmaninoff for Solo Piano)",spotify:album:3BZO2AAzTm2p9R9xmLvucs,DEN961003860,1,2022-11-21,2022-11-21,True,False,,12,2025-10-19 05:12:43
spotify:track:6XmozAAnvBf2VtLL53AkX0,6XmozAAnvBf2VtLL53AkX0,Walk With Us - For Black Lives Matter,Alexis Ffrench,Walk With Us,spotify:album:4SjtGpWBAs4PysnpKEg4xu,USQX92003462,1,2022-11-21,2022-11-21,True,False,,12,2025-10-19 05:12:45
spotify:track:18JxYMTSFKZlxqdNFrOs1r,18JxYMTSFKZlxqdNFrOs1r,"Bach: Prelude in B minor, BWV 855a (Arr. by Alexander Siloti)",Johann Sebastian Bach,"Bach: Prelude in B minor, BWV 855a (Arr. by Alexander Siloti)",spotify:album:1J2gEYm9QCKqxwpGl3xDtT,USSM12108447,1,2022-11-21,2022-11-21,True,False,,12,2025-10-19 05:12:47
spotify:track:2zl2AqEdHVLhjzStuRulGY,2zl2AqEdHVLhjzStuRulGY,"Herz und Mund und Tat und Leben, Cantata BWV 147: Jesu, Joy of Man’s Desiring (Transcr. Hess for Piano)",Johann Sebastian Bach,"J.S. Bach: Herz und Mund und Tat und Leben, Cantata BWV 147: Jesu, Joy of Man’s Desiring (Transcr. Hess for Piano)",spotify:album:2nEKEXX0SONygbGBA7bsuF,DEN962131757,1,2022-11-21,2022-11-21,True,False,,12,2025-10-19 05:12:50
spotify:track:3gCYBFexR8dQZWeu4F15eu,3gCYBFexR8dQZWeu4F15eu,"Piano Concerto in A minor, Op. 16: II. Adagio - Live",Edvard Grieg,"Wonderland - Edvard Grieg: Piano Concerto, Lyric Pieces",spotify:album:675zFvCNg3trc61Wm3YRW1,DEN961501842,1,2022-11-22,2022-11-22,True,False,,12,2025-10-19 05:12:52
spotify:track:5k4Eagqnz3YKdMLjSSi0DD,5k4Eagqnz3YKdMLjSSi0DD,El cant dels ocells (Song of the Birds) (version for cello and orchestra),Pablo Casals,Elegy,spotify:album:6ui6clzZVh0hYGcklqLBdy,DEB261400659,1,2022-11-22,2022-11-22,True,False,,12,2025-10-19 05:12:55
spotify:track:22Qz9UKeAAtGNPaMAbqT4P,22Qz9UKeAAtGNPaMAbqT4P,King Of The Streets - Intro,Emiway Bantai,King Of The Streets,spotify:album:4bLCFr5ikH6eMXO9T5QLZ5,DGA062262589,1,2022-11-23,2022-11-23,True,False,,12,2025-10-19 05:13:30
spotify:track:6wKKcAUaLYDy7bN1uFD0E5,6wKKcAUaLYDy7bN1uFD0E5,Shor Sharaba,Ravator,Shor Sharaba,spotify:album:7iowlY2zkioI3og2h8z2Xp,FRX762078202,1,2022-11-23,2022-11-23,True,False,,12,2025-10-19 05:13:48
spotify:track:7JeOMJoXrnoutNAcvmsDXO,7JeOMJoXrnoutNAcvmsDXO,Masti,Kaam Bhaari,Masti,spotify:album:0K9wgywKSTuZYrocWH3vh8,DGA052256859,1,2022-11-23,2022-11-23,True,False,,12,2025-10-19 05:13:50
spotify:track:202l808VhBaJQqFTynwLO3,202l808VhBaJQqFTynwLO3,Confessions,Fotty Seven,Confessions,spotify:album:3cyfljsbZpEDfbARyZC6MA,INUM72200227,2,2022-11-23,2022-11-23,True,False,,12,2025-10-19 05:13:52
spotify:track:62xTWuLB2JucUM9lCmr7kj,62xTWuLB2JucUM9lCmr7kj,Aas Paas,Ritviz,Mimmi,spotify:album:1AproDt63gOfSf7AhNzlmG,TCAGL2226573,4,2022-11-23,2023-09-25,True,False,,12,2025-10-19 05:14:16
spotify:track:6sCvvleqKbeyOkQDieBYgp,6sCvvleqKbeyOkQDieBYgp,Lift Me Up - From Black Panther: Wakanda Forever - Music From and Inspired By,Rihanna,Black Panther: Wakanda Forever - Music From and Inspired By,spotify:album:06RK0wX4GqHcxBtHlVoGH5,QMJMT2204481,8,2022-11-30,2023-06-11,True,False,,12,2025-10-19 05:14:41
spotify:track:1ByVM9F8HeekD3aGXatRWd,1ByVM9F8HeekD3aGXatRWd,Tere Hawaale,Pritam,Laal Singh Chaddha,spotify:album:5OLQiL6HaWJl734EqPjoY9,INS182202745,35,2023-02-08,2024-09-27,True,False,,13,2025-10-19 05:15:54
spotify:track:45Egmo7icyopuzJN0oMEdk,45Egmo7icyopuzJN0oMEdk,Love Lies (with Normani),Khalid,Love Lies (with Normani),spotify:album:4CEAev7neETRdqBFtzA8B9,USRC11703646,7,2023-02-08,2023-06-13,True,False,,13,2025-10-19 05:16:19
spotify:track:3vGy3xMTFig0f0tUrjkbVQ,3vGy3xMTFig0f0tUrjkbVQ,Chaand Baaliyan Duet,Aditya A,Chaand Baaliyan Duet,spotify:album:0R1Otzz4JDqEquFD3AhP4P,INS172201723,1,2023-02-11,2023-02-11,True,False,,13,2025-10-19 05:16:37
spotify:track:1hd4I7yByPS8RAmc9dM9lH,1hd4I7yByPS8RAmc9dM9lH,Chaand Baaliyan - Lofi Flip,Silent Ocean,Chaand Baaliyan,spotify:album:2OfUaDTxSIOuzXaFWOOFTc,INS172202811,1,2023-02-11,2023-02-11,True,False,,13,2025-10-19 05:16:39
spotify:track:63awiUHspzokZiU5lizwjd,63awiUHspzokZiU5lizwjd,Chandaniya - Lori Lori,Sajid-Wajid,Rowdy Rathore (Original Motion Picture Soundtrack),spotify:album:56vMn2mNzMjxLzbnMg3IID,INU151200025,1,2023-02-12,2023-02-12,True,False,,13,2025-10-19 05:16:44
spotify:track:22jbgc9BtV1uiV7hKYTyDx,22jbgc9BtV1uiV7hKYTyDx,Chaandaniya,Mohan Kannan,2 States,spotify:album:4PmYasI57t8uJJAOt0zKud,INS181400605,10,2023-02-12,2023-10-23,True,False,,13,2025-10-19 05:16:46
spotify:track:1Zhd0vU0BOHBNQ5bHfk1vV,1Zhd0vU0BOHBNQ5bHfk1vV,"Kajra Re (From ""Bunty Aur Babli"")",Shankar-Ehsaan-Loy,YRF Top 10 - Nightout Sounds,spotify:album:6oE20B7dnXUthc6pOorJJC,INY090500039,1,2023-02-12,2023-02-12,True,False,,13,2025-10-19 05:16:49
spotify:track:4blqlsA1uf2d2I40E90EUC,4blqlsA1uf2d2I40E90EUC,"Tere Hawaale (From ""Laal Singh Chaddha"")",Pritam,"Tere Hawaale (From ""Laal Singh Chaddha"")",spotify:album:1lZk7TnMgvS3mSlfeWW1b3,INS182202745,4,2023-02-12,2023-11-10,True,False,,13,2025-10-19 05:16:54
spotify:track:0oy4Zk7CVLObwnDX8YZZ1e,0oy4Zk7CVLObwnDX8YZZ1e,Jooma Chumma De De,Sudesh Bhosle,Hum,spotify:album:5zmbuk1OJjZVE5sK3QQjHV,INH109238920,1,2023-02-12,2023-02-12,True,False,,13,2025-10-19 05:16:56
spotify:track:31gjQxUtPUCFla16NJPvWI,31gjQxUtPUCFla16NJPvWI,Dil Nu - Acoustic,Sanjay S Yadav,Dil Nu,spotify:album:3uiWv9gNm8NuOfGIRIndwK,QZFYZ2366055,2,2023-02-14,2023-02-14,True,False,,13,2025-10-19 05:17:05
spotify:track:1Ch9OvFBpRMZqYSzWHr8NS,1Ch9OvFBpRMZqYSzWHr8NS,DIL NU - slowed + reverb,Taran,tape,spotify:album:5SG01amDiYHyhZY3dobYfo,QZTAY2220551,1,2023-02-14,2023-02-14,True,False,,13,2025-10-19 05:17:07
spotify:track:5Vp7h7z1RsrkEcIqiv9Ac3,5Vp7h7z1RsrkEcIqiv9Ac3,Mast Magan,TEMPEREX,Mast Magan,spotify:album:1gPF17WizZ4fTWDElNPq1F,QZES52259311,4,2023-02-14,2023-02-15,True,False,,13,2025-10-19 05:17:10
spotify:track:4wIWWEhbdgKAxhR68eE0Ye,4wIWWEhbdgKAxhR68eE0Ye,"Mast Magan (From ""2 States"")",Arijit Singh,Groove With Arijit Singh,spotify:album:7kSY0fqrPep5vcwOb1juye,INS181400606,4,2023-02-14,2023-08-19,True,False,,13,2025-10-19 05:17:13
spotify:track:7wqNKCHh87HfIOGNgfyRCk,7wqNKCHh87HfIOGNgfyRCk,Ghodey Pe Sawaar,Amit Trivedi,Qala,spotify:album:3yVX4sKtPoqFjBKOVyJenW,INS172222716,3,2023-02-14,2023-04-09,True,False,,13,2025-10-19 05:17:18
spotify:track:0ceF2OyfoVe8IQeFcBXZg2,0ceF2OyfoVe8IQeFcBXZg2,Rubaaiyaan,Amit Trivedi,Qala,spotify:album:3yVX4sKtPoqFjBKOVyJenW,INS172222717,1,2023-02-14,2023-02-14,True,False,,13,2025-10-19 05:17:20
spotify:track:3JbujPTeag5mDMAcye3vDD,3JbujPTeag5mDMAcye3vDD,Choomantar,Sohail Sen,Mere Brother Ki Dulhan,spotify:album:6NoosYEOmTm4PNXtDnIktN,INY091100021,8,2023-02-16,2023-04-01,True,False,,13,2025-10-19 05:18:13
spotify:track:3IOgP2PSCTdoAID7VmMGEh,3IOgP2PSCTdoAID7VmMGEh,Ek Ladki Ko Dekha Toh Aisa Laga - Title Track,Darshan Raval,Ek Ladki Ko Dekha Toh Aisa Laga,spotify:album:5MSsnkDnHIwMpST0lWi9yB,INH101900005,17,2023-02-16,2023-10-17,True,False,,13,2025-10-19 05:18:15
spotify:track:44OZwf1pS0nnoPJEz2pqAX,44OZwf1pS0nnoPJEz2pqAX,Madhubala,Sohail Sen,Mere Brother Ki Dulhan,spotify:album:6NoosYEOmTm4PNXtDnIktN,INY091100023,6,2023-02-16,2023-06-02,True,False,,13,2025-10-19 05:18:17
spotify:track:2IoZMG3RqiTmsy7Li3zGFg,2IoZMG3RqiTmsy7Li3zGFg,"Mere Sohneya (From ""Kabir Singh"")",Sachet Tandon,"Mere Sohneya (From ""Kabir Singh"")",spotify:album:4Vyb6DpCBuDYJFgnByGq3A,INS181903689,3,2023-02-16,2023-04-27,True,False,,13,2025-10-19 05:18:20
spotify:track:0fu0xZhqfPfk3vSQJm69Tr,0fu0xZhqfPfk3vSQJm69Tr,Tandoori Nights,Himesh Reshammiya,Karzzzz,spotify:album:6fGlmlNmPbkdmGXurz9BZ8,INS180807640,11,2023-02-16,2023-04-03,True,False,,13,2025-10-19 05:18:29
spotify:track:5pQODzb8j3xMQ1qvrQXJvo,5pQODzb8j3xMQ1qvrQXJvo,Laung Da Lashkara,Mahalakshmi Iyer,Patiala House,spotify:album:1DgIFH0yAPRPGBeCiJBvDv,INS181009728,40,2023-02-17,2023-10-25,True,False,,13,2025-10-19 05:18:39
spotify:track:5WJ7hrAsgcfncN8zussoFq,5WJ7hrAsgcfncN8zussoFq,Daryaa,Amit Trivedi,Manmarziyaan (Original Motion Picture Soundtrack),spotify:album:4u3BWwiNxt0OxHOXhLyXWW,GBSGZ1502712,7,2023-02-17,2023-08-19,True,False,,13,2025-10-19 05:18:42
spotify:track:2IarWd16hKAvXU8vnEunVb,2IarWd16hKAvXU8vnEunVb,Mileya Mileya,Rekha Bhardwaj,Happy Ending (Original Motion Picture Soundtrack),spotify:album:2tkBjsDswNuXjfVertqYPV,GBSGZ1502721,10,2023-02-17,2023-05-03,True,False,,13,2025-10-19 05:18:44
spotify:track:5hRXhmEuQW3SJwX94BBV6u,5hRXhmEuQW3SJwX94BBV6u,Gulaabo,Vishal Dadlani,Shaandaar,spotify:album:6jz8TnD4K4fOeGHAnd3fwM,N/A,1,2023-02-17,2023-02-17,True,False,,13,2025-10-19 05:18:46
spotify:track:6RZwj2PZDqM6g7gmO6bOxw,6RZwj2PZDqM6g7gmO6bOxw,Do Dhaari Talwaar,Sohail Sen,Mere Brother Ki Dulhan,spotify:album:6NoosYEOmTm4PNXtDnIktN,INY091100024,4,2023-02-18,2023-03-01,True,False,,13,2025-10-19 05:18:55
spotify:track:1IjWbIMe1uXqp9tDfC3QLL,1IjWbIMe1uXqp9tDfC3QLL,Who Are You (Feat. SEULGI of Red Velvet),BamBam,Who Are You,spotify:album:7cvrTHkHU8UBnmhHLVUWnL,KRMIM2180784,3,2023-02-18,2023-02-22,True,False,,13,2025-10-19 05:18:58
spotify:track:2TbCdbFzs2xO2nzasn0Qvw,2TbCdbFzs2xO2nzasn0Qvw,"Don't Be Shy Again (From ""Bala"")",Sachin-Jigar,Don't Be Shy Again,spotify:album:7dtf0qx0yeOZzcysKPVDUr,INS171903388,1,2023-02-21,2023-02-21,True,False,,13,2025-10-19 05:19:04
spotify:track:5QyOjKJhR1iyF0DHQM2IvW,5QyOjKJhR1iyF0DHQM2IvW,Tareefan,QARAN,Veere Di Wedding,spotify:album:76g096RoXj4F5keLju1CHH,N/A,1,2023-02-22,2023-02-22,True,False,,13,2025-10-19 05:19:24
spotify:track:3cGMTR0B5zA3zQsVJjddtQ,3cGMTR0B5zA3zQsVJjddtQ,Love Me Thoda Aur,Pritam,Yaariyan,spotify:album:59RFGu1upndkHRqpJWHvos,INS181306569,6,2023-02-22,2024-08-28,True,False,,13,2025-10-19 05:19:27
spotify:track:2ZD4aIEepqZsdxPxLSuUhm,2ZD4aIEepqZsdxPxLSuUhm,Tere Pyaar Mein,Pritam,"Tere Pyaar Mein (From ""Tu Jhoothi Main Makkaar"")",spotify:album:5uAi4ZZc7zRdd6PsKNcJXO,INS182300213,47,2023-02-28,2024-06-17,True,False,,13,2025-10-19 05:19:47
spotify:track:567e29TDzLwZwfDuEpGTwo,567e29TDzLwZwfDuEpGTwo,STAY (with Justin Bieber),The Kid LAROI,F*CK LOVE 3+: OVER YOU,spotify:album:576UTio7xgY7YUxrHMzxeI,USSM12103949,2,2023-02-28,2023-03-01,True,False,,13,2025-10-19 05:19:52
spotify:track:24zoLYPSzTYPEoFmAWuw94,24zoLYPSzTYPEoFmAWuw94,Ajab Leher,Neeraj Shridhar,Break Ke Baad,spotify:album:3R2nfXGgY4PD6kf52GeEzc,INS181008748,3,2023-02-28,2024-11-25,True,False,,13,2025-10-19 05:20:06
spotify:track:7eCpXVlWnTVEE8twb3P8m5,7eCpXVlWnTVEE8twb3P8m5,Have We Met Before (with Eric Nam),Sarah Barrios,Have We Met Before (with Eric Nam),spotify:album:3CugoYr2fheAKsUkc4wsVo,USQX92101379,9,2023-03-11,2024-11-11,True,False,,13,2025-10-19 05:21:19
spotify:track:4krOgwwyJ1pWgjN4EJ4dMi,4krOgwwyJ1pWgjN4EJ4dMi,Rangi Sari Chunariya,Rekha Bhardwaj,Maestro S Studio Sessions,spotify:album:3b3sIgLVFlp8EP9cuHV2IG,INT131600018,2,2023-03-14,2023-03-14,True,False,,13,2025-10-19 05:22:22
spotify:track:1YcLusiI85b6bnrD1AcoIo,1YcLusiI85b6bnrD1AcoIo,Rusvaaiyaan,Amit Trivedi,Songs of Love,spotify:album:0jpXgPEyyujKElDwbCWL7o,FR10S2100010,1,2023-03-14,2023-03-14,True,False,,13,2025-10-19 05:22:24
spotify:track:0RHlIDfOIlVSytakD8oSCe,0RHlIDfOIlVSytakD8oSCe,Tu Kabhi Kabhi,Amit Trivedi,Songs of Love,spotify:album:0jpXgPEyyujKElDwbCWL7o,DGA072116344,1,2023-03-14,2023-03-14,True,False,,13,2025-10-19 05:22:26
spotify:track:6LTJ7CNBT7gRxJzhJoHz7n,6LTJ7CNBT7gRxJzhJoHz7n,Dil Wapas,Amit Trivedi,Songs of Love,spotify:album:0jpXgPEyyujKElDwbCWL7o,DGA072116345,1,2023-03-14,2023-03-14,True,False,,13,2025-10-19 05:22:28
spotify:track:7aqgy7HwoUYJWCX6p915wb,7aqgy7HwoUYJWCX6p915wb,Madhubala - Reprise,Amit Trivedi,Songs of Love,spotify:album:0jpXgPEyyujKElDwbCWL7o,DGA052058007,1,2023-03-14,2023-03-14,True,False,,13,2025-10-19 05:22:34
spotify:track:5oDqm3nmB6euAtKnDH8cQD,5oDqm3nmB6euAtKnDH8cQD,Bairiya,Arijit Singh,Bairiya,spotify:album:0qDJp6YQp1s0C5kWoJrpKC,INS172301011,2,2023-03-15,2023-03-20,True,False,,13,2025-10-19 05:22:38
spotify:track:4vo3hDIy5kQSSxd8WtkW9t,4vo3hDIy5kQSSxd8WtkW9t,Open Your Eyes,Kina Grannis,Open Your Eyes,spotify:album:0dNW9QOwjfQJqe7opJSIcf,GX4LG2101300,1,2023-03-16,2023-03-16,True,False,,13,2025-10-19 05:22:44
spotify:track:5tpwDcec6H8vvAK7kMrWwp,5tpwDcec6H8vvAK7kMrWwp,I Got A Lot To Lose,gnash,The Art of Letting Go,spotify:album:449CV10TloVGhBv9NfwFTD,USAT22219735,1,2023-03-25,2023-03-25,True,False,,13,2025-10-19 05:23:59
spotify:track:0zejB6nkgCpLlf75dxYE4p,0zejB6nkgCpLlf75dxYE4p,Aa Le Chalun,Ankur Tewari,Aaja Nindiya,spotify:album:7Lzqp2zlbqavbgd2MyEZHg,US23A1560879,1,2023-03-25,2023-03-25,True,False,,13,2025-10-19 05:24:28
spotify:track:5Vd5STrHEKP7qIdf3ynELX,5Vd5STrHEKP7qIdf3ynELX,Aaja Nindiya,Ankur Tewari,Aaja Nindiya,spotify:album:7Lzqp2zlbqavbgd2MyEZHg,US23A1560089,1,2023-03-25,2023-03-25,True,False,,13,2025-10-19 05:24:30
spotify:track:76kttcpurC7PLQhsQE4o2R,76kttcpurC7PLQhsQE4o2R,Nayi Sehar,Ankur Tewari,Aaja Nindiya,spotify:album:7Lzqp2zlbqavbgd2MyEZHg,US23A1560880,1,2023-03-25,2023-03-25,True,False,,13,2025-10-19 05:24:32
spotify:track:3ia3dJETSOllPsv3LJkE35,3ia3dJETSOllPsv3LJkE35,California Love - Original Version,2Pac,Greatest Hits,spotify:album:1WBZyULtlANBKed7Zf9cDP,USUG10702628,1,2023-03-28,2023-03-28,True,False,,13,2025-10-19 05:24:47
spotify:track:1gihuPhrLraKYrJMAEONyc,1gihuPhrLraKYrJMAEONyc,Feel So Close - Radio Edit,Calvin Harris,18 Months,spotify:album:7w19PFbxAjwZ7UVNp9z0uT,GBARL1100748,1,2023-03-28,2023-03-28,True,False,,13,2025-10-19 05:25:29
spotify:track:0eifvmNPHWaSh4IKNR4Xva,0eifvmNPHWaSh4IKNR4Xva,To Be With You - 2021 Remastered,Mr. Big,Lean Into It (30th Anniversary Edition),spotify:album:2Y7fURPZCCr4iZIrM2S3dR,HKG292100094,1,2023-03-28,2023-03-28,True,False,,13,2025-10-19 05:25:32
spotify:track:31hj5K4KKUJYzFJsEwX07X,31hj5K4KKUJYzFJsEwX07X,Yadame (feat. Jaweed),MAH,Ampoule,spotify:album:2BGQYSi3KaIcwwZJ0gqmX0,TCACJ1501411,1,2023-03-29,2023-03-29,True,False,,13,2025-10-19 05:26:10
spotify:track:6XJS1n1cy2bdB3NCX5sp38,6XJS1n1cy2bdB3NCX5sp38,All I Ask,Travis Atreo,All I Ask,spotify:album:2TN10O8zLgqGxTtqRh59dq,USE831531410,4,2023-03-29,2023-06-09,True,False,,13,2025-10-19 05:26:30
spotify:track:1VXbZLIbWT4PqUYrRnzxgA,1VXbZLIbWT4PqUYrRnzxgA,You Are Mine,Anirudh Sharma,You Are Mine,spotify:album:3AYCYVzMdIJ7XSUr3CqNYI,FR59R2112888,1,2023-04-01,2023-04-01,True,False,,13,2025-10-19 05:26:54
spotify:track:1PSBzsahR2AKwLJgx8ehBj,1PSBzsahR2AKwLJgx8ehBj,Bad Things (with Camila Cabello),mgk,bloom,spotify:album:3yWRq9Dd2UO5xyqxTjLDmp,USUM71609854,1,2023-04-01,2023-04-01,True,False,,13,2025-10-19 05:27:00
spotify:track:3ATQIPBT5i5LfhUVNIdjBz,3ATQIPBT5i5LfhUVNIdjBz,Apna Bana Le,Imran Raza,Apna Bana Le,spotify:album:3tkM1ZoTNv9uxmKIFvmbYl,TCAGN2257486,3,2023-04-01,2023-04-07,True,False,,13,2025-10-19 05:27:10
spotify:track:1d1Uc9yNUMvUb0RbakGDt0,1d1Uc9yNUMvUb0RbakGDt0,Caring Is Creepy - 2021 Remaster,The Shins,"Oh, Inverted World",spotify:album:5XmhHMj5LZLWo32aA6ntKE,USSUB2141501,24,2023-04-02,2023-05-22,True,False,,13,2025-10-19 05:27:13
spotify:track:4Omfr1OV4e0eaLcPe5JFRa,4Omfr1OV4e0eaLcPe5JFRa,The Past and Pending - 2021 Remaster,The Shins,"Oh, Inverted World",spotify:album:5XmhHMj5LZLWo32aA6ntKE,USSUB2141511,7,2023-04-02,2023-04-07,True,False,,13,2025-10-19 05:27:33
spotify:track:1PO9sdsEu8bYm8FVGNCM5D,1PO9sdsEu8bYm8FVGNCM5D,Girl Inform Me - 2021 Remaster,The Shins,"Oh, Inverted World",spotify:album:5XmhHMj5LZLWo32aA6ntKE,USSUB2141505,8,2023-04-02,2023-05-22,True,False,,13,2025-10-19 05:27:46
spotify:track:25CxDgttAjHBfUoV5GaHGK,25CxDgttAjHBfUoV5GaHGK,Young Pilgrims,The Shins,Chutes Too Narrow,spotify:album:05APAIA6c0Qf7QtFQYZAKm,USSUB0300137,2,2023-04-02,2023-04-07,True,False,,13,2025-10-19 05:43:49
spotify:track:6qnaCx4wQQBqFd9XdQyWjC,6qnaCx4wQQBqFd9XdQyWjC,Name For You,The Shins,Heartworms,spotify:album:51q9Mkz5BVwTRYsMlLASVZ,USSM11610429,1,2023-04-02,2023-04-02,True,False,,13,2025-10-19 05:43:52
spotify:track:2MqJJotATaZuzfBOewZea0,2MqJJotATaZuzfBOewZea0,Know Your Onion! - 2021 Remaster,The Shins,"Oh, Inverted World",spotify:album:5XmhHMj5LZLWo32aA6ntKE,USSUB2141504,4,2023-04-02,2023-04-07,True,False,,13,2025-10-19 06:31:44
spotify:track:1dMcNgBWGFNgnXAm4IJQZX,1dMcNgBWGFNgnXAm4IJQZX,Saint Simon,The Shins,Chutes Too Narrow,spotify:album:05APAIA6c0Qf7QtFQYZAKm,USSUB0300138,1,2023-04-02,2023-04-02,True,False,,13,2025-10-19 07:00:49
spotify:track:2JPrgWbs19XotmzG3uq3s4,2JPrgWbs19XotmzG3uq3s4,Pink Bullets,The Shins,Chutes Too Narrow,spotify:album:05APAIA6c0Qf7QtFQYZAKm,USSUB0300140,1,2023-04-02,2023-04-02,True,False,,13,2025-10-19 07:18:48
spotify:track:7fLHguF12laXV09NVTrlSD,7fLHguF12laXV09NVTrlSD,So Now What,The Shins,Heartworms,spotify:album:51q9Mkz5BVwTRYsMlLASVZ,USSM11610437,1,2023-04-02,2023-04-02,True,False,,13,2025-10-19 07:18:51
spotify:track:5sHPMdCjomrXVrrGuX5Gpb,5sHPMdCjomrXVrrGuX5Gpb,We Will Become Silhouettes - Remastered,The Shins,Give Up (Deluxe 10th Anniversary Edition),spotify:album:5MoaDbFw4nrm2P7Om1on3b,USSUB1304524,1,2023-04-02,2023-04-02,True,False,,13,2025-10-19 08:16:44
spotify:track:7k695jTLLrMiNnFnyRWDCN,7k695jTLLrMiNnFnyRWDCN,Just As Easily,Frizzell D'souza,Just As Easily,spotify:album:4z4anMfIasayTBmyVIGlqa,GBLLT2240190,5,2023-04-03,2023-04-07,True,False,,13,2025-10-19 08:55:16
spotify:track:2Lj8ydwvBiIxCliS0kmATB,2Lj8ydwvBiIxCliS0kmATB,Australia (Peter Bjorn and John Remix),The Shins,Australia (Peter Bjorn and John Remix),spotify:album:0Czepr6Z8rV8SddDmnQ2se,USSUB2258101,2,2023-04-07,2023-04-07,True,False,,13,2025-10-19 09:17:11
spotify:track:2GbefvL5FfgXB2sLJV0ZKw,2GbefvL5FfgXB2sLJV0ZKw,Girl on the Wing - 2021 Remaster,The Shins,"Oh, Inverted World",spotify:album:5XmhHMj5LZLWo32aA6ntKE,USSUB2141508,4,2023-04-07,2023-04-07,True,False,,13,2025-10-19 09:17:13
spotify:track:0NapkeC45rszeuSgbvcjx4,0NapkeC45rszeuSgbvcjx4,Maan Meri Jaan (Afterlife),King,Maan Meri Jaan (Afterlife),spotify:album:02K4LsS2gNvzJzdVsrZ6Wc,INW262300241,2,2023-03-28,2023-04-07,True,False,,13,2025-10-19 09:17:16
spotify:track:3MnwtWgNSY9qVPJJ2oyLhP,3MnwtWgNSY9qVPJJ2oyLhP,Your Algebra - 2021 Remaster,The Shins,"Oh, Inverted World",spotify:album:5XmhHMj5LZLWo32aA6ntKE,USSUB2141509,2,2023-04-07,2023-04-07,True,False,,13,2025-10-19 09:17:31
spotify:track:2YiQqpLGoqIE7jLIjm5FCv,2YiQqpLGoqIE7jLIjm5FCv,Pressed in a Book - 2021 Remaster,The Shins,"Oh, Inverted World",spotify:album:5XmhHMj5LZLWo32aA6ntKE,USSUB2141510,1,2023-04-07,2023-04-07,True,False,,13,2025-10-19 09:17:33
spotify:track:0Qw1to5TBBSjv3cGUlzh83,0Qw1to5TBBSjv3cGUlzh83,Azaad,RapBrahma,Azaad,spotify:album:2dUXazNW2sENiZ5jeyIliY,TCAGZ2314140,3,2023-04-08,2023-04-08,True,False,,13,2025-10-19 09:17:45
spotify:track:7eYU2hu3CUOeNy3QAsqt6t,7eYU2hu3CUOeNy3QAsqt6t,Nain Ta Heere,Guru Randhawa,Jugjugg Jeeyo,spotify:album:49wsmGDdtSoQiLt2lsVbaQ,INS182201317,1,2023-04-08,2023-04-08,True,False,,13,2025-10-19 09:18:29
spotify:track:0czcoKJbJt08NqKrvSbbz7,0czcoKJbJt08NqKrvSbbz7,"O Bedardeya (From ""Tu Jhoothi Main Makkaar"")",Pritam,"O Bedardeya (From ""Tu Jhoothi Main Makkaar"")",spotify:album:7kXEDaT5yy8IUT7Fmqs1i2,INS182300550,11,2023-04-08,2023-11-14,True,False,,13,2025-10-19 09:30:47
spotify:track:14cceH4q4ME5ywqe2DbFGs,14cceH4q4ME5ywqe2DbFGs,Duniyaa,Akhil,Luka Chuppi,spotify:album:2PG8bWWdY7tlig5N178jfB,INS181900390,1,2023-04-08,2023-04-08,True,False,,13,2025-10-19 09:30:51
spotify:track:1OEmd2iXU8pWG7CrKNpGUg,1OEmd2iXU8pWG7CrKNpGUg,Humdard,Arijit Singh,Ek Villain,spotify:album:3EkmvTqyKrnMw1WiVpsSwF,INS181401039,1,2023-04-08,2023-04-08,True,False,,13,2025-10-19 09:46:41
spotify:track:5WKOKmJjyVBfZOpdMvNY1V,5WKOKmJjyVBfZOpdMvNY1V,Tum Hi Aana,Payal Dev,Marjaavaan,spotify:album:09vM96nXIMXYnroO5f9IsF,INS181905004,1,2023-04-08,2023-04-08,True,False,,13,2025-10-19 09:57:55
spotify:track:2I0MIQhICYnKHvaxUHYH49,2I0MIQhICYnKHvaxUHYH49,Shauq,Amit Trivedi,Qala,spotify:album:3yVX4sKtPoqFjBKOVyJenW,INS172222719,1,2023-04-08,2023-04-08,True,False,,13,2025-10-19 09:58:00
spotify:track:0zlGnseLGzRIBA0TJcb3Bo,0zlGnseLGzRIBA0TJcb3Bo,"Manike (From ""Thank God"")",Yohani,"Manike (From ""Thank God"")",spotify:album:30CfQvXOWrJx6kCglMcbo3,INS182203091,3,2023-04-08,2023-11-14,True,False,,13,2025-10-19 10:01:26
spotify:track:3f9dNrQR4stx9CCfpqZVSf,3f9dNrQR4stx9CCfpqZVSf,Rasiya Reprise,Pritam,Brahmastra,spotify:album:4kIPlpwEZBK9JaI9pZHe79,INS172222196,1,2023-04-08,2023-04-08,True,False,,13,2025-10-19 10:01:32
spotify:track:0hFUtSsV2itYEUTZGj6w5H,0hFUtSsV2itYEUTZGj6w5H,"Aabaad Barbaad (From ""Ludo"")",Pritam,"Aabaad Barbaad (From ""Ludo"")",spotify:album:1PzsfgcbPbiW7uflc9Zi5Z,INS182006633,1,2023-04-08,2023-04-08,True,False,,13,2025-10-19 10:01:34
spotify:track:2si0ZNx4yRbggTvrIom8A2,2si0ZNx4yRbggTvrIom8A2,Paniyon Sa,Rochak Kohli,"Paniyon Sa (From ""Satyameva Jayate"")",spotify:album:6JsjTQo1PrSQSe7ENpUwXu,INS181801601,1,2023-04-08,2023-04-08,True,False,,13,2025-10-19 10:01:39
spotify:track:3aaiAWCet6sbfOfLSn3g7i,3aaiAWCet6sbfOfLSn3g7i,Tu Chahiye,Pritam,Bajrangi Bhaijaan,spotify:album:4nZOPP0atfJbBlkedLYi7t,INS181500971,1,2023-04-08,2023-04-08,True,False,,13,2025-10-19 10:01:43
spotify:track:7uubRr0u9Zxc1Y84hEn7Xf,7uubRr0u9Zxc1Y84hEn7Xf,Moh Moh Ke Dhaage (Female),Anu Malik,Dum Laga Ke Haisha,spotify:album:31w6IUeDAItL4R2Enc2sG0,INY091500022,1,2023-04-08,2023-04-08,True,False,,13,2025-10-19 10:01:49
spotify:track:7fyiYhn7STpHvT5g0lbncC,7fyiYhn7STpHvT5g0lbncC,Ik Vaari Aa,Pritam,Raabta,spotify:album:05U9YwErzcnF0PmyPalDo5,INS181700712,1,2023-04-08,2023-04-08,True,False,,13,2025-10-19 10:01:51
spotify:track:3oM90C4SZLYzVZJEZD5EQk,3oM90C4SZLYzVZJEZD5EQk,Khairiyat (Bonus Track),Pritam,Chhichhore,spotify:album:2Svje8vKEM4VCKxoRyAvA4,INS181904667,1,2023-04-08,2023-04-08,True,False,,13,2025-10-19 10:01:54
spotify:track:4KCbZcshgibfJSCAkg87Lv,4KCbZcshgibfJSCAkg87Lv,Jag Ghoomeya,Vishal-Shekhar,Sultan,spotify:album:0tAi6H8acUKefYMIEuxcMA,INY091600050,1,2023-04-08,2023-04-08,True,False,,13,2025-10-19 10:01:57
spotify:track:7Bnc9gWHdjZAmjSuTY42CJ,7Bnc9gWHdjZAmjSuTY42CJ,Aashiqui Aa Gayi,Mithoon,Radhe Shyam,spotify:album:2oIvwzpOzC8bTiNnwynHVo,INS182115936,2,2023-04-08,2023-04-28,True,False,,13,2025-10-19 10:01:59
spotify:track:0tpwqQhdfJXRcUDSNRjb9O,0tpwqQhdfJXRcUDSNRjb9O,"Mere Yaaraa (From ""Sooryavanshi"")",Arijit Singh,"Mere Yaaraa (From ""Sooryavanshi"")",spotify:album:1XO82yE4raeQEBSHxrNuSe,INS182115374,1,2023-04-08,2023-04-08,True,False,,13,2025-10-19 10:02:01
spotify:track:3jf5303mzzJ96O8xFTcEn4,3jf5303mzzJ96O8xFTcEn4,"Mann Bharryaa 2.0 (From ""Shershaah"")",B Praak,Mann Bharryaa 2.0,spotify:album:37nWpT1gls52Tu6pymuPw3,INS172102779,1,2023-04-08,2023-04-08,True,False,,13,2025-10-19 10:02:06
spotify:track:5X5db3FrBOHbibrFKA02MQ,5X5db3FrBOHbibrFKA02MQ,"Chashni (From ""Bharat"")",Abhijeet Srivastava,"Chashni (From ""Bharat"")",spotify:album:5MZ0GKSj7GZofWTBGkOku3,INS181900959,1,2023-04-08,2023-04-08,True,False,,13,2025-10-19 10:02:23
spotify:track:3f0wz6zcA7XkQiGm0qNF5r,3f0wz6zcA7XkQiGm0qNF5r,"Thodi Jagah (From ""Marjaavaan"")",Arijit Singh,"Thodi Jagah (From ""Marjaavaan"")",spotify:album:4DZ2mXEtUDsltgPqGwnRDd,INS181905108,1,2023-04-08,2023-04-08,True,False,,13,2025-10-19 10:02:25
spotify:track:56zZ48jdyY2oDXHVnwg5Di,56zZ48jdyY2oDXHVnwg5Di,Tum Hi Ho,Mithoon,Aashiqui 2,spotify:album:0Rkv5iqjF2uenfL0OVB8hg,INS181303031,4,2023-04-08,2025-05-15,True,False,,13,2025-10-19 10:02:37
spotify:track:1VvGJIAjhGdB7InVP9NA7V,1VvGJIAjhGdB7InVP9NA7V,Haareya,Sachin-Jigar,Meri Pyaari Bindu,spotify:album:5aB2ao1SUs9f4bAmptE1yM,INY091700004,2,2023-04-08,2023-05-30,True,False,,13,2025-10-19 10:02:39
spotify:track:6gwnKOvdBKkTU4CQ7KpIAu,6gwnKOvdBKkTU4CQ7KpIAu,"Bandeya - From ""Dil Juunglee""",Shaarib Toshi,Bandeya,spotify:album:0eBjbMAR0N7knX6hBT6c3h,INS171800482,1,2023-04-08,2023-04-08,True,False,,13,2025-10-19 10:02:50
spotify:track:2isr15GZALDeFrCQCcqIQX,2isr15GZALDeFrCQCcqIQX,"Nihaal Ho Gayi (Remix) (From ""Thoda Pyaar Thoda Magic"")",Shankar Mahadevan,Bollywood Remix,spotify:album:0JmzVnBJdJs0qMLn23fREO,INY090800024,1,2023-04-08,2023-04-08,True,False,,13,2025-10-19 10:03:01
spotify:track:0Zg54aCcYrQA681qE4P7HH,0Zg54aCcYrQA681qE4P7HH,Nihaal Ho Gayi,Shankar-Ehsaan-Loy,Thoda Pyaar Thoda Magic,spotify:album:2nOnV0DBaje9A5vI19sFwX,INY090800020,3,2023-04-08,2023-04-13,True,False,,13,2025-10-19 10:03:03
spotify:track:0ON0JdGgRTVcCInt8j6eod,0ON0JdGgRTVcCInt8j6eod,Iski Uski,Akriti Kakar,2 States,spotify:album:4PmYasI57t8uJJAOt0zKud,INS181400604,3,2023-04-09,2024-11-03,True,False,,13,2025-10-19 10:03:05
spotify:track:3QoxvM5uOVSf5CACEdi1oN,3QoxvM5uOVSf5CACEdi1oN,Hullaare,Shankar Mahadevan,2 States,spotify:album:4PmYasI57t8uJJAOt0zKud,INS181400607,4,2023-04-09,2023-10-23,True,False,,13,2025-10-19 10:03:07
spotify:track:1atBjC8A1QgcAPXF4k8OOi,1atBjC8A1QgcAPXF4k8OOi,Zindagi Zindagi,Sachin Pilgaonkar,Duniyadari,spotify:album:5JZsS8DblBReCE6VPXMCoA,INV271300001,45,2023-04-12,2025-08-13,True,False,,13,2025-10-19 10:03:47
spotify:track:7AXBp0Rparzze5hDkozQ8A,7AXBp0Rparzze5hDkozQ8A,Yaraa Yaraa,Shikha Jain,Duniyadari,spotify:album:5JZsS8DblBReCE6VPXMCoA,INV271300011,5,2023-04-12,2023-05-09,True,False,,13,2025-10-19 10:03:49
spotify:track:5m2MS952ftWD4N7Idcyh7c,5m2MS952ftWD4N7Idcyh7c,"Tu Hi Hai (Ali Zafar Version) [From ""Dear Zindagi""]",Amit Trivedi,"Tu Hi Hai (Ali Zafar Version) [From ""Dear Zindagi""]",spotify:album:6mGKzIqFidQYRLpGvmsFya,INS171700311,3,2023-04-13,2023-05-14,True,False,,13,2025-10-19 10:03:55
spotify:track:7jHi6opPq439ruUlfH90Aw,7jHi6opPq439ruUlfH90Aw,Creepin' (with The Weeknd & 21 Savage),Metro Boomin,HEROES & VILLAINS,spotify:album:5aQFjsRw6rieK5oDNgGRyB,USUG12208806,1,2023-04-13,2023-04-13,True,False,,13,2025-10-19 10:04:48
spotify:track:3ngA52JTpcroXS1XMCR3qe,3ngA52JTpcroXS1XMCR3qe,her yellow ochre seeps into my indigo blue,Khushi Lovekar,Her Yellow Ochre Seeps into My Indigo Blue,spotify:album:6RRIta5qBSTTTmf2FJ4KHb,uscgj2384736,1,2023-04-13,2023-04-13,True,False,,13,2025-10-19 10:04:50
spotify:track:10sJZzSzZJhgbJcwCInbtm,10sJZzSzZJhgbJcwCInbtm,but our colours never mix,Khushi Lovekar,Her Yellow Ochre Seeps into My Indigo Blue,spotify:album:6RRIta5qBSTTTmf2FJ4KHb,uscgj2384737,1,2023-04-13,2023-04-13,True,False,,13,2025-10-19 10:04:52
spotify:track:5HcwqYEIpeUj5kvejI0FuL,5HcwqYEIpeUj5kvejI0FuL,Nazar Na Lag Jaye,Gaurav Aery,Nazar Na Lag Jaye,spotify:album:4BeUsgDdl0wbwb9BMJyMum,UKJ8H2214355,1,2023-04-14,2023-04-14,True,False,,13,2025-10-19 10:04:58
spotify:track:1oP3vl0ShM4XjpxYz5ZYNq,1oP3vl0ShM4XjpxYz5ZYNq,Ek Zindagi,Taniskaa Sanghvi,Angrezi Medium,spotify:album:7pJ7Czf42yFs6d96Aaeoe4,INS182000513,1,2023-04-14,2023-04-14,True,False,,13,2025-10-19 10:05:07
spotify:track:22kRCQPyNXWZSQEcDvCmGD,22kRCQPyNXWZSQEcDvCmGD,Gulabi,Sachin-Jigar,Shuddh Desi Romance,spotify:album:1rrjdhGZe4vVjwxJETqQbK,INY091300039,1,2023-04-14,2023-04-14,True,False,,13,2025-10-19 10:05:09
spotify:track:4jpibRkVyl2p8l0pqRbdMa,4jpibRkVyl2p8l0pqRbdMa,Afeemi,Sachin-Jigar,Meri Pyaari Bindu,spotify:album:5aB2ao1SUs9f4bAmptE1yM,INY091700006,1,2023-04-14,2023-04-14,True,False,,13,2025-10-19 10:05:15
spotify:track:6okCEBcbPTgwf3bc7CT3sj,6okCEBcbPTgwf3bc7CT3sj,Muskurane - Unplugged,Jeet Gannguli,Citylights (Original Motion Picture Soundtrack),spotify:album:5Hn2O2s9NQ5EaPtwAc665L,INS171400768,2,2023-04-14,2023-04-14,True,False,,13,2025-10-19 10:05:23
spotify:track:5IusvPjigpXQOcJkUUoMN0,5IusvPjigpXQOcJkUUoMN0,"Sajdaa (From ""My Name Is Khan"")",Shankar-Ehsaan-Loy,Best of SEL,spotify:album:1DoUBepfjvwB1NXGGKyDSF,INS170900501,2,2023-04-14,2023-04-15,True,False,,13,2025-10-19 10:05:32
spotify:track:3guNmy1Hk82Kssjzui0hiL,3guNmy1Hk82Kssjzui0hiL,Dilbar,Tech Panda,Dilbar,spotify:album:6oZ2HA0hRgJw2jsoW9bERD,TCAGP2218559,2,2023-04-15,2023-04-15,True,False,,13,2025-10-19 10:05:43
spotify:track:2mpuk61zDHhBayMZVA2EUs,2mpuk61zDHhBayMZVA2EUs,Deva Tujhya Gaabhaaryaalaa,Adarsh Shinde,Duniyadari,spotify:album:5JZsS8DblBReCE6VPXMCoA,INV271300012,25,2023-04-15,2025-08-10,True,False,,13,2025-10-19 10:05:48
spotify:track:4mtGAPsQCIlD4ZXdpRi0wf,4mtGAPsQCIlD4ZXdpRi0wf,Chandra (Featuring. Shreya Ghoshal),Ajay-Atul,Chandramukhi,spotify:album:4OK7vE5nVTJgG7OPn0tlio,INE152200007,2,2023-04-15,2023-04-15,True,False,,13,2025-10-19 10:05:51
spotify:track:6QAK7tNXGNeHQlkE67y9Wa,6QAK7tNXGNeHQlkE67y9Wa,"Ved Tujha (From ""Ved"")",Ajay-Atul,"Ved Tujha (From ""Ved"")",spotify:album:4BRmTI18u05MOYVOGkWNQc,INW262200190,7,2023-04-15,2025-08-11,True,False,,13,2025-10-19 10:05:53
spotify:track:5TPlJn8nfTT6bd9FwGgof8,5TPlJn8nfTT6bd9FwGgof8,Raja Aala,Avadhoot Gupte,Pawankhind,spotify:album:3PSsr8LdIZTDoXSoHIj6em,INE152200003,1,2023-04-15,2023-04-15,True,False,,13,2025-10-19 10:05:56
spotify:track:1xtf75V8lfh0ifv3Mm86Ha,1xtf75V8lfh0ifv3Mm86Ha,Kande Pohe,Sunidhi Chauhan,Sanai Choughade,spotify:album:6oz6bGhStxSiJa8kv7Eszj,INT102000092,3,2023-04-15,2023-09-14,True,False,,13,2025-10-19 10:05:58
spotify:track:0ZV55MmHYWJK7BgTdS0EdK,0ZV55MmHYWJK7BgTdS0EdK,Man Udhan Varyache,Shankar Mahadevan,Aga Bai Arechya,spotify:album:7sellQFNf3oP0rm6qhIdJp,INS100500032,1,2023-04-15,2023-04-15,True,False,,13,2025-10-19 10:06:00
spotify:track:1Vf49njX5n3f50BHd7Xz56,1Vf49njX5n3f50BHd7Xz56,Radha Hi Bawari,Swapnil Bandodkar,Tu Majha Kinara,spotify:album:5smz3duUGvu7OnpYxUXo4H,INS100500002,1,2023-04-15,2023-04-15,True,False,,13,2025-10-19 10:06:02
spotify:track:3CY8kcVqpfGHhHC4wkBVpB,3CY8kcVqpfGHhHC4wkBVpB,Tik Tik Vajate Dokyaat - Duet Version,Sonu Nigam,Duniyadari,spotify:album:5JZsS8DblBReCE6VPXMCoA,INV271300013,3,2023-04-15,2025-01-03,True,False,,13,2025-10-19 10:06:03
spotify:track:2TNxTv18tS1FILl5qPaGdx,2TNxTv18tS1FILl5qPaGdx,Higher,New Beat Order,Higher,spotify:album:4AddwuioHXN4tP2XeakzOA,QM24S1910868,3,2023-04-17,2023-05-23,True,False,,13,2025-10-19 10:06:29
spotify:track:3f26GAn3yOXfoclLyN8AdD,3f26GAn3yOXfoclLyN8AdD,Offo,Aditi Singh Sharma,2 States,spotify:album:4PmYasI57t8uJJAOt0zKud,INS181400556,6,2023-04-17,2023-11-14,True,False,,13,2025-10-19 10:06:31
spotify:track:3w9jI8mCgQCsk2SCxuPNBt,3w9jI8mCgQCsk2SCxuPNBt,Daaye Baaye,Saahel,Daaye Baaye,spotify:album:59ov3w48N6VxopAwC0N5op,TCAGU2375968,1,2023-04-17,2023-04-17,True,False,,13,2025-10-19 10:06:36
spotify:track:6PCFM6hZ5CZb6MZhNXvX92,6PCFM6hZ5CZb6MZhNXvX92,Saara Jahaan,Akanksha Bhandari,Saara Jahaan,spotify:album:16kYRDEJT3bwQ5StFGCGPV,TCAGY2397136,1,2023-04-17,2023-04-17,True,False,,13,2025-10-19 10:06:38
spotify:track:764XnzLSpfB7VSMkKywfMB,764XnzLSpfB7VSMkKywfMB,Baaton Baaton Main,Shashwat Sachdev,Baaton Baaton Main,spotify:album:0QVNwZykSmyVyFLbKZkMMY,INUM72200176,1,2023-04-17,2023-04-17,True,False,,13,2025-10-19 10:06:43
spotify:track:27QMJUPik6nJyKQYWMXDAN,27QMJUPik6nJyKQYWMXDAN,Why Oh Why,Little Alice,Why Oh Why b/w So What If I Can't Cook,spotify:album:1O3vutkZT5W8HjUnpiqX7E,QMB621400003,7,2023-04-18,2023-06-20,True,False,,13,2025-10-19 10:07:00
spotify:track:3VM35337X7Ro1tesUHnZ95,3VM35337X7Ro1tesUHnZ95,Quand vous souriez,Libor Kolman,Quand vous souriez,spotify:album:0a2MWbnNqbDan6OcOwRLuv,SE5W32202743,1,2023-04-22,2023-04-22,True,False,,13,2025-10-19 10:07:37
spotify:track:4xF4ZBGPZKxECeDFrqSAG4,4xF4ZBGPZKxECeDFrqSAG4,snowfall,Øneheart,snowfall,spotify:album:4NRsGHlWBTl4rdLcq8CKcH,QM3DF2191341,12,2023-04-22,2025-10-07,True,False,,13,2025-10-19 10:07:43
spotify:track:2mGLhWWDAy7EnDz8wW3xdY,2mGLhWWDAy7EnDz8wW3xdY,Velha Infância - Acústico,OUTROEU,Ensaio Acústico,spotify:album:3KKpQRGb980zBe0A1bqkY1,BRUM71904381,1,2023-04-22,2023-04-22,True,False,,13,2025-10-19 10:07:45
spotify:track:57UWfCanZsaBLtKVdceMOp,57UWfCanZsaBLtKVdceMOp,Wasting Love,SRTW,Wasting Love,spotify:album:7cHrVEGRTqnSgrgu1h0Bu1,DEYT72000288,1,2023-04-22,2023-04-22,True,False,,13,2025-10-19 10:08:04
spotify:track:1mBI0u1KpEUYt8dcrwROg7,1mBI0u1KpEUYt8dcrwROg7,Духовное кассание,Meditation Music Zone,"Буддийская медитация покоя: Лаосская практика успокоения души и разума, Свобода и гармония",spotify:album:05tVN0YrCdZRytEZGKjj1G,PLS921831921,1,2023-04-25,2023-04-25,True,False,,13,2025-10-19 10:08:30
spotify:track:3VrfifEv3YUPU7k0UieoAV,3VrfifEv3YUPU7k0UieoAV,Gåtfullt paradis,Meditation Music Zone,"Meditação e Harmonia - Música New Age para Relaxamento, Meditação Profunda, Sono, Calma, Silêncio Interior, Meditação Espiritual, Meditação Yoga",spotify:album:7JzqnM4uvUamkTX0ajhPIa,PLS921689066,1,2023-04-25,2023-04-25,True,False,,13,2025-10-19 10:08:32
spotify:track:7EG07cy985DoRyV2Vx4DK8,7EG07cy985DoRyV2Vx4DK8,Oriental Spirit - Chinese Flute,Meditation Music Zone,Meditation Zone,spotify:album:3aE4nmCDYC4WnlYykrdtmv,PLL431596834,1,2023-04-25,2023-04-25,True,False,,13,2025-10-19 10:08:35
spotify:track:3xv61CW1ocHWr99p936zx6,3xv61CW1ocHWr99p936zx6,Controlla il tuo corpo,Meditation Music Zone,Yoga Prima di Coricarsi: Superare l'Insonnia e Dormire Profondamente con 15 Canzoni Rilassanti di Meditazione e Yoga,spotify:album:28JEeKnFzKQRVDUZSL0vOK,UKR4Q1846010,1,2023-04-25,2023-04-25,True,False,,13,2025-10-19 10:08:38
spotify:track:1C714lhGBne8eKHioapzMJ,1C714lhGBne8eKHioapzMJ,Chinese Mythical Garden,Meditation Music Zone,Meditation Zone,spotify:album:3aE4nmCDYC4WnlYykrdtmv,PLL431596831,1,2023-04-25,2023-04-25,True,False,,13,2025-10-19 10:08:40
spotify:track:0LkkYnBK5B8g1C1Bz5Q0Um,0LkkYnBK5B8g1C1Bz5Q0Um,Беспокойства нет,Meditation Music Zone,"Буддийская медитация покоя: Лаосская практика успокоения души и разума, Свобода и гармония",spotify:album:05tVN0YrCdZRytEZGKjj1G,PLS921831920,1,2023-04-25,2023-04-25,True,False,,13,2025-10-19 10:08:42
spotify:track:5fTtOzfehHz0uvBLNZR9AF,5fTtOzfehHz0uvBLNZR9AF,Breezeblocks,Taylor Rae,Breezeblocks,spotify:album:3rZvlPu6FmjgKHOkHr7tLQ,QZS7J2296952,16,2023-04-25,2023-05-07,True,False,,13,2025-10-19 10:08:44
spotify:track:4KesmOv91PmUtzTC4ltGhB,4KesmOv91PmUtzTC4ltGhB,Mere Paas Tum Raho,Sumedh Mudgalkar,Mere Paas Tum Raho,spotify:album:3I0bHAfRH2tUA6OWNX5nEG,INM7Q2304657,1,2023-04-25,2023-04-25,True,False,,13,2025-10-19 10:08:50
spotify:track:72HdutlIHBZJ7WT1xVAAZT,72HdutlIHBZJ7WT1xVAAZT,Kajra Re,Shankar-Ehsaan-Loy,Bunty Aur Babli,spotify:album:5qO12aRQP26eh6XeplVIC9,INY090500039,27,2023-04-26,2023-09-30,True,False,,13,2025-10-19 10:08:57
spotify:track:1y8Ck6jFOyxNC59SrQJIn6,1y8Ck6jFOyxNC59SrQJIn6,Jhalla Wallah,Amit Trivedi,Ishaqzaade,spotify:album:7bJe5O77rwuYETK4zEp9Vu,INY091200004,22,2023-04-26,2023-09-30,True,False,,13,2025-10-19 10:09:00
spotify:track:7yOLFZgYOllnVgmhTbpjhg,7yOLFZgYOllnVgmhTbpjhg,Laal Ishq,Vasundhra Mishra,Laal Ishq,spotify:album:79vFBKUnyCvgrogDsykRKe,DGA062229683,1,2023-04-27,2023-04-27,True,False,,13,2025-10-19 10:09:02
spotify:track:7IxlD0RZ3bv03jNRlUcO2O,7IxlD0RZ3bv03jNRlUcO2O,"Laal Ishq (From ""Goliyon Ki Raasleela Ram-Leela"")",Sanjay Leela Bhansali,"Laal Ishq (From ""Goliyon Ki Raasleela Ram-Leela"")",spotify:album:1JyrUxilimdSSrYUsiB7CW,GBSGZ1502594,1,2023-04-27,2023-04-27,True,False,,13,2025-10-19 10:09:04
spotify:track:3G2I8KB7bTWmvE1tHSlMHg,3G2I8KB7bTWmvE1tHSlMHg,Laapata,Sohail Sen,Ek Tha Tiger,spotify:album:1vATJtFK74jkmkg5M8ffvq,INY091200025,1,2023-04-27,2023-04-27,True,False,,13,2025-10-19 10:09:10
spotify:track:1nvvaiJbrhCkM3Az74N1pM,1nvvaiJbrhCkM3Az74N1pM,Ranjha - Sid X Kiara Version,Jasleen Royal,Ranjha,spotify:album:0BJ8hGiNXBa38eAUHRB3Mm,INS172300822,1,2023-04-27,2023-04-27,True,False,,13,2025-10-19 10:09:12
spotify:track:3OLFqbd9ZeVjaUKTiaLsD6,3OLFqbd9ZeVjaUKTiaLsD6,Tu Hi Haqeeqat,Pritam,Tum Mile (Original Motion Picture Soundtrack),spotify:album:3Ip9JCpT1IF9GvhAxzufTH,INS170900406,2,2023-04-28,2024-04-15,True,False,,13,2025-10-19 10:09:35
spotify:track:087OuiMBCEn7gUz3smONW2,087OuiMBCEn7gUz3smONW2,Tik Tik Vajate Dokyaat - Female Version,Sayali Pankaj,Duniyadari,spotify:album:5JZsS8DblBReCE6VPXMCoA,INV271300015,1,2023-04-30,2023-04-30,True,False,,13,2025-10-19 10:09:48
spotify:track:6Tkun4YpEDb2nsUSRmclZe,6Tkun4YpEDb2nsUSRmclZe,Kitida Navyane,ARVIND WANKHEDE,Kitida Navyane,spotify:album:5MlBe4LBufyWvSHtnu3KWB,N/A,1,2023-05-01,2023-05-01,True,False,,13,2025-10-19 10:09:49
spotify:track:0e5STSwtLEXKN4ygFYydJd,0e5STSwtLEXKN4ygFYydJd,Aunty Ji,Ash King,Ek Main Aur Ekk Tu,spotify:album:3EAMYk4XshI4q0OMxrAXRq,INS181104441,1,2023-05-06,2023-05-06,True,False,,13,2025-10-19 10:10:53
spotify:track:5T6yrJuKWnkCH2OlQsoO7z,5T6yrJuKWnkCH2OlQsoO7z,Saawariya,Monty Sharma,Saawariya (Original Motion Picture Soundtrack),spotify:album:4E6rpd9IcOfe6X8mErzVxf,INS170709289,3,2023-05-07,2023-06-13,True,False,,13,2025-10-19 10:10:56
spotify:track:3fENN9Wilq1LEXaY3GSfhM,3fENN9Wilq1LEXaY3GSfhM,Movimiento de Caderas,El Rey del Monte,Nica Music Evolution,spotify:album:3YjlFy2I6KVIby2LRXiPeg,usx9p2037623,2,2023-05-07,2023-05-07,True,False,,13,2025-10-19 10:11:07
spotify:track:2fQkCPduaWi8UkKmzsu7xG,2fQkCPduaWi8UkKmzsu7xG,Breathless Hanuman Chalisa,Shankar Mahadevan,Breathless Hanuman Chalisa,spotify:album:6t3wOPT70HN8eO1HNk1wqh,INS932200079,1,2023-05-07,2023-05-07,True,False,,13,2025-10-19 10:11:27
spotify:track:5KCvFKy39WXTnsiOoIqEla,5KCvFKy39WXTnsiOoIqEla,Hanuman Chalisa,Sonu Nigam,Haidakhandi - Aarti & Bhajans,spotify:album:6XSTRDj8BVPa3XcjrXV1gZ,INO131601594,1,2023-05-07,2023-05-07,True,False,,13,2025-10-19 10:11:29
spotify:track:58SIEtTjWErr0yEXVBKxvd,58SIEtTjWErr0yEXVBKxvd,Shri Krishna Govind Hare Murari,Jubin Nautiyal,Shri Krishna Govind Hare Murari,spotify:album:5xP2BlyCzAs93O5onwuw3S,INS182001442,26,2023-05-07,2023-09-28,True,False,,13,2025-10-19 10:11:31
spotify:track:0xZJ98TOJhN4dhdYb5Rypy,0xZJ98TOJhN4dhdYb5Rypy,Sau Sawaal,Vedd Jha,Sau Sawaal,spotify:album:436t0yPXooaYEPruxjidA9,QZFYZ2199550,1,2023-05-08,2023-05-08,True,False,,13,2025-10-19 10:11:34
spotify:track:2Gd7x92yhLBkK29XenAjjX,2Gd7x92yhLBkK29XenAjjX,Thoda Sa Theher,Akanksha Sethi,Thoda Sa Theher,spotify:album:5yXdo9gbVUZxCnWdmXDMz3,usl4r2039178,1,2023-05-08,2023-05-08,True,False,,13,2025-10-19 10:11:36
spotify:track:7HriIgZkjWHQ69hPIOT16r,7HriIgZkjWHQ69hPIOT16r,Manmohan Tu Murliwala,Hariharan,Krishna Forever,spotify:album:3eK8NfBRLg1iDK9bYSvtfS,GBCHQ0610101,1,2023-05-08,2023-05-08,True,False,,13,2025-10-19 10:11:39
spotify:track:3y8UsbEGdDXTBSFfp20qzG,3y8UsbEGdDXTBSFfp20qzG,Tu Jo Mera,Rohit,Tu Jo Mera,spotify:album:32XWL0bqnVclj2NMT25Wma,INS4J2100148,1,2023-05-08,2023-05-08,True,False,,13,2025-10-19 10:11:53
spotify:track:0ecVywZ3tNjMSCHphlQVs1,0ecVywZ3tNjMSCHphlQVs1,Ye Dil,Vedd Jha,Ye Dil,spotify:album:4D5npsDiOVE3Vo71WzjaIP,QZNWR2062329,1,2023-05-08,2023-05-08,True,False,,13,2025-10-19 10:11:56
spotify:track:41Lu6FKDuLqsCF1iNROKt1,41Lu6FKDuLqsCF1iNROKt1,Kaise Tum Huye,Pahadininja,Kaise Tum Huye,spotify:album:0ZoaBbmJkD7OQ9QMrvdzV0,QZFYW2158693,1,2023-05-08,2023-05-08,True,False,,13,2025-10-19 10:11:58
spotify:track:6FQuOvo1GtnBCVbwu1zC4o,6FQuOvo1GtnBCVbwu1zC4o,Raat,Navya Sharma,Raat,spotify:album:0bPEpCvBJjPaZIC05YkXWQ,usl4q2065383,1,2023-05-08,2023-05-08,True,False,,13,2025-10-19 10:12:01
spotify:track:2ZqF7WNG6rfAEMBQ1QVoiY,2ZqF7WNG6rfAEMBQ1QVoiY,Panno Pe,Barbie Rajput,Panno Pe,spotify:album:3yDZY6eNn3CaQQU5rnSYax,QZNWY2060484,1,2023-05-08,2023-05-08,True,False,,13,2025-10-19 10:12:03
spotify:track:2w8gfS0KmrNNwcqhKGmefN,2w8gfS0KmrNNwcqhKGmefN,Shree Ganeshay Dheemahi,Shankar Mahadevan,Vishwa Vinayaka,spotify:album:546ZpJs4RTgVxFfnFXiDmf,INT130700188,2,2023-05-11,2023-05-14,True,False,,13,2025-10-19 10:12:13
spotify:track:1QyHZnIAWw1wE7qBFk8qht,1QyHZnIAWw1wE7qBFk8qht,Opening,jung jaeil,Parasite (Original Motion Picture Soundtrack),spotify:album:2YiZNBqcSai8kbqu7Mx0lQ,KRA491900326,1,2023-05-11,2023-05-11,True,False,,13,2025-10-19 10:12:18
spotify:track:733B0eINqwUqzV49kNRPPA,733B0eINqwUqzV49kNRPPA,Lag Ja Gale,Sanam,Lag Ja Gale - Sanam,spotify:album:3WpNdEjIE5itor1v9GK83G,INH101401213,1,2023-05-12,2023-05-12,True,False,,13,2025-10-19 10:12:20
spotify:track:3umYvXZeXEt4JrefxncSx6,3umYvXZeXEt4JrefxncSx6,La grande Nue,Felix Tanguy,La grande Nue,spotify:album:0HdaHtvjL7EGUO8wjzhwvh,US66W2200505,2,2023-05-12,2023-05-12,True,False,,13,2025-10-19 10:12:22
spotify:track:7cY9kWU1cPLJ1wxxvKEZMh,7cY9kWU1cPLJ1wxxvKEZMh,Golden Hour,Leila Milki,Springtime Improvisations,spotify:album:5ezMUY3NhgxPsufHezSG7D,QZKVX2200016,2,2023-05-12,2023-05-12,True,False,,13,2025-10-19 10:12:25
spotify:track:4wZWEuu89nlc6KVJgECTqx,4wZWEuu89nlc6KVJgECTqx,Zaupanje,Valbona Ceferin,Zaupanje,spotify:album:1tbDmFJsaVNXDnatUzChs4,SE5W32201463,1,2023-05-12,2023-05-12,True,False,,13,2025-10-19 10:12:26
spotify:track:2XXnGBKuvfcpfVvRgBEdvP,2XXnGBKuvfcpfVvRgBEdvP,San Siro,Finley Rhone,San Remo,spotify:album:7n4ZFIcNUM7GjyLd9FWNnA,QZAKB2165465,1,2023-05-12,2023-05-12,True,False,,13,2025-10-19 10:12:29
spotify:track:5e5tJl04Fp74oHxpsrC7Tk,5e5tJl04Fp74oHxpsrC7Tk,Meditabundus,Kellen Chase,Meditabundus,spotify:album:0lvz7MO3PlK8QDxvvc35pN,SE6RU2219801,1,2023-05-12,2023-05-12,True,False,,13,2025-10-19 10:12:31
spotify:track:0c3pAQGKjwHKo9ilC8i8c5,0c3pAQGKjwHKo9ilC8i8c5,Solace,Armando Bauer,Solace,spotify:album:5ECVYCYDwCfXed8eeJuIIj,SEXGF2200750,1,2023-05-12,2023-05-12,True,False,,13,2025-10-19 10:12:35
spotify:track:4zGwlwhObmrKxQSVwaWFMA,4zGwlwhObmrKxQSVwaWFMA,Romance No 2 'Normandie',Etienne Balestre,Romance No 2 'Normandie',spotify:album:6DEdXVTwC9oIO4DVvIqT7s,SEXGF2200710,1,2023-05-12,2023-05-12,True,False,,13,2025-10-19 10:12:37
spotify:track:5JcvLTlhEtDl3lPFs95xRM,5JcvLTlhEtDl3lPFs95xRM,The oak,Kiara Leonard,Fields,spotify:album:0bqMUUD910BVxrs4ENCuTC,SE5W32201374,1,2023-05-12,2023-05-12,True,False,,13,2025-10-19 10:12:39
spotify:track:64XD6XEroqjxW25e6ZMHMK,64XD6XEroqjxW25e6ZMHMK,Travelling,Ellen Wince,Travelling,spotify:album:3OLjWTVE7j1i2pWoBDRhoR,SE5IB2226833,1,2023-05-12,2023-05-12,True,False,,13,2025-10-19 10:12:41
spotify:track:1EERR4elDmZ67iD5MU6Bs3,1EERR4elDmZ67iD5MU6Bs3,Trust,Ambrosiae,Trust,spotify:album:0bcqTCET4TXdU3KFEuPFMv,SE5W32201306,1,2023-05-12,2023-05-12,True,False,,13,2025-10-19 10:12:43
spotify:track:3KY4J1SHhjAEn6hDqJooZn,3KY4J1SHhjAEn6hDqJooZn,Flying Away,Tom Holding,Flying Away,spotify:album:1sxeBZKSRlfVmUALPxb9ub,SE5IB2259137,1,2023-05-12,2023-05-12,True,False,,13,2025-10-19 10:12:46
spotify:track:7JMcuZdww7k1eQIRPbpRoG,7JMcuZdww7k1eQIRPbpRoG,Tenderly,Les Rêveries,Tenderly,spotify:album:27y3rhrFPJOAIVMDJKE47t,SE5W32201802,1,2023-05-12,2023-05-12,True,False,,13,2025-10-19 10:12:48
spotify:track:7e9rtvEfKg3QkMkZrZtTnW,7e9rtvEfKg3QkMkZrZtTnW,La Paix Intérieure,Alain Pironi,La Paix Intérieure,spotify:album:5HoExt3JRs5BfsuFyN4QDa,SEXGF2201000,1,2023-05-12,2023-05-12,True,False,,13,2025-10-19 10:12:50
spotify:track:5DezuV0RFcMcgA11UGdGBR,5DezuV0RFcMcgA11UGdGBR,Hommage d'amitié,Gunnel Boek,Hommage d'amitié,spotify:album:1TdvDFv91Ff5iDdqK8K64x,SEXGF2201011,1,2023-05-12,2023-05-12,True,False,,13,2025-10-19 10:12:52
spotify:track:73WwLsqz0sZQucwkeyybus,73WwLsqz0sZQucwkeyybus,The Midnight Sun,Hakone,The Midnight Sun,spotify:album:6ST5jKASoHoEU1T7pgq5cE,SE5W32201681,1,2023-05-12,2023-05-12,True,False,,13,2025-10-19 10:12:54
spotify:track:1nQ2WCJTn89CnirpfDHV60,1nQ2WCJTn89CnirpfDHV60,Horizon,Tamara Eden,Horizon,spotify:album:76wQZPok3Inlxf5aSPp9gF,SEXGF2200881,1,2023-05-12,2023-05-12,True,False,,13,2025-10-19 10:12:57
spotify:track:025aQi6Ffw676y8m4zLPk7,025aQi6Ffw676y8m4zLPk7,To the Rain,Anna Landström,To the Rain,spotify:album:30HSC1ogeWpwBZXroMTTDW,SE5Q52201154,1,2023-05-12,2023-05-12,True,False,,13,2025-10-19 10:12:59
spotify:track:3y3GMygxjeZ8VQDfEoyKh7,3y3GMygxjeZ8VQDfEoyKh7,As I Dream,Johannes Bornlöf,As I Dream,spotify:album:6Djgy4mo37pXQgBsLrdFYj,SE5Q52200758,1,2023-05-12,2023-05-12,True,False,,13,2025-10-19 10:13:01
spotify:track:1iGMUpV6h0zA6pUSXfQJVr,1iGMUpV6h0zA6pUSXfQJVr,Mimetismo,Joaquim Azevedo,Mimetismo,spotify:album:1I1H1XcRBbl0KfUeVFSSA3,SEXGF2200862,1,2023-05-12,2023-05-12,True,False,,13,2025-10-19 10:13:03
spotify:track:0CMjjw0RYpNfQ1VkkL6Bwf,0CMjjw0RYpNfQ1VkkL6Bwf,Fleurs de cerisier,Chloé Czans,Fleurs de cerisier,spotify:album:6GNx3naU5PE4SjscEVOfCS,SE6RU2224501,1,2023-05-12,2023-05-12,True,False,,13,2025-10-19 10:13:05
spotify:track:0t0X7v3Qcq7wMviNjWaWDO,0t0X7v3Qcq7wMviNjWaWDO,Adesso,Carluccio,Adesso,spotify:album:33kzMmushokneJ49TH7O7K,SE5W32201534,1,2023-05-12,2023-05-12,True,False,,13,2025-10-19 10:13:07
spotify:track:4fcdZ4bM6DgVGOs9y13KIk,4fcdZ4bM6DgVGOs9y13KIk,Mind Like Water,Andreas Monta,Mind Like Water,spotify:album:5IKvJmKiZqUke2c6AaydA0,SE5W32201485,1,2023-05-12,2023-05-12,True,False,,13,2025-10-19 10:13:10
spotify:track:2XPxkVgxyj4QVaW78kS5vb,2XPxkVgxyj4QVaW78kS5vb,Estelle,Doris Casella,Estelle,spotify:album:2RtrUW1IaYnI9OAVN4XGDY,SE5W32201536,1,2023-05-12,2023-05-12,True,False,,13,2025-10-19 10:13:12
spotify:track:51bCmUlVILY4qBFkm2t0Km,51bCmUlVILY4qBFkm2t0Km,Answer With Light,Warble,Answer With Light,spotify:album:73ONbpwmVtKFKWFPkPq2dE,SE5W32201360,1,2023-05-12,2023-05-12,True,False,,13,2025-10-19 10:13:14
spotify:track:0SndGJp12rItbzoR7DIczf,0SndGJp12rItbzoR7DIczf,Nocturne des elfes,Admalou,Nocturne des elfes,spotify:album:7HcQg3Jr2itIFwIxFomtCy,SE6RU2219301,1,2023-05-12,2023-05-12,True,False,,13,2025-10-19 10:13:16
spotify:track:3qowDmCLrK4mgwbbFW5unz,3qowDmCLrK4mgwbbFW5unz,Movement,Sanna Aalto,Movement,spotify:album:7Jhzqb6xoRsAMWqXvC15Mf,SE5W32201127,1,2023-05-12,2023-05-12,True,False,,13,2025-10-19 10:13:19
spotify:track:5YB0FJ63K0g5ZXw0BN4HXF,5YB0FJ63K0g5ZXw0BN4HXF,When it drizzles,Alva Brunel,When it drizzles,spotify:album:3nDvhFMcF7a0M5CNuivOn4,US66W2200392,1,2023-05-12,2023-05-12,True,False,,13,2025-10-19 10:13:21
spotify:track:63oFS9JTsvadCXUqwqA7p0,63oFS9JTsvadCXUqwqA7p0,Shizukana,Isshi Matsuriza,Shizukana,spotify:album:74x8LKWeBPXDJxB0IDlCep,SE5IB2228561,1,2023-05-12,2023-05-12,True,False,,13,2025-10-19 10:13:23
spotify:track:5yWWqRGYKTfSoFTYKAnDlo,5yWWqRGYKTfSoFTYKAnDlo,"Romance no 1 ""Nordica""",Antoine Minot,"Romance no 1 ""Nordica""",spotify:album:4ax1MdqYOUcrhrYPlgPfA5,SEXGF2200622,1,2023-05-12,2023-05-12,True,False,,13,2025-10-19 10:13:26
spotify:track:4nncPBsmSPNNeZ2nbd0QR7,4nncPBsmSPNNeZ2nbd0QR7,Not a Number,Luca Bissette,Not a Number,spotify:album:3d0tZ74PLQQyArqWi96Pqw,US66W2200382,1,2023-05-12,2023-05-12,True,False,,13,2025-10-19 10:13:28
spotify:track:2bjQvSk5T3A2dmnqqeRhzI,2bjQvSk5T3A2dmnqqeRhzI,Saying Things,Emanuel Fremont,Saying Things,spotify:album:4iKAhtxr1Vdm5l8eMhmgs9,SE5W32201092,1,2023-05-12,2023-05-12,True,False,,13,2025-10-19 10:13:30
spotify:track:1rtXR0fCnRVp27uFmckZJK,1rtXR0fCnRVp27uFmckZJK,Floating,Gianluca Piacenza,Floating,spotify:album:4Zyls7QoH17wKZlR26b3gY,QZDA82221743,1,2023-05-12,2023-05-12,True,False,,13,2025-10-19 10:13:33
spotify:track:1cMfr23tzWJQ2xo74107q6,1cMfr23tzWJQ2xo74107q6,Viejos Amores,Miguel Pérez,Viejos Amores,spotify:album:1OKIJBhJBvaWh3NMQjMkQ7,US66W2200273,1,2023-05-12,2023-05-12,True,False,,13,2025-10-19 10:13:35
spotify:track:38tvPJKDIW3GDYCjH5g4oY,38tvPJKDIW3GDYCjH5g4oY,Samjho Na,Himesh Reshammiya,Aap Kaa Surroor,spotify:album:2k3z8CYlCjyHlSXNjIOBwa,INS180500554,1,2023-07-08,2023-07-08,True,False,,14,2025-10-19 10:13:50
spotify:track:57ziLBQr9HNe8AU4tLTlsf,57ziLBQr9HNe8AU4tLTlsf,Sunflower - Movie Version,Shannon Purser,Sierra Burgess Is a Loser (Original Netflix Sound Track),spotify:album:5ddhak78Gq6mFVqiPlbFhI,QM24S1831778,1,2023-07-16,2023-07-16,True,False,,14,2025-10-19 10:14:24
spotify:track:4W4fNrZYkobj539TOWsLO2,4W4fNrZYkobj539TOWsLO2,Die For You (with Ariana Grande) - Remix,The Weeknd,Starboy,spotify:album:35dut3ICqF3NEDkjxfzJJ1,USUG12301287,1,2023-07-18,2023-07-18,True,False,,14,2025-10-19 10:15:12
spotify:track:1qKdid2S9fZdSrzLaCcjcF,1qKdid2S9fZdSrzLaCcjcF,off the table (with The Weeknd),Ariana Grande,Positions,spotify:album:74vajFwEwXJ61OW1DKSPEa,USUM72020429,1,2023-07-18,2023-07-18,True,False,,14,2025-10-19 10:15:28
spotify:track:5VipERQ1ofCowecoFg2MVU,5VipERQ1ofCowecoFg2MVU,motive (with Doja Cat),Ariana Grande,Positions,spotify:album:74vajFwEwXJ61OW1DKSPEa,USUM72020425,1,2023-07-18,2023-07-18,True,False,,14,2025-10-19 10:15:30
spotify:track:5VRVc5Cq5MbKJG5llJ8XvH,5VRVc5Cq5MbKJG5llJ8XvH,"Careful (From The Original Motion Picture ""Magic Mike's Last Dance"")",Lucky Daye,"Careful (From The Original Motion Picture ""Magic Mike's Last Dance"")",spotify:album:1TzD43H8N0nGO5GRIvlDge,USRC12201515,1,2023-07-18,2023-07-18,True,False,,14,2025-10-19 10:16:23
spotify:track:4uNxdQ1L4Xa52MWX864QhW,4uNxdQ1L4Xa52MWX864QhW,"What Jhumka ? (From ""Rocky Aur Rani Kii Prem Kahaani"")",Pritam,"What Jhumka ? (From ""Rocky Aur Rani Kii Prem Kahaani"")",spotify:album:2140eUTm2dUfKj1FL7DDAe,INH102309955,11,2023-07-20,2023-08-19,True,False,,14,2025-10-19 10:16:57
spotify:track:00slEv0AYGnW85H84XsmGz,00slEv0AYGnW85H84XsmGz,Phir Milenge Chalte Chalte,Salim–Sulaiman,Rab Ne Bana Di Jodi,spotify:album:7pbKuvQHUTwbq4FbevvEca,INY090800056,1,2023-07-24,2023-07-24,True,False,,14,2025-10-19 10:18:36
spotify:track:3GJMqROtAGrHtCDHa3KSgB,3GJMqROtAGrHtCDHa3KSgB,Love Lasts Forever,Soombee,Love Lasts Forever,spotify:album:4pbWLmp84wpf1JMaMVKcSP,KRMIM2143527,1,2023-08-06,2023-08-06,True,False,,14,2025-10-19 10:20:45
spotify:track:1XLllqVaA9dheIGQKNj51s,1XLllqVaA9dheIGQKNj51s,恋はつづくよどこまでも 〜メインテーマ,Shin Kono,TBS系 火曜ドラマ「恋はつづくよどこまでも」オリジナル・サウンドトラック,spotify:album:2EFX1avSKjI9utK0X1G7QG,JPL802008001,1,2023-08-06,2023-08-06,True,False,,14,2025-10-19 10:20:54
spotify:track:4ZTx87kAgEwlPMzoojFZWg,4ZTx87kAgEwlPMzoojFZWg,Tera Yaar Hoon Main,Rochak Kohli,Sonu Ke Titu Ki Sweety,spotify:album:0CfAXmULqKq6KVJMsLGGAX,INS181800276,1,2023-08-09,2023-08-09,True,False,,14,2025-10-19 10:21:03
spotify:track:4BJI0anpEdv4uUw3fUXYpr,4BJI0anpEdv4uUw3fUXYpr,Wake Up Sid!,Shankar-Ehsaan-Loy,Wake Up Sid (Original Motion Picture Soundtrack),spotify:album:1fzE65RP7Gyhi8hdOv8eRQ,INS170900325,4,2023-08-13,2024-05-10,True,False,,14,2025-10-19 10:21:30
spotify:track:00RBUC7CPnPntU3Ps320uU,00RBUC7CPnPntU3Ps320uU,"Sahiba (From ""Phillauri"")",Shashwat Sachdev,"Sahiba (From ""Phillauri"")",spotify:album:1LhLeNzuJmC2AITpWUT2Gi,INS181700283,3,2023-08-16,2023-10-23,True,False,,14,2025-10-19 10:21:36
spotify:track:1dZuiEX0EjvQai3N7BlUmT,1dZuiEX0EjvQai3N7BlUmT,Yeh Dil Deewana,Sonu Nigam,Pardes - Original Motion Picture Soundtrack,spotify:album:5SKotVYCyEbrc2efbRMcsJ,INT109700003,1,2023-08-16,2023-08-16,True,False,,14,2025-10-19 10:21:42
spotify:track:4ClVL0EvuVCSZ1FIVZm8sx,4ClVL0EvuVCSZ1FIVZm8sx,"Tum Kya Mile (From ""Rocky Aur Rani Kii Prem Kahaani"")",Pritam,Rocky Aur Rani Kii Prem Kahaani,spotify:album:7dDx3G6SRr5gZJBYCvLHDy,INH102309375,1,2023-08-19,2023-08-19,True,False,,14,2025-10-19 10:21:50
spotify:track:2FCXQHugkoHE1K3tiDu8pu,2FCXQHugkoHE1K3tiDu8pu,"Agar Tum Saath Ho (From ""Tamasha"")",Alka Yagnik,Love Forever With Arijit Singh,spotify:album:5Wm1nhxZqx7i0Hp6ZBqe9T,INS181501796,2,2023-08-19,2025-05-15,True,False,,14,2025-10-19 10:21:52
spotify:track:4nc6XiUze2Yh7wFueGOPv7,4nc6XiUze2Yh7wFueGOPv7,"Chaleya (From ""Jawan"")",Anirudh Ravichander,"Chaleya (From ""Jawan"")",spotify:album:7zAITOBN6eG4UBm4IapAik,INS182302348,19,2023-08-19,2023-11-19,True,False,,14,2025-10-19 10:21:54
spotify:track:6byRW2mzuc4nBTZ6TN6APu,6byRW2mzuc4nBTZ6TN6APu,"Pasoori Nu (From ""Satyaprem Ki Katha"")",Arijit Singh,"Pasoori Nu (From ""Satyaprem Ki Katha"")",spotify:album:201Dk8evzWZR3mscszuC3n,INS182301777,1,2023-08-19,2023-08-19,True,False,,14,2025-10-19 10:21:56
spotify:track:03hJuEQpEQERrHpjcXKWzJ,03hJuEQpEQERrHpjcXKWzJ,"Tumhe Kitna Pyaar Karte (From ""Bawaal"")",Mithoon,"Tumhe Kitna Pyaar Karte (From ""Bawaal"")",spotify:album:20zQZcEhMLsDUn1LhPCEFY,INS182301953,2,2023-08-19,2023-11-14,True,False,,14,2025-10-19 10:21:58
spotify:track:4LyfyLcYWhWGRVEheolWpl,4LyfyLcYWhWGRVEheolWpl,Kasam Se,Shekhar Ravjiani,Kasam Se,spotify:album:0WS4WspWlLkuHFLCHzyuvQ,QMBZ92331594,1,2023-08-19,2023-08-19,True,False,,14,2025-10-19 10:22:00
spotify:track:0hlniElQOr5tvSKBaSpAQi,0hlniElQOr5tvSKBaSpAQi,Second Hand News - 2004 Remaster,Fleetwood Mac,Rumours,spotify:album:1bt6q2SruMsBtcerNVtpZB,USWB10400045,1,2023-08-23,2023-08-23,True,False,,14,2025-10-19 10:22:21
spotify:track:01d8tSqJUrPlK1l8FwgsCF,01d8tSqJUrPlK1l8FwgsCF,Soorma Anthem,Shankar-Ehsaan-Loy,Soorma,spotify:album:76PIQnieybHVXDpW7Cc64l,INS171801969,2,2023-08-26,2023-08-26,True,False,,14,2025-10-19 10:23:58
spotify:track:3E0D36S3MKA9e3f8yCOFR3,3E0D36S3MKA9e3f8yCOFR3,"Chak Lein De (From ""Chandni Chowk To China"")",Kailash Kher,Best Of Kailash Kher,spotify:album:3Z1xYUAJeDYYUDZ3WYtKxn,INS180809894,2,2023-08-26,2023-09-07,True,False,,14,2025-10-19 10:24:16
spotify:track:06YjWxbdSMLpUuJEWodKN8,06YjWxbdSMLpUuJEWodKN8,Old Romantic Medley (Live),Gyanita Dwivedi,"Alfaaz Aur Awaaz,Vol. 2 (Live)",spotify:album:7bS6viz1BnyRZnrbpDk00h,TCAHD2319515,1,2023-08-30,2023-08-30,True,False,,14,2025-10-19 10:24:29
spotify:track:4lEkJXK1YjEuK6SmNeaupN,4lEkJXK1YjEuK6SmNeaupN,Jaane Vo Kaise (Live),Rajesh Singh,"Alfaaz Aur Awaaz,Vol. 2 (Live)",spotify:album:7bS6viz1BnyRZnrbpDk00h,TCAHD2319543,2,2023-08-30,2023-09-08,True,False,,14,2025-10-19 10:24:31
spotify:track:5dJ6ex4MEAQwgWvxmWNxXX,5dJ6ex4MEAQwgWvxmWNxXX,Tumhein Yaad Karte Karte Live,Gyanita Dwivedi,"Alfaaz Aur Awaaz,Vol. 2 (Live)",spotify:album:7bS6viz1BnyRZnrbpDk00h,TCAHD2319555,1,2023-08-30,2023-08-30,True,False,,14,2025-10-19 10:24:33
spotify:track:75NC87ZBP4yF9oQxkJhoOW,75NC87ZBP4yF9oQxkJhoOW,Muhabbat Mein Na Jaane Kyun (Live),Rajesh Singh,"Alfaaz Aur Awaaz,Vol. 2 (Live)",spotify:album:7bS6viz1BnyRZnrbpDk00h,TCAHD2319438,1,2023-08-30,2023-08-30,True,False,,14,2025-10-19 10:24:35
spotify:track:3MYl2No3Sb4MXY7TOzW3lu,3MYl2No3Sb4MXY7TOzW3lu,Chupke Se Teri Yaad Kya Aayi (Live),Gyanita Dwivedi,"Alfaaz Aur Awaaz,Vol. 2 (Live)",spotify:album:7bS6viz1BnyRZnrbpDk00h,TCAHD2319478,1,2023-08-30,2023-08-30,True,False,,14,2025-10-19 10:24:38
spotify:track:7CpjQTbiovRj2OUG0L9vdL,7CpjQTbiovRj2OUG0L9vdL,Wo Mahtaab Bhi Khushboo Se (Live),Rajesh Singh,"Alfaaz Aur Awaaz,Vol. 2 (Live)",spotify:album:7bS6viz1BnyRZnrbpDk00h,TCAHD2319486,1,2023-08-30,2023-08-30,True,False,,14,2025-10-19 10:24:41
spotify:track:6qlZ2RQhKb9JMd63tEdfaL,6qlZ2RQhKb9JMd63tEdfaL,"Kabira (Encore) [From ""Yeh Jawaani Hai Deewani""]",Harshdeep Kaur,Loveholic Arijit Singh,spotify:album:7patNeMdCSnjhX082Uv3yg,INS181303783,1,2023-09-04,2023-09-04,True,False,,14,2025-10-19 10:24:48
spotify:track:7p5uzwVPw0XJmtZSmrsQ8P,7p5uzwVPw0XJmtZSmrsQ8P,Love Mashup 2015 (By DJ Chetas),Shankar-Ehsaan-Loy,Love Mashup 2015 (By DJ Chetas),spotify:album:1hA5VAyIE4GfUV6er694VX,INS171500244,1,2023-09-04,2023-09-04,True,False,,14,2025-10-19 10:24:50
spotify:track:2xWG1ECE69eQfrYTWwI00p,2xWG1ECE69eQfrYTWwI00p,Squat,jeonghyeon,Squat,spotify:album:5B1G7kAEifpaZkbZBePl6r,TCAFK2162743,1,2023-09-07,2023-09-07,True,False,,14,2025-10-19 10:25:43
spotify:track:3SglaOPDd7NRathWQmjFfY,3SglaOPDd7NRathWQmjFfY,"Get Ready To Fight Reloaded (From ""Baaghi 3"") (feat. Siddharth Basrur)",Pranaay,"Get Ready To Fight Reloaded (From ""Baaghi 3"")",spotify:album:56n1GOgqZ2AMLXEOaf1ek4,INS182000624,3,2023-09-07,2025-08-11,True,False,,14,2025-10-19 10:25:48
spotify:track:5UYJ47M8Fs6Dh5YlPeRlIp,5UYJ47M8Fs6Dh5YlPeRlIp,"Get Ready To Fight Again (From ""Baaghi 2"") (feat. Anand Bhaskar, Jatinder Singh, Siddharth Basrur, Big Dhillon)",Pranaay,Everything Gonna Be Alright,spotify:album:5DbUY7FgnF32XEuYhZFDiH,INS181800637,1,2023-09-07,2023-09-07,True,False,,14,2025-10-19 10:25:50
spotify:track:5OZcLsMYQIQ7OjMk8TsYw4,5OZcLsMYQIQ7OjMk8TsYw4,Remember the Name,Tough Rhymes,Ultimate Hip Hop Mixtape: 40 Party Anthems,spotify:album:7wbMEr6HgLLF1qtNYOXNkk,QMVRR1303237,3,2023-09-07,2023-09-07,True,False,,14,2025-10-19 10:25:53
spotify:track:5nYUMaeI6PmRkRoEWGmcig,5nYUMaeI6PmRkRoEWGmcig,'Till I Collapse - Workout Remix 85 Bpm,Workout Music Tv,40 Legends Of Hip Hop Workout Remixes,spotify:album:3fMT8hVGsXbxeojn3yHxST,ITC941604190,3,2023-09-07,2023-09-07,True,False,,14,2025-10-19 10:25:55
spotify:track:5rcJTZxGlqDdx5iy3SVkAO,5rcJTZxGlqDdx5iy3SVkAO,I'm a Beast,T. Powell,Game Day Motivation,spotify:album:7ISpaCPwl7NxVSonsUrJTn,USCGH1606132,1,2023-09-07,2023-09-07,True,False,,14,2025-10-19 10:25:58
spotify:track:3jwcf3p3xtgeBAEIJccFku,3jwcf3p3xtgeBAEIJccFku,Ravan Ravan Hoon Main,Rock D,Ravan Ravan Hoon Main,spotify:album:2wpE2cjwoQ4kPLdgEZl5ZE,ING501802117,1,2023-09-07,2023-09-07,True,False,,14,2025-10-19 10:26:00
spotify:track:6DdMoKOyAvFtXy18r6l0Nu,6DdMoKOyAvFtXy18r6l0Nu,Pubg Rap Anthem,POSSSH,Pubg Rap Anthem,spotify:album:6LsnjagnbsCoeELMp9q9SQ,FRX201862815,1,2023-09-07,2023-09-07,True,False,,14,2025-10-19 10:26:02
spotify:track:3UHah6fvwKWJ2B2X3xsFOs,3UHah6fvwKWJ2B2X3xsFOs,Kgf Theme,WolfSpirit,Kgf Theme,spotify:album:2OGrxLbMFwe169oimK81lx,QZES82089310,1,2023-09-07,2023-09-07,True,False,,14,2025-10-19 10:26:08
spotify:track:0hL7tvMKBLW30sige6ctu7,0hL7tvMKBLW30sige6ctu7,Chokra Jawaan,Amit Trivedi,Ishaqzaade,spotify:album:7bJe5O77rwuYETK4zEp9Vu,INY091200002,17,2023-09-08,2023-10-25,True,False,,14,2025-10-19 10:26:18
spotify:track:3WALn4IKUl7FlXjBg228nj,3WALn4IKUl7FlXjBg228nj,Sadda Dil Vi Tu (Ga Ga Ga Ganpati),Sachin-Jigar,ABCD - Any Body Can Dance (Original Motion Picture Soundtrack),spotify:album:5ZwLv27mDGPJqZjhHxElHT,INU151200224,1,2023-09-08,2023-09-08,True,False,,14,2025-10-19 10:26:24
spotify:track:5IvXCYI3LU2BvWtb7KqDrf,5IvXCYI3LU2BvWtb7KqDrf,Mourya Re,Shankar Mahadevan,Don,spotify:album:6TeyEvfuNNKYhRZpJt9BZm,INS180602966,1,2023-09-08,2023-09-08,True,False,,14,2025-10-19 10:26:26
spotify:track:04FrYE3TX2ef8BreMNc0S2,04FrYE3TX2ef8BreMNc0S2,Dewak Kalji Re,Ajay Gogavale,Redu - Original Motion Picture Soundtrack,spotify:album:08eWn3wqyn1tdSLaT1gLf4,INV271700027,3,2023-09-08,2025-01-05,True,False,,14,2025-10-19 10:26:28
spotify:track:07RITfrFM0O8Xoe6COVEKy,07RITfrFM0O8Xoe6COVEKy,Sukhkarta Dukhharta -Aarti - Original,Suresh Wadkar,Ganesha,spotify:album:5GJafcQhGRh8E9WwIeLDeR,INR271100092,1,2023-09-08,2023-09-08,True,False,,14,2025-10-19 10:26:37
spotify:track:2AzzzMkECazdp9GPijheDn,2AzzzMkECazdp9GPijheDn,Parvatichya Bala Tujha Mahima(Remix By Ratnadeep),Anand Shinde,Ganpati Dj.Mix,spotify:album:5zwGJb3P635B2qfGJWVKvu,INS181305388,1,2023-09-08,2023-09-08,True,False,,14,2025-10-19 10:26:39
spotify:track:4zOuKWJtvJACcrdTlnTvkg,4zOuKWJtvJACcrdTlnTvkg,Tim Tim Timbali,Ravindra Sathe,Ganesh Chaturthi Special,spotify:album:2EumVaUlfC0LCoZeN5Mgk1,INV119100501,1,2023-09-08,2023-09-08,True,False,,14,2025-10-19 10:26:41
spotify:track:6H8vBG736nMVCKCOOLOJTx,6H8vBG736nMVCKCOOLOJTx,Gajananaa Gajananaa,Shankar Mahadevan,Lokmanya- Ek Yugpurush,spotify:album:7ejTzDntamXvD3Uvrisxft,INV271400065,1,2023-09-08,2023-09-08,True,False,,14,2025-10-19 10:26:43
spotify:track:5v8JDLEwLh6OHstNGs3Zmv,5v8JDLEwLh6OHstNGs3Zmv,Ganraj Rangee Nachto,Suchitra Bhagwat,Ganpati Aarti Ashtavinayak Geete,spotify:album:2u9aPdolsLXfuo0ULV65nF,INS170000128,1,2023-09-08,2023-09-08,True,False,,14,2025-10-19 10:26:45
spotify:track:4UMyeXrzYSvbt9OwtOLidn,4UMyeXrzYSvbt9OwtOLidn,Omkar Swarupa,Suresh Wadkar,Omkar Swarupa,spotify:album:1zh67GSKp5tsbYv9KydeO2,INV118600731,16,2023-09-08,2025-06-02,True,False,,14,2025-10-19 10:26:47
spotify:track:77zR7IlhquhMa0J0IFa45Y,77zR7IlhquhMa0J0IFa45Y,Vakratunda Mahakaya,Lata Mangeshkar,Aarti Sangrah,spotify:album:6bGKgro1GKIaqMrgOQOCQI,INS170400135,1,2023-09-08,2023-09-08,True,False,,14,2025-10-19 10:26:49
spotify:track:7joi9gjNw6pXLUnTgu7iRd,7joi9gjNw6pXLUnTgu7iRd,Morya Re Bappa Morya Re - India Celebrates In Harmony,Shankar Mahadevan,Celebration,spotify:album:2Er51b5qzPkgjkaykLsJca,INS180908046,1,2023-09-08,2023-09-08,True,False,,14,2025-10-19 10:26:51
spotify:track:7sRyejjZ7Ebkgo1sy6Gmfj,7sRyejjZ7Ebkgo1sy6Gmfj,Shree Ganeshay Dheemahi,Ajay-Atul,Ganesha Symphonic Chants Experience,spotify:album:7pBI5ObmHmMbFi537wORHH,NLA930600107,2,2023-09-08,2025-01-05,True,False,,14,2025-10-19 10:26:53
spotify:track:2MrrjFqkPoFGA2PVyOIiCC,2MrrjFqkPoFGA2PVyOIiCC,Little Sad Eyes,The Castells,So This Is Love,spotify:album:07Q8pChv7fwnboS1lJlFsv,GBXHC2037522,2,2023-09-10,2024-06-14,True,False,,14,2025-10-19 10:27:26
spotify:track:0UxvV0UBx0eBiYe2xYy5O5,0UxvV0UBx0eBiYe2xYy5O5,Send Her to Me,Wayne Chance,Whirlybird Records,spotify:album:0ly9uxSoaWeVIMRlsUmbag,QMWN31401833,1,2023-09-10,2023-09-10,True,False,,14,2025-10-19 10:27:32
spotify:track:4yugZvBYaoREkJKtbG08Qr,4yugZvBYaoREkJKtbG08Qr,Take It Easy - 2013 Remaster,Eagles,Eagles,spotify:album:51B7LbLWgYLKBVSpkan8Z7,USEE11300314,1,2023-09-13,2023-09-13,True,False,,14,2025-10-19 10:28:14
spotify:track:6uxb0e366f7V3wJB0y2KIu,6uxb0e366f7V3wJB0y2KIu,Rocky Aur Rani Kii Prem Kahaani - Medley,RUSHIL,Rocky Aur Rani Kii Prem Kahaani - Medley,spotify:album:2VpwGeTdTmy7ajkyhkf6d3,INH102312734,1,2023-09-13,2023-09-13,True,False,,14,2025-10-19 10:28:25
spotify:track:5YX1nmbefQhiR54i4187ed,5YX1nmbefQhiR54i4187ed,Tum Ho Toh Unplugged,Manya Tripathi,Tum Ho Toh Unplugged,spotify:album:39lvMtSuJbJ5m2ZToIuFCK,INS182302633,1,2023-09-21,2023-09-21,True,False,,14,2025-10-19 10:29:38
spotify:track:4Ylqc711Eq763XbTAOABu3,4Ylqc711Eq763XbTAOABu3,"Que Sera Sera (Whatever Will Be, Will Be) [From ""The Man Who Knew Too Much""] (with Frank DeVol & His Orchestra)",Doris Day,Doris Day - Her Greatest Songs,spotify:album:1szdKiiC8D8NTm4pT3p8KP,USSM10028232,1,2023-09-25,2023-09-25,True,False,,14,2025-10-19 10:29:49
spotify:track:6aJ3tWceqJZlvBH1ov5hDd,6aJ3tWceqJZlvBH1ov5hDd,"Suno Ganpati Bappa Morya (From ""Judwaa 2"")",Amit Mishra,"Suno Ganpati Bappa Morya (From ""Judwaa 2"")",spotify:album:0D4FjxFLN8OpGHZTEQkWwG,INS181701677,1,2023-09-28,2023-09-28,True,False,,14,2025-10-19 10:29:51
spotify:track:4SzwcDfrYVEUabZWsiJVAq,4SzwcDfrYVEUabZWsiJVAq,Ashtavinayak Tuza Mahima Kasa,Anuradha,Ashtavinayak,spotify:album:34mKcIFzGlekyoWLeLAmv9,INH100334820,1,2023-09-28,2023-09-28,True,False,,14,2025-10-19 10:29:53
spotify:track:4tfYV7eslzJY6IAjH0GY8F,4tfYV7eslzJY6IAjH0GY8F,Utha Utha Sakal Jan,Anuradha Paudwal,Shirdiwale Saibaba Mandir Mein Gayi Jane Wali (Aartiyan) Vol-1,spotify:album:3PgYjVzHrgTOSG6Jd9C6PO,INS189925330,1,2023-09-28,2023-09-28,True,False,,14,2025-10-19 10:29:55
spotify:track:6eyzYYlbnfy05QyV5keXxH,6eyzYYlbnfy05QyV5keXxH,Gajanana,Divya Kumar,Bajirao Mastani (Original Motion Picture Soundtrack),spotify:album:3sVclIOrTA5yaMzB3eawDD,GBSGZ1500575,1,2023-09-28,2023-09-28,True,False,,14,2025-10-19 10:29:57
spotify:track:6j2TCf7xoezu8bQzl227Kz,6j2TCf7xoezu8bQzl227Kz,Sur Niraagas Ho Ganapati,Sivasri Skandaprasad,Sivasri Skandaprasad - Ganesh Songs,spotify:album:72gyKpZBx76qerPWoFTIig,ING111043773,1,2023-09-28,2023-09-28,True,False,,14,2025-10-19 10:30:08
spotify:track:4bvHCjknZC3evn7NthBZVt,4bvHCjknZC3evn7NthBZVt,Aararaari Raaro,Anirudh Ravichander,Jawan,spotify:album:3WLJmMZUeDOuERFAk1Mxs6,INS182302510,5,2023-09-28,2023-10-17,True,False,,14,2025-10-19 10:30:39
spotify:track:3qxLYSU1s5pqk8rz6dJNVi,3qxLYSU1s5pqk8rz6dJNVi,Faraatta,Anirudh Ravichander,Jawan,spotify:album:3WLJmMZUeDOuERFAk1Mxs6,INS182302534,1,2023-09-28,2023-09-28,True,False,,14,2025-10-19 10:30:41
spotify:track:6wf7Yu7cxBSPrRlWeSeK0Q,6wf7Yu7cxBSPrRlWeSeK0Q,"What Was I Made For? [From The Motion Picture ""Barbie""]",Billie Eilish,"What Was I Made For? [From The Motion Picture ""Barbie""]",spotify:album:3AafSrFIbJPH6BJHiJm1Cd,USUM72307484,17,2023-10-01,2023-12-29,True,False,,14,2025-10-19 10:30:54
spotify:track:6yo5kQUJXTP6Ov1JFL2rqr,6yo5kQUJXTP6Ov1JFL2rqr,Jaane Anjaane,Last Minute India,Jaane Anjaane,spotify:album:7MuSG1ofneQADzbak2QKJC,INH562300029,1,2023-10-08,2023-10-08,True,False,,14,2025-10-19 10:31:20
spotify:track:4KwsXvFDCoW7l1cfxhjTdD,4KwsXvFDCoW7l1cfxhjTdD,"Aradhya (From ""Kushi"") (Telugu)",Hesham Abdul Wahab,"Aradhya (From ""Kushi"") (Telugu)",spotify:album:0kE8dio9BXYdLd8KGbJ6Zo,INH102309906,9,2023-10-10,2023-10-15,True,False,,14,2025-10-19 10:31:22
spotify:track:6EivvaEepVTjmDde43eGiB,6EivvaEepVTjmDde43eGiB,"Ve Kamleya (From ""Rocky Aur Rani Kii Prem Kahaani"")",Pritam,"Ve Kamleya (From ""Rocky Aur Rani Kii Prem Kahaani"")",spotify:album:1hvEqSYJOEoLoe0IRTy7PX,INH102310310,12,2023-10-12,2025-06-21,True,False,,14,2025-10-19 10:31:33
spotify:track:3ebXp4osCnAAuvDDqh8aAK,3ebXp4osCnAAuvDDqh8aAK,Let Her Go (Acoustic Version),Passenger,All the Little Lights (Deluxe),spotify:album:5te4yFMdnzpJ1s6fa5TIZG,GBMQN1200002,1,2023-10-13,2023-10-13,True,False,,14,2025-10-19 10:31:35
spotify:track:68UJW1jJ3cK0FjWKaMGDBk,68UJW1jJ3cK0FjWKaMGDBk,Baar Baar Din Ye Aaye-Happy Birthday To You - Jhankar Beats,Mohammed Rafi,Jhankar Beats - Jeetendra,spotify:album:0eUJxwpePGNDdrlb0pitfr,INH102216192,3,2023-10-15,2025-07-14,True,False,,14,2025-10-19 10:32:40
spotify:track:1UV1ej70vDBIdPUEJ40ZG1,1UV1ej70vDBIdPUEJ40ZG1,Song: Dola Re,Kavita Krishnamurthy,"Devdas - An Adaptation Of Sarat Chandra Chattopadhyay's ""Devdas""",spotify:album:7DMHBOZasKAboJFNNV7k4m,INP100300023,1,2023-10-16,2023-10-16,True,False,,14,2025-10-19 10:33:09
spotify:track:1uzOlgvER5kJHSu6JZx64C,1uzOlgvER5kJHSu6JZx64C,Bahon Mein Chale Aao,Lata Mangeshkar,Lata Surili Phuljhadi,spotify:album:3nU4o4IZJeieME6NYAgP1x,INH109340210,3,2023-10-16,2023-10-17,True,False,,14,2025-10-19 10:33:11
spotify:track:16XEVyPh5NT31CAAqPbxQF,16XEVyPh5NT31CAAqPbxQF,Aankhein Khuli,Jatin-Lalit,Mohabbatein,spotify:album:2HeqbIcBcggDsgNCHcGN1h,INY090000004,1,2023-10-17,2023-10-17,True,False,,14,2025-10-19 10:33:49
spotify:track:2hyYqX8IVVxFEFIUf0zZam,2hyYqX8IVVxFEFIUf0zZam,Ucha Lamba Kad,Anand Raj Anand,Welcome,spotify:album:34SE86n8INwLrMts8z1SaT,INT130700347,1,2023-10-17,2023-10-17,True,False,,14,2025-10-19 10:33:51
spotify:track:53omYpOxJJ2iBrrBklM2rn,53omYpOxJJ2iBrrBklM2rn,Sukhakarta Dukhaharta,Shankar Mahadevan,Tu Sukhakarta,spotify:album:2GlncftwIcxvFRXrbxeGgV,INS9B1400100,1,2023-10-17,2023-10-17,True,False,,14,2025-10-19 10:34:00
spotify:track:1GH0W7wzVcHbQMm3yEVDmW,1GH0W7wzVcHbQMm3yEVDmW,Shendur Lal Chadhayo,Ravindra Sathe,Aarti Sangrah,spotify:album:6bGKgro1GKIaqMrgOQOCQI,INS170000332,1,2023-10-17,2023-10-17,True,False,,14,2025-10-19 10:34:03
spotify:track:3VtmHSGugJuw0Mf3iD8kEm,3VtmHSGugJuw0Mf3iD8kEm,Lavthavti Vikrala,Anjali Gaikwad,Ganapati Utsav Aarti Sangrah,spotify:album:5OEWTMnfmcSUJLboluZUFZ,INS9B2000054,1,2023-10-17,2023-10-17,True,False,,14,2025-10-19 10:34:05
spotify:track:4hugk7NY16H0svf9Sw010m,4hugk7NY16H0svf9Sw010m,Durga Aarti Durge Durgat Bhari,Ketaki Bhave Joshi,Ambe Hai Meri Maa,spotify:album:7FEja3YPXxAyq0uPnSj0qV,INR321600029,1,2023-10-17,2023-10-17,True,False,,14,2025-10-19 10:34:07
spotify:track:0yuqYd8pTp8xOuKBZUUd4l,0yuqYd8pTp8xOuKBZUUd4l,Datta Aarti,Neha Rajpal,Datta Guru Namo Namah,spotify:album:4D9j2t2UWcGiF7JtDIyD4g,FR6V82345661,1,2023-10-17,2023-10-17,True,False,,14,2025-10-19 10:34:09
spotify:track:3neXVlJFT3TjcJaOxMZLWE,3neXVlJFT3TjcJaOxMZLWE,Yuge Atthavis,Ketan Patwardhan,Super Hit Marathi Vitthal Songs,spotify:album:7AlIzZ0OC4Frs9fHLkdHwG,INR321600026,1,2023-10-17,2023-10-17,True,False,,14,2025-10-19 10:34:11
spotify:track:0puWvvkC0mzUla6CYcing3,0puWvvkC0mzUla6CYcing3,Satrane Uddane,Anjali Gaikwad,Ganapati Utsav Aarti Sangrah,spotify:album:5OEWTMnfmcSUJLboluZUFZ,INS9B2000055,1,2023-10-17,2023-10-17,True,False,,14,2025-10-19 10:34:13
spotify:track:7tvKbb9UHxd0wDPAaQo7Xq,7tvKbb9UHxd0wDPAaQo7Xq,Aarti Saibaba,Prabhanjan Marathe,"Kakad Aarti (feat. Tyagraj Khadilkar, Varsha Bhave, Megha Gogte, Madhuri)",spotify:album:7BYcaNJpHu0lb1SxdSNlbW,FRX201500076,1,2023-10-17,2023-10-17,True,False,,14,2025-10-19 10:34:15
spotify:track:0zqYmOjuMqpgUNOcO8wmKH,0zqYmOjuMqpgUNOcO8wmKH,"Tum Jo Aaye (From ""Once Upon A Time In Mumbaai"")",Rahat Fateh Ali Khan,Mesmeric Vocalzz - Tulsi Kumar,spotify:album:1u0ZBlBziWi5PQGLMQtnuE,INS181007085,1,2023-10-18,2023-10-18,True,False,,14,2025-10-19 10:34:18
spotify:track:4dPeCbg2Op44s9kwyMS3ZT,4dPeCbg2Op44s9kwyMS3ZT,Sadka,Vishal-Shekhar,I Hate Luv Storys (Original Motion Picture Soundtrack),spotify:album:4SPHfSWibeoFCSdR4vd5QL,INS171000177,1,2023-10-18,2023-10-18,True,False,,14,2025-10-19 10:34:20
spotify:track:665b3Nss3OQmhTUdB5hBXw,665b3Nss3OQmhTUdB5hBXw,Bheegi Si Bhaagi Si,Pritam,Raajneeti (Original Motion Picture Soundtrack),spotify:album:1XYXVtCbeTvyrE5pH4BoOg,INS171000170,1,2023-10-19,2023-10-19,True,False,,14,2025-10-19 10:34:22
spotify:track:3Kd0dzfRnf5DOExPHMdDt3,3Kd0dzfRnf5DOExPHMdDt3,Dhunki,Sohail Sen,Mere Brother Ki Dulhan,spotify:album:6NoosYEOmTm4PNXtDnIktN,INY091100020,1,2023-10-19,2023-10-19,True,False,,14,2025-10-19 10:34:24
spotify:track:0t13TDloNQhmFFLOa4bMhs,0t13TDloNQhmFFLOa4bMhs,Ve Kamleya - Asees Version,Asees Kaur,Ve Kamleya - Asees Version,spotify:album:4rFLZ85c7DH7p7dTzMYanE,INH102312189,2,2023-10-20,2023-10-24,True,False,,14,2025-10-19 10:34:30
spotify:track:7s6yy0SWZ4rluoQZsvJa2D,7s6yy0SWZ4rluoQZsvJa2D,Na Tum Jano Na Hum,Lucky Ali,Kaho Naa Pyar Hai,spotify:album:264pusO3nFbYtZC63kGoA7,INH109939990,4,2023-10-20,2023-11-14,True,False,,14,2025-10-19 10:34:32
spotify:track:6YRbGtSA2ekKeKkHxHEoc7,6YRbGtSA2ekKeKkHxHEoc7,Aaj Kal Zindagi,Shankar-Ehsaan-Loy,We Are Family (Original Motion Picture Soundtrack),spotify:album:0WepPP0SOdbZD6oFHzAM4X,INS170900328,1,2023-10-20,2023-10-20,True,False,,14,2025-10-19 10:34:34
spotify:track:5iwPZEPu8bxy1fAWnhYT7J,5iwPZEPu8bxy1fAWnhYT7J,Ek Pal Ka Jeena,Lucky Ali,Kaho Naa Pyar Hai,spotify:album:264pusO3nFbYtZC63kGoA7,INH109940060,2,2023-10-20,2023-11-14,True,False,,14,2025-10-19 10:34:36
spotify:track:0AUyEpUEtwv3VdIDVanQg0,0AUyEpUEtwv3VdIDVanQg0,Muskurayega,Lucky Ali,Muskurayega,spotify:album:1892Qln1rYhD8V6tT0ECJF,DGA072387068,1,2023-10-21,2023-10-21,True,False,,14,2025-10-19 10:34:42
spotify:track:4sxZlvnHFiK3jrXpWDI0AL,4sxZlvnHFiK3jrXpWDI0AL,Bekarar,Lucky Ali,Paathshaala,spotify:album:15bbskXdtqo6uN2IMC1NlF,INS181005538,1,2023-10-21,2023-10-21,True,False,,14,2025-10-19 10:34:44
spotify:track:1R1Ydsav3CXKHS14whfs49,1R1Ydsav3CXKHS14whfs49,Khuda Hafiz Anjaani Anjaana,Sunitha Sarathy,Yuva,spotify:album:2a1tA1wyFkHwHIxRQND6t6,INV110400079,1,2023-10-21,2023-10-21,True,False,,14,2025-10-19 10:34:46
spotify:track:3exgkJ0BYO9WYe1KtRnELm,3exgkJ0BYO9WYe1KtRnELm,Ucha Lamba Kad,Anand Raj Anand,Valentine Day Special - Top Romantic Hits,spotify:album:7z2o4dX5R8pljWfRbDnjj2,INT130700346,2,2023-10-21,2023-11-14,True,False,,14,2025-10-19 10:34:48
spotify:track:1g5TiCatar4iAIqfY29Uk2,1g5TiCatar4iAIqfY29Uk2,Appudu Appudu,Lucky Ali,Sye,spotify:album:0zAb3uPNkk0JGsyKaiflgz,INA090932125,1,2023-10-21,2023-10-21,True,False,,14,2025-10-19 10:34:51
spotify:track:72xWKstIm8E912YGyJ4XHM,72xWKstIm8E912YGyJ4XHM,Mohabbat Zindagi,Lucky Ali,Mohabbat Zindagi,spotify:album:2v58EyXQZN1amsHnRjCwBJ,FRX282216334,1,2023-10-21,2023-10-21,True,False,,14,2025-10-19 10:34:57
spotify:track:2vfL2OwTXZAsr2RIZF5OZF,2vfL2OwTXZAsr2RIZF5OZF,Aahatein,Samyak Prasana,Aahatein,spotify:album:5rxVfBCI8RvZzTmnLyXQ97,QZNWU2244583,1,2023-10-24,2023-10-24,True,False,,14,2025-10-19 10:35:51
spotify:track:36CSkVHmTL57AoVP41edqI,36CSkVHmTL57AoVP41edqI,Peaches,Peaceful Melody,Peaches,spotify:album:5KoUzy2helQ0q4FOBxQX5T,QZHN52107322,1,2023-10-24,2023-10-24,True,False,,14,2025-10-19 10:35:54
spotify:track:3skl2HiGMaApWAIEy1Ws2W,3skl2HiGMaApWAIEy1Ws2W,Stay With Me,Peaceful Melody,Stay With Me,spotify:album:5CW9FfcU52Cb7dhuKewgGR,NLT2H2000470,1,2023-10-24,2023-10-24,True,False,,14,2025-10-19 10:35:56
spotify:track:0SKQHuMAXikET0MokB1xL2,0SKQHuMAXikET0MokB1xL2,I Like Me Better,Peaceful Melody,I Like Me Better,spotify:album:0XWObO4Iw9ft6iuCquqUim,NLT2H2000300,1,2023-10-24,2023-10-24,True,False,,14,2025-10-19 10:35:59
spotify:track:2ctz9N2BtI5OAwspStKkLC,2ctz9N2BtI5OAwspStKkLC,Strawberry Milkshake,Mister Decaf,Strawberry Milkshake,spotify:album:5QebQh3ubARVUvFo8x9JsI,NLT2H2200335,1,2023-10-24,2023-10-24,True,False,,14,2025-10-19 10:36:01
spotify:track:0LV75MCWmIBfUelqOyy5h0,0LV75MCWmIBfUelqOyy5h0,Gustakh Dil Tere Liye,Sonu Nigam,Dil Maange More,spotify:album:3YZEdzEoYK8i1dspdZbFT1,INS180461198,3,2023-10-24,2023-10-24,True,False,,14,2025-10-19 10:36:05
spotify:track:0zyktinjL2E5WB9PH3Hgze,0zyktinjL2E5WB9PH3Hgze,Manhattan,Clinton Cerejo,English Vinglish (Original Motion Picture Soundtrack),spotify:album:73V6LmzoNvdvpN34yfICfL,GBSGZ1200036,1,2023-10-24,2023-10-24,True,False,,14,2025-10-19 10:36:07
spotify:track:0ZnlE3PfamXPMCsT5wr3sK,0ZnlE3PfamXPMCsT5wr3sK,Milon Chala,Ashu Shukla,Milon Chala,spotify:album:3kkhdt3cKKiZySDihwFbPG,QZNWZ2027038,2,2023-10-24,2023-11-14,True,False,,14,2025-10-19 10:36:10
spotify:track:4qN3IoLnHTzYCQIKkAbAgL,4qN3IoLnHTzYCQIKkAbAgL,Big Boy (SZA) - Sped Up Remix,ViralityX,Big Boy (SZA),spotify:album:3msD1PdCXf4QwTM9IBXbNY,FRDKW2208801,4,2023-10-25,2023-10-27,True,False,,14,2025-10-19 10:36:44
spotify:track:5gb1HKpxOzh5sx1PUvBvfr,5gb1HKpxOzh5sx1PUvBvfr,"i need a big boy, give me a big boy",Khlaws,"i need a big boy, give me a big boy",spotify:album:2TGqsoOtQdV5FDIZ7aucHw,QZLBC2308598,3,2023-10-25,2023-10-27,True,False,,14,2025-10-19 10:36:46
spotify:track:58WSKtcvVt208XY8tolYQI,58WSKtcvVt208XY8tolYQI,No Fake Love (with YoungBoy Never Broke Again),Queen Naija,No Fake Love (with YoungBoy Never Broke Again),spotify:album:4SMXvOfWccTE6aLEDMzoJA,USUG12205908,1,2023-10-25,2023-10-25,True,False,,14,2025-10-19 10:36:52
spotify:track:6Uz1AUpgcp7VPeJ2gTZIcy,6Uz1AUpgcp7VPeJ2gTZIcy,Phatela Jeb - Aankhen / Soundtrack Version,Nitin Raikar,Aankhen,spotify:album:242U0UKhj69nZv23Qe9URj,INUM70500282,1,2023-10-27,2023-10-27,True,False,,14,2025-10-19 10:36:59
spotify:track:4W00YDJIzSGVnhUZ0UX3Z3,4W00YDJIzSGVnhUZ0UX3Z3,Sun Lo Na (Raw),Suzonn,Sun Lo Na (Raw),spotify:album:5h6FiuIEWxDCtoke5qVx5a,QZHN52020316,1,2023-10-28,2023-10-28,True,False,,14,2025-10-19 10:37:16
spotify:track:1pDvtLmrjzr5FSQItRLWxA,1pDvtLmrjzr5FSQItRLWxA,Deewani,Sachet Tandon,Deewani,spotify:album:4gRgJLrR888KFtXndMZwox,INS182301578,1,2023-11-14,2023-11-14,True,False,,14,2025-10-19 10:39:39
spotify:track:6V7UVqe8XnAS4WPdpaw5TK,6V7UVqe8XnAS4WPdpaw5TK,Tu Mile Dil Khile,Stebin Ben,Tu Mile Dil Khile,spotify:album:4l9OB8kgKU3M6w5GYQZbKI,INH102300047,3,2023-04-09,2023-11-14,True,False,,14,2025-10-19 10:39:45
spotify:track:3eSm4iAkLsn3BeggfiQOH9,3eSm4iAkLsn3BeggfiQOH9,"Kaise Ab Kahein - From ""Gutar Gu""",Gaurav Chatterji,Kaise Ab Kahein,spotify:album:6NXaQGU2jsb6O38BIJ6QXy,FRX282391222,2,2023-11-14,2024-09-29,True,False,,14,2025-10-19 10:39:47
spotify:track:38h4tmH1AWBVuemWAy4R4y,38h4tmH1AWBVuemWAy4R4y,"Tum Kya Mile (From ""Rocky Aur Rani Kii Prem Kahaani"")",Pritam,Rocky Aur Rani Kii Prem Kahaani,spotify:album:0SB9pkSJOzevi6IpIBJbwy,INH102309375,1,2023-11-29,2023-11-29,True,False,,14,2025-10-19 10:40:35
spotify:track:0QmIPFQ3h0yVPgHsfqpy05,0QmIPFQ3h0yVPgHsfqpy05,1.0_8-whatsyourask.m4p,Mac Quayle,"Mr. Robot, Vol. 1 (Original Television Series Soundtrack)",spotify:album:012oKUlmu9qA84z4kYrOAj,USLS51661308,1,2023-12-01,2023-12-01,True,False,,14,2025-10-19 10:41:51
spotify:track:5QTYnU5WBn7mly66vzApg5,5QTYnU5WBn7mly66vzApg5,Silent Night,Piano Music For Christmas,Instrumental Christmas Carols - Piano Music For Christmas,spotify:album:03ZXeqqNmarCurqmbl5qZr,TCAAT1000912,1,2023-12-12,2023-12-12,True,False,,14,2025-10-19 10:43:10
spotify:track:7DU7DNVDZouvJ34tPcPxBj,7DU7DNVDZouvJ34tPcPxBj,Half Remembered Dream,Hans Zimmer,Inception,spotify:album:2qvA7HmSg1iM6XMiFF76dp,USRE11000566,2,2023-12-12,2023-12-12,True,False,,14,2025-10-19 10:43:17
spotify:track:74BfFG9qR85KXxN49esFVA,74BfFG9qR85KXxN49esFVA,Main Titles (You’ve Been Called Back to Top Gun),Harold Faltermeyer,Top Gun: Maverick,spotify:album:3tjIKRAPBy5Qu4z8F5HmBz,USKLP2200329,1,2023-12-12,2023-12-12,True,False,,14,2025-10-19 10:43:19
spotify:track:3Wceo1KylCeOUKJv8EVrMy,3Wceo1KylCeOUKJv8EVrMy,Dagger One Is Hit / Time To Let Go,Harold Faltermeyer,Top Gun: Maverick,spotify:album:3tjIKRAPBy5Qu4z8F5HmBz,USKLP2200332,1,2023-12-12,2023-12-12,True,False,,14,2025-10-19 10:43:21
spotify:track:77QDBf1zTvyegtTpAO5EpH,77QDBf1zTvyegtTpAO5EpH,Mombasa,Hans Zimmer,Inception,spotify:album:2qvA7HmSg1iM6XMiFF76dp,USRE11000572,1,2023-12-12,2023-12-12,True,False,,14,2025-10-19 10:43:23
spotify:track:4Gc8bYxtCGV0YtKYpb6QIS,4Gc8bYxtCGV0YtKYpb6QIS,Prehistoric Planet Suite,Anže Rozman,Prehistoric Planet: Season 2 (Apple TV+ Original Series Soundtrack),spotify:album:3pOdQGVWA4Bv7BLlwQZdo9,USLS52341501,1,2023-12-12,2023-12-12,True,False,,14,2025-10-19 10:43:26
spotify:track:6tpSOhsET6X0y9zKECn7k1,6tpSOhsET6X0y9zKECn7k1,No Hero Is Born from Lies,Hans Zimmer,Wonder Woman 1984 (Sketches from the Soundtrack),spotify:album:40ytiSNyGYWHLgJJDMvxJc,USNLR2100192,2,2023-12-12,2023-12-12,True,False,,14,2025-10-19 10:43:29
spotify:track:426eL4gFMqgtu3hulUEMFs,426eL4gFMqgtu3hulUEMFs,Egyptian Reggae (Live),Jonathan Richman,Live,spotify:album:1j719jACnXxvk7c0fgrT7a,GB5KW2105079,1,2024-07-12,2024-07-12,True,False,,15,2025-10-19 10:44:24
spotify:track:7aCBZdR17fK5SSeZXWBtk3,7aCBZdR17fK5SSeZXWBtk3,Smokey Joe's La La,Googie Rene,Smokey Joe's La La,spotify:album:5HtYUGWHtJnzJxwwOH7NrX,USAT21701223,1,2024-07-12,2024-07-12,True,False,,15,2025-10-19 10:44:27
spotify:track:3GsgJI1aBrvUtqX8f3MhKT,3GsgJI1aBrvUtqX8f3MhKT,Let's Go Away For A While - Mono,The Beach Boys,Pet Sounds,spotify:album:6GphKx2QAPRoVGWE9D7ou8,USCA29600680,1,2024-07-12,2024-07-12,True,False,,15,2025-10-19 10:44:34
spotify:track:02tnd3kkSmhfYwjY1Ka3cq,02tnd3kkSmhfYwjY1Ka3cq,Kashmere,Kashmere Stage Band,Texas Thunder Soul 1968-1974,spotify:album:4bn5ct5jEmBPnlmYvYGJFP,US2S71185015,1,2024-07-12,2024-07-12,True,False,,15,2025-10-19 10:44:40
spotify:track:2VUo8O3ymKRYNgj97ZG2kM,2VUo8O3ymKRYNgj97ZG2kM,Unsquare Dance,The Dave Brubeck Quartet,Time Further Out,spotify:album:0eMXd1VtCXCkuGWn9JjRDT,USSM16100056,1,2024-07-12,2024-07-12,True,False,,15,2025-10-19 10:44:42
spotify:track:0GBAxPHZY81xbNCZcxjcEs,0GBAxPHZY81xbNCZcxjcEs,Bongolia,Incredible Bongo Band,40 Years of the Incredible Bongo Band,spotify:album:2dtnXYyS4Qx7CvgpWOO8Na,GBCLQ0601041,1,2024-07-12,2024-07-12,True,False,,15,2025-10-19 10:44:52
spotify:track:4Q0X9NoEcDTAs9dvdvR6r3,4Q0X9NoEcDTAs9dvdvR6r3,Baby Let Me Take You (In My Arms),The Detroit Emeralds,Greatest Hits,spotify:album:3dPKEZYhzNZej16d0gIa5x,USESK1316223,1,2024-07-12,2024-07-12,True,False,,15,2025-10-19 10:44:54
spotify:track:7Lvn5lKyezRwq1Kz1yeqVk,7Lvn5lKyezRwq1Kz1yeqVk,Early In the Morning (2006 - Remaster),Alexis Korner's Blues Incorporated,Alexis Korner's Blues Incorporated,spotify:album:5H4uYsm0TGXHT3NJ3bvqZS,GBAJE0604454,1,2024-07-12,2024-07-12,True,False,,15,2025-10-19 10:44:57
spotify:track:7vz1xD9DpkzcdwTwrpEwnA,7vz1xD9DpkzcdwTwrpEwnA,The Edge,David McCallum,Music: A Bit More Of Me,spotify:album:7K9qVmPwQPlEroTu4Hrs7h,USCA20601981,1,2024-07-12,2024-07-12,True,False,,15,2025-10-19 10:44:59
spotify:track:7c3NImFA23mDCifvAzSu0T,7c3NImFA23mDCifvAzSu0T,Intermission,Blur,Intermission,spotify:album:1hpvA0zTfYVdTUHKs2dX3W,GBAYE9300444,2,2024-07-12,2024-07-12,True,False,,15,2025-10-19 10:45:20
spotify:track:2ouMVpv6OJglrFHg2GQPwd,2ouMVpv6OJglrFHg2GQPwd,Chase Me (feat. Run The Jewels & Big Boi) - Single Version - Music From The Motion Picture Baby Driver,Danger Mouse,Chase Me (feat. Run The Jewels & Big Boi),spotify:album:4gWX3HriDmej4AS8vE4Bh0,USSM11704759,1,2024-07-12,2024-07-12,True,False,,15,2025-10-19 10:45:36
spotify:track:0w7lKfhxW190u1ckXi45E9,0w7lKfhxW190u1ckXi45E9,Brighton Rock - Remastered 2011,Queen,Sheer Heart Attack,spotify:album:1Gnrd76EubInPV4KjOJ1Zr,GBUM71100517,2,2024-07-12,2024-07-18,True,False,,15,2025-10-19 10:45:39
spotify:track:52CTlUPosFjUvXUAadKOVV,52CTlUPosFjUvXUAadKOVV,Christmas Kaboom,Naeleck,Christmas Kaboom,spotify:album:1P7zujclH7FPCTiKN6WuOF,FR9W12242228,1,2024-07-12,2024-07-12,True,False,,15,2025-10-19 10:45:41
spotify:track:2qM9TCbNQcHvGtwmh5nulc,2qM9TCbNQcHvGtwmh5nulc,Easy - Music From The Motion Picture Baby Driver,Sky Ferreira,Baby Driver (Music from the Motion Picture),spotify:album:1rKtp8dt8DDLzcLOpyncWA,US4DG1700201,1,2024-07-12,2024-07-12,True,False,,15,2025-10-19 10:45:43
spotify:track:1Ffxfl1vuEDc0xBVPIQ50s,1Ffxfl1vuEDc0xBVPIQ50s,"""Was He Slow?"" - Music From The Motion Picture Baby Driver",Kid Koala,"""Was He Slow?""",spotify:album:1PYmSWGcidw6HNCbUprUgb,US4DG1700202,1,2024-07-12,2024-07-12,True,False,,15,2025-10-19 10:45:48
spotify:track:5BPRmOnbIOERe3d9EZ27Dd,5BPRmOnbIOERe3d9EZ27Dd,Life Is Crazy,Shankar-Ehsaan-Loy,Wake Up Sid (Original Motion Picture Soundtrack),spotify:album:7nFj0QIMz081q7e8kQvW93,INS170900327,1,2024-07-16,2024-07-16,True,False,,15,2025-10-19 10:45:57
spotify:track:1oht5GevPN9t1T3kG1m1GO,1oht5GevPN9t1T3kG1m1GO,Fire and Rain - 2019 Remaster,James Taylor,Sweet Baby James,spotify:album:1HiG0ukRmFPN13EVcf98Jx,USRH11900597,1,2024-07-18,2024-07-18,True,False,,15,2025-10-19 10:46:19
spotify:track:4fZ07aBMo69QTEKo4OC4Dz,4fZ07aBMo69QTEKo4OC4Dz,Up All Night (with The Lumineers & Noah Kahan),James Bay,Up All Night,spotify:album:1HHb15TOhnSn5m8UDheP3s,USUM72407678,2,2024-07-27,2024-07-27,True,False,,15,2025-10-19 10:47:18
spotify:track:299rXvRKRr5E32DvIbk1sn,299rXvRKRr5E32DvIbk1sn,Beginnings Are Such Delicate Times,Hans Zimmer,Dune: Part Two (Original Motion Picture Soundtrack),spotify:album:1PeYjDmxcRNvxLd5mGHuCC,USNLR2400068,1,2024-07-31,2024-07-31,True,False,,15,2025-10-19 10:47:24
spotify:track:7997Fg3oHuE4FLeikWGk1k,7997Fg3oHuE4FLeikWGk1k,Eclipse,Hans Zimmer,Dune: Part Two (Original Motion Picture Soundtrack),spotify:album:1PeYjDmxcRNvxLd5mGHuCC,USNLR2400069,1,2024-07-31,2024-07-31,True,False,,15,2025-10-19 10:47:31
spotify:track:3NaheYA1t6Lv29kEIfddQD,3NaheYA1t6Lv29kEIfddQD,The Sietch,Hans Zimmer,Dune: Part Two (Original Motion Picture Soundtrack),spotify:album:1PeYjDmxcRNvxLd5mGHuCC,USNLR2400070,1,2024-07-31,2024-07-31,True,False,,15,2025-10-19 10:47:33
spotify:track:2bpnYEKTWf5jyvRqUKZ9qJ,2bpnYEKTWf5jyvRqUKZ9qJ,Water of Life,Hans Zimmer,Dune: Part Two (Original Motion Picture Soundtrack),spotify:album:1PeYjDmxcRNvxLd5mGHuCC,USNLR2400071,1,2024-07-31,2024-07-31,True,False,,15,2025-10-19 10:47:36
spotify:track:7lG5m4JN0exualOkghSNXq,7lG5m4JN0exualOkghSNXq,A Time of Quiet Between the Storms,Hans Zimmer,Dune: Part Two (Original Motion Picture Soundtrack),spotify:album:1PeYjDmxcRNvxLd5mGHuCC,USNLR2400072,1,2024-07-31,2024-07-31,True,False,,15,2025-10-19 10:47:38
spotify:track:11B6dTrdv0oHCJNkvNLYRp,11B6dTrdv0oHCJNkvNLYRp,Harvester Attack,Hans Zimmer,Dune: Part Two (Original Motion Picture Soundtrack),spotify:album:1PeYjDmxcRNvxLd5mGHuCC,USNLR2400073,1,2024-07-31,2024-07-31,True,False,,15,2025-10-19 10:47:40
spotify:track:6cs7PMoobGoGVz8xZlAnXb,6cs7PMoobGoGVz8xZlAnXb,Worm Ride,Hans Zimmer,Dune: Part Two (Original Motion Picture Soundtrack),spotify:album:1PeYjDmxcRNvxLd5mGHuCC,USNLR2400074,2,2024-07-31,2024-07-31,True,False,,15,2025-10-19 10:47:42
spotify:track:7q9DWirqkFFZDzNagf7esc,7q9DWirqkFFZDzNagf7esc,Ornithopter Attack,Hans Zimmer,Dune: Part Two (Original Motion Picture Soundtrack),spotify:album:1PeYjDmxcRNvxLd5mGHuCC,USNLR2400075,2,2024-07-31,2024-07-31,True,False,,15,2025-10-19 10:47:45
spotify:track:4ClLx8EUuahEmWLf3EfRAa,4ClLx8EUuahEmWLf3EfRAa,Each Man Is a Little War,Hans Zimmer,Dune: Part Two (Original Motion Picture Soundtrack),spotify:album:1PeYjDmxcRNvxLd5mGHuCC,USNLR2400076,2,2024-07-31,2024-07-31,True,False,,15,2025-10-19 10:47:47
spotify:track:1XGqJG2n2lUq5MrlVNOay3,1XGqJG2n2lUq5MrlVNOay3,Harkonnen Arena,Hans Zimmer,Dune: Part Two (Original Motion Picture Soundtrack),spotify:album:1PeYjDmxcRNvxLd5mGHuCC,USNLR2400077,1,2024-07-31,2024-07-31,True,False,,15,2025-10-19 10:47:49
spotify:track:5xxSfFbHgKxwDoisd1nb3n,5xxSfFbHgKxwDoisd1nb3n,Spice,Hans Zimmer,Dune: Part Two (Original Motion Picture Soundtrack),spotify:album:1PeYjDmxcRNvxLd5mGHuCC,USNLR2400078,1,2024-07-31,2024-07-31,True,False,,15,2025-10-19 10:47:52
spotify:track:67NYOoqh6W5pHyqxUr55RF,67NYOoqh6W5pHyqxUr55RF,Seduction,Hans Zimmer,Dune: Part Two (Original Motion Picture Soundtrack),spotify:album:1PeYjDmxcRNvxLd5mGHuCC,USNLR2400079,1,2024-07-31,2024-07-31,True,False,,15,2025-10-19 10:47:54
spotify:track:31Fo1rMpiux0IJ0xnL29za,31Fo1rMpiux0IJ0xnL29za,Never Lose Me,Hans Zimmer,Dune: Part Two (Original Motion Picture Soundtrack),spotify:album:1PeYjDmxcRNvxLd5mGHuCC,USNLR2400080,1,2024-07-31,2024-07-31,True,False,,15,2025-10-19 10:47:57
spotify:track:3sCkXSB72WtV7GMSLCC7ui,3sCkXSB72WtV7GMSLCC7ui,Travel South,Hans Zimmer,Dune: Part Two (Original Motion Picture Soundtrack),spotify:album:1PeYjDmxcRNvxLd5mGHuCC,USNLR2400081,1,2024-07-31,2024-07-31,True,False,,15,2025-10-19 10:47:59
spotify:track:6Xv5KpaCPYxgLRijInviVC,6Xv5KpaCPYxgLRijInviVC,Paul Drinks,Hans Zimmer,Dune: Part Two (Original Motion Picture Soundtrack),spotify:album:1PeYjDmxcRNvxLd5mGHuCC,USNLR2400082,1,2024-07-31,2024-07-31,True,False,,15,2025-10-19 10:48:01
spotify:track:6cryu85hnENcwiSe5ZlWrl,6cryu85hnENcwiSe5ZlWrl,Resurrection,Hans Zimmer,Dune: Part Two (Original Motion Picture Soundtrack),spotify:album:1PeYjDmxcRNvxLd5mGHuCC,USNLR2400083,1,2024-07-31,2024-07-31,True,False,,15,2025-10-19 10:48:04
spotify:track:2w2kbuV4jYHtT922M0q2Pj,2w2kbuV4jYHtT922M0q2Pj,Arrival,Hans Zimmer,Dune: Part Two (Original Motion Picture Soundtrack),spotify:album:1PeYjDmxcRNvxLd5mGHuCC,USNLR2400084,1,2024-07-31,2024-07-31,True,False,,15,2025-10-19 10:48:06
spotify:track:633k0QGasCqCIjdiSG2bez,633k0QGasCqCIjdiSG2bez,Southern Messiah,Hans Zimmer,Dune: Part Two (Original Motion Picture Soundtrack),spotify:album:1PeYjDmxcRNvxLd5mGHuCC,USNLR2400085,1,2024-07-31,2024-07-31,True,False,,15,2025-10-19 10:48:09
spotify:track:0ONRp6XVFBqHLxcXIzckWG,0ONRp6XVFBqHLxcXIzckWG,The Emperor,Hans Zimmer,Dune: Part Two (Original Motion Picture Soundtrack),spotify:album:1PeYjDmxcRNvxLd5mGHuCC,USNLR2400086,1,2024-07-31,2024-07-31,True,False,,15,2025-10-19 10:48:11
spotify:track:7yKtn0IODXXis1CSctLG4z,7yKtn0IODXXis1CSctLG4z,Worm Army,Hans Zimmer,Dune: Part Two (Original Motion Picture Soundtrack),spotify:album:1PeYjDmxcRNvxLd5mGHuCC,USNLR2400087,1,2024-07-31,2024-07-31,True,False,,15,2025-10-19 10:48:13
spotify:track:1EowAXVjoBVmHJs7zaBjwb,1EowAXVjoBVmHJs7zaBjwb,Gurney Battle,Hans Zimmer,Dune: Part Two (Original Motion Picture Soundtrack),spotify:album:1PeYjDmxcRNvxLd5mGHuCC,USNLR2400088,1,2024-07-31,2024-07-31,True,False,,15,2025-10-19 10:48:15
spotify:track:5e2yZ8H1DXa67ojEqUnQAz,5e2yZ8H1DXa67ojEqUnQAz,You Fought Well,Hans Zimmer,Dune: Part Two (Original Motion Picture Soundtrack),spotify:album:1PeYjDmxcRNvxLd5mGHuCC,USNLR2400089,1,2024-07-31,2024-07-31,True,False,,15,2025-10-19 10:48:18
spotify:track:61Ps2sXXwiYCcyAynt81JI,61Ps2sXXwiYCcyAynt81JI,Kiss the Ring,Hans Zimmer,Dune: Part Two (Original Motion Picture Soundtrack),spotify:album:1PeYjDmxcRNvxLd5mGHuCC,USNLR2400090,1,2024-07-31,2024-07-31,True,False,,15,2025-10-19 10:48:20
spotify:track:6yLQmfQLDGtUYHG34W0FcH,6yLQmfQLDGtUYHG34W0FcH,Only I Will Remain,Hans Zimmer,Dune: Part Two (Original Motion Picture Soundtrack),spotify:album:1PeYjDmxcRNvxLd5mGHuCC,USNLR2400091,1,2024-07-31,2024-07-31,True,False,,15,2025-10-19 10:48:22
spotify:track:2YF90rAMJp3QCCZN6zBXOA,2YF90rAMJp3QCCZN6zBXOA,Lisan al Gaib,Hans Zimmer,Dune: Part Two (Original Motion Picture Soundtrack),spotify:album:1PeYjDmxcRNvxLd5mGHuCC,USNLR2400199,1,2024-07-31,2024-07-31,True,False,,15,2025-10-19 10:48:24
spotify:track:3QxiHZEbiztQg4ItS8oNnI,3QxiHZEbiztQg4ItS8oNnI,u will be fine,N.I.K,u will be fine,spotify:album:05ak0XyoSu4PGKVRgaCEfr,GX5MX2470889,1,2024-08-28,2024-08-28,True,False,,15,2025-10-19 10:51:17
spotify:track:1FTSo4v6BOZH9QxKc3MbVM,1FTSo4v6BOZH9QxKc3MbVM,Song 2 - 2012 Remaster,Blur,Blur,spotify:album:7HvIrSkKGJCzd8AKyjTJ6Q,GBAYE1200348,1,2024-08-30,2024-08-30,True,False,,15,2025-10-19 10:51:53
spotify:track:44o8hbDv9pWOv5uM6VbU7n,44o8hbDv9pWOv5uM6VbU7n,Show Your Soul,Chris Vana,Show Your Soul,spotify:album:5I5vSdmHdep7A1qCpfOqgf,SE6XW2179442,1,2024-08-30,2024-08-30,True,False,,15,2025-10-19 10:51:55
spotify:track:4NZkQvmibsVSAmxxxlBhLE,4NZkQvmibsVSAmxxxlBhLE,Love I'm Looking For,The National Forest,Into The Lupine,spotify:album:48j2jAJiNmnQDm1WUJIYVW,QZWFF2323060,1,2024-09-03,2024-09-03,True,False,,15,2025-10-19 10:52:47
spotify:track:6xskpMFMmFiPi3Z1IdxY8K,6xskpMFMmFiPi3Z1IdxY8K,pieces,Daley Road,pieces,spotify:album:3TU9lCtxKa5qOnj3lGRVN7,AULLZ2400007,1,2024-09-03,2024-09-03,True,False,,15,2025-10-19 10:52:53
spotify:track:2r8qHF33wkdKZBksaxt1Gn,2r8qHF33wkdKZBksaxt1Gn,Waiting For You,Nina Caroline,Waiting For You,spotify:album:0jw663BA0ySwMex8O8UPlv,DEZC62443376,2,2024-09-03,2024-09-03,True,False,,15,2025-10-19 10:53:47
spotify:track:6hexbNoDrQTmX7TBDi1Eup,6hexbNoDrQTmX7TBDi1Eup,Under Starlight,Mack Samson,Under Starlight,spotify:album:1JTLwmeSsim7myLwpenZGV,DEYX82211933,1,2024-09-03,2024-09-03,True,False,,15,2025-10-19 10:53:54
spotify:track:4qeKstTZuwWlPuiwdrOW6Q,4qeKstTZuwWlPuiwdrOW6Q,It's About You,Dusty Boots,It's About You,spotify:album:3dKI3e0wHL63oOi5sicFtA,TCAHX2438569,1,2024-09-04,2024-09-04,True,False,,15,2025-10-19 10:54:00
spotify:track:1h6Fbtem8rcz8sJir8HGCC,1h6Fbtem8rcz8sJir8HGCC,A Lone Assassin,Michael Abels,Star Wars: The Acolyte - Vol. 1 (Episodes 1-4),spotify:album:1B035XnkYbQd223wGi1bgU,USWD12431873,1,2024-09-12,2024-09-12,True,False,,15,2025-10-19 10:55:16
spotify:track:6mib3N4E8PZHAGQ3xy7bho,6mib3N4E8PZHAGQ3xy7bho,Moonage Daydream - 2012 Remaster,David Bowie,The Rise and Fall of Ziggy Stardust and the Spiders from Mars,spotify:album:48D1hRORqJq52qsnUYZX56,USJT11200003,1,2024-09-12,2024-09-12,True,False,,15,2025-10-19 10:55:22
spotify:track:0jvN7eQJJt4nxQzgQfZ1SP,0jvN7eQJJt4nxQzgQfZ1SP,Spirit In The Sky - Deluxe Edition,Norman Greenbaum,Spirit In The Sky,spotify:album:05qYXT9UP6pXR9u0BtntD1,USRE19600416,1,2024-09-12,2024-09-12,True,False,,15,2025-10-19 10:55:25
spotify:track:5pPyvA03RKSJrAnnDcq0nh,5pPyvA03RKSJrAnnDcq0nh,Saibo,Sachin-Jigar,Shor in the City,spotify:album:7J7qILtFBTj1oTzPXNii6Y,INS171100070,3,2024-09-29,2025-07-11,True,False,,15,2025-10-19 10:57:27
spotify:track:4LzjjNaJfnbPtJFYfMC8dc,4LzjjNaJfnbPtJFYfMC8dc,Saanware,Akhil Sachdeva,Saanware,spotify:album:5na4ciNJa3xQdvcjyUsyy5,USA2P2408386,1,2024-09-29,2024-09-29,True,False,,15,2025-10-19 10:57:35
spotify:track:0M0ANKNzmM4Odd7FNKghzW,0M0ANKNzmM4Odd7FNKghzW,"Akhiyaan Gulaab (From ""Teri Baaton Mein Aisa Uljha Jiya"")",Mitraz,"Akhiyaan Gulaab (From ""Teri Baaton Mein Aisa Uljha Jiya"")",spotify:album:1VZDqgb1ALde0CFMIvEGNr,INS182400204,4,2024-09-29,2025-04-04,True,False,,15,2025-10-19 10:57:37
spotify:track:6IviTcp8EQwrfeDNjows1C,6IviTcp8EQwrfeDNjows1C,Mere Liye,Akhil Sachdeva,Broken But Beautiful Season 3,spotify:album:342JbL9xUmC4sVjV5VKrBY,INZ031409164,1,2024-09-29,2024-09-29,True,False,,15,2025-10-19 10:57:39
spotify:track:6NnKLbuNprZyhHUUbu11HS,6NnKLbuNprZyhHUUbu11HS,everpresent,Imber Sun,everpresent,spotify:album:1HVgsvqhD0LwqEDRy03Y7Q,SE5W32201357,1,2024-10-05,2024-10-05,True,False,,15,2025-10-19 10:57:45
spotify:track:4BPjphA5WmmKaJk66jF3oB,4BPjphA5WmmKaJk66jF3oB,Above It All,August Wilhelmsson,I Was Arthur,spotify:album:414Z4UXOjGS0AdGEbPeJQw,SE5Q51700382,1,2024-10-05,2024-10-05,True,False,,15,2025-10-19 10:57:47
spotify:track:138ntruMbI8Yp3FRYH1qm5,138ntruMbI8Yp3FRYH1qm5,deep wild,Far & Beyond,deep wild,spotify:album:5YRoRvEeZSXtUDNQ2aGRSh,SE5W32202401,1,2024-10-05,2024-10-05,True,False,,15,2025-10-19 10:57:50
spotify:track:4Y7I8njISED3da52cbdbKf,4Y7I8njISED3da52cbdbKf,Machines Are People Too,B 3 N B i,IWYMI Volume Four,spotify:album:5bCxD19JPbHXGTe9mzLaaV,USEAX1502101,1,2024-10-05,2024-10-05,True,False,,15,2025-10-19 10:57:52
spotify:track:6lDhQE5NehNR4pizUh8B8p,6lDhQE5NehNR4pizUh8B8p,Further Than Far,Shape Of Our Dreams,Further Than Far,spotify:album:3tuUYA7y7reegwPAtAfdbX,SE5W32201527,1,2024-10-05,2024-10-05,True,False,,15,2025-10-19 10:57:54
spotify:track:7ncqZEutTnKNmxJn50URcf,7ncqZEutTnKNmxJn50URcf,Everlonging,Niveous,Everlonging,spotify:album:1DQviQUrW2Ek5Nas6q3mUw,SE5W32201073,1,2024-10-05,2024-10-05,True,False,,15,2025-10-19 10:57:57
spotify:track:4fqzVh6YXqskezIs862H6d,4fqzVh6YXqskezIs862H6d,Dust,Sync Zephyr,Star Crossed / Dust,spotify:album:3hT3xJbL4UjJMET6CvbcKc,QZMEP2068412,1,2024-10-05,2024-10-05,True,False,,15,2025-10-19 10:57:59
spotify:track:7svM6oRnsecnQd30A6prDc,7svM6oRnsecnQd30A6prDc,Particle Emission,Silver Maple,Residuum,spotify:album:1KcRjaSyfxRWSV8vjJvgIR,SE5Q51700290,1,2024-10-05,2024-10-05,True,False,,15,2025-10-19 10:58:04
spotify:track:1c3QWfGAadGw4ywwmLx5ju,1c3QWfGAadGw4ywwmLx5ju,Nuraghe,PLACID,Nuraghe,spotify:album:4fTiVmhdvJ2ICQmb7LYlD4,DEZC62269492,1,2024-10-05,2024-10-05,True,False,,15,2025-10-19 10:58:07
spotify:track:2XLdNfDhWJwViR3wiq8NrA,2XLdNfDhWJwViR3wiq8NrA,Anagram,Imala Zir,Anagram,spotify:album:3EMafNmPdqTVmiESnJAwOp,SE5W32202235,1,2024-10-05,2024-10-05,True,False,,15,2025-10-19 10:58:09
spotify:track:15BXZpDEzGSoKRdqvEieXQ,15BXZpDEzGSoKRdqvEieXQ,Remembering,Ever So Blue,Remembering,spotify:album:3rWELleGIOoXEnW0eSHBjG,SE5Q52000832,1,2024-10-05,2024-10-05,True,False,,15,2025-10-19 10:58:12
spotify:track:381cpx26XrMnGOIn4faioN,381cpx26XrMnGOIn4faioN,Ethereal Glow,Far & Beyond,Ethereal Glow,spotify:album:0jvZawamBniaCE5aFRRMsw,SE5W32201350,1,2024-10-05,2024-10-05,True,False,,15,2025-10-19 10:58:14
spotify:track:51c5Wbzs0fPu6mwpDn3bsQ,51c5Wbzs0fPu6mwpDn3bsQ,With Resolve,Jacob Yoffee,With Resolve,spotify:album:1dMrnL9I1tO7iSTSaYbYUQ,QZAKB2005420,1,2024-10-05,2024-10-05,True,False,,15,2025-10-19 10:58:16
spotify:track:2avCgcHSQc3k0LYBowVoTB,2avCgcHSQc3k0LYBowVoTB,Take Me Back,WYS,North Pole,spotify:album:3fQdxTGy9dV7KMpO5yh77D,TCAEO1979932,1,2024-10-05,2024-10-05,True,False,,15,2025-10-19 10:58:18
spotify:track:6x2rtY6FC6YizEpvUVKj6o,6x2rtY6FC6YizEpvUVKj6o,Green Tea,Bertholet,Green Tea,spotify:album:2rGcNBHziENr3UfAIXiwkw,QZFYW1925231,1,2024-10-05,2024-10-05,True,False,,15,2025-10-19 10:58:20
spotify:track:6vwuSjfe1UjY6fn43HZ4CK,6vwuSjfe1UjY6fn43HZ4CK,Approaching Dusk,Eagle Lake,Piano Studies,spotify:album:26pIGdUcRbCfXQ2GcuvvQA,GBMJG1717893,1,2024-10-05,2024-10-05,True,False,,15,2025-10-19 10:58:23
spotify:track:39xRHgkRG13GJYOw8sOaQJ,39xRHgkRG13GJYOw8sOaQJ,two,cloudcrush,alternative universe,spotify:album:5fC4bXk6Eo7PNikqtqU53T,QZJDZ2100858,1,2024-10-05,2024-10-05,True,False,,15,2025-10-19 10:58:25
spotify:track:6yYnE5DDbv0e6TlzlSDJgX,6yYnE5DDbv0e6TlzlSDJgX,cabin,deadmau5,Polar (Music from the Netflix Film),spotify:album:3SnEK6pCU5qFtnLXSbZT6i,GBTDG1301656,1,2024-10-05,2024-10-05,True,False,,15,2025-10-19 10:58:28
spotify:track:7h8FoVdFGKGNbZvbY51d5h,7h8FoVdFGKGNbZvbY51d5h,Loosen Up,Cake House,Loosen Up,spotify:album:4mMfto7T62viWO9mK4mwpo,QZAKB2133020,1,2024-10-05,2024-10-05,True,False,,15,2025-10-19 10:58:30
spotify:track:1ZxqvIpfcqYDcV4nP6jxms,1ZxqvIpfcqYDcV4nP6jxms,Finding Hope,Alida Sørby,Finding Hope,spotify:album:25X6lJ7r1b4jQ3S5o8RtJs,SE5W32054301,1,2024-10-05,2024-10-05,True,False,,15,2025-10-19 10:58:32
spotify:track:5l3iFPNLr9pWXeYOI7dDhs,5l3iFPNLr9pWXeYOI7dDhs,Snowfields,Shape Of Our Dreams,Snowfields,spotify:album:2IdkBSoQpjPa5LUo46DDe5,SE5W32201072,1,2024-10-05,2024-10-05,True,False,,15,2025-10-19 10:58:34
spotify:track:19vWDttuR4ZVBzUfQFsfPS,19vWDttuR4ZVBzUfQFsfPS,Pastoral,Christian Löffler,Pastoral,spotify:album:7e79YQn5tWC0LL9M2SFtde,DEN962002940,1,2024-10-05,2024-10-05,True,False,,15,2025-10-19 10:58:37
spotify:track:1UWlVOM5NZdkFZobaYeAv5,1UWlVOM5NZdkFZobaYeAv5,My Funny Valentine,Komorebi,Midnight Thoughts,spotify:album:6u1pNJvksMfMkHaZAVOL3a,QZNWS2060630,1,2024-10-05,2024-10-05,True,False,,15,2025-10-19 10:58:38
spotify:track:2V9jgt9hxaJjXTfy15DQ9T,2V9jgt9hxaJjXTfy15DQ9T,Chasing the Calm,Prashanth Srinivas,Ambient Introspection,spotify:album:3lWuCWKOZ5Wghrq02zlsqd,FRX762091334,1,2024-10-05,2024-10-05,True,False,,15,2025-10-19 10:58:40
spotify:track:7FXrIifBUfrlSrt41BczmH,7FXrIifBUfrlSrt41BczmH,Sur Niragas Ho,Anandi Joshi,Katyar Kaljat Ghusli,spotify:album:6py7cQparrUL5BPvBmBwOm,INZ031400928,40,2024-10-08,2025-08-19,True,False,,15,2025-10-19 10:59:20
spotify:track:3xIyi0QRmcz0cBDbVPTNGd,3xIyi0QRmcz0cBDbVPTNGd,Assi Sajna,Jasleen Royal,Assi Sajna,spotify:album:1nXJCJwv0ORoiGUvG1ZA0U,INW262400798,1,2024-10-08,2024-10-08,True,False,,15,2025-10-19 10:59:22
spotify:track:37TLolUIRm02bXEzXe7xs3,37TLolUIRm02bXEzXe7xs3,Sophie,Andreas Rönnberg,Cry of Fear (Official Soundtrack),spotify:album:5W3eM8JU5JHuGbH2wgG436,uscgj1219669,1,2024-10-12,2024-10-12,True,False,,15,2025-10-19 10:59:41
spotify:track:15Iczlf2Xl2s4EiLFrkYeg,15Iczlf2Xl2s4EiLFrkYeg,Say Yes - Remastered 2017,Elliott Smith,Either/Or,spotify:album:3UVJu0QdTJBfGJBl1AMWEM,USKRS1662012,4,2024-10-12,2024-10-31,True,False,,15,2025-10-19 10:59:44
spotify:track:7tCOXqPrbHyA1Z5WDdNfko,7tCOXqPrbHyA1Z5WDdNfko,Molly's Cafe,Alcoves,Don't Stop Now I Don't Wanna Miss It,spotify:album:7KAiRC4RiwGbRqyJgqTac4,QZTBA2350130,1,2024-10-15,2024-10-15,True,False,,15,2025-10-19 11:00:53
spotify:track:0NVDlAEnem7G8rbzkijlEA,0NVDlAEnem7G8rbzkijlEA,Never Got Away,Aidan Reid,Never Got Away,spotify:album:3FufArPrSOcmKyKalot2jf,TCAIK2409831,1,2024-10-15,2024-10-15,True,False,,15,2025-10-19 11:01:02
spotify:track:7pGbOGGeDDI2yC5unFJbq9,7pGbOGGeDDI2yC5unFJbq9,Postcard,Jack Kane,Shiner,spotify:album:1VMcvMmrjlKcRy4D9aitRP,SGB502359999,1,2024-10-15,2024-10-15,True,False,,15,2025-10-19 11:01:05
spotify:track:1kYnVvJZuI9aBElcn9PwCX,1kYnVvJZuI9aBElcn9PwCX,Pareidolia,Adam Rodway,Pareidolia,spotify:album:17SwiDdd9bXpJ2TqUFsYgx,QZES62475668,1,2024-10-15,2024-10-15,True,False,,15,2025-10-19 11:01:07
spotify:track:74ioqFQmA0U0GhtNNkX24v,74ioqFQmA0U0GhtNNkX24v,Boy You Better Run,Norton Street 諾頓街,Boy You Better Run,spotify:album:2jAKuTbNslpnV79kU2Sbqh,DGA082448937,1,2024-10-15,2024-10-15,True,False,,15,2025-10-19 11:01:10
spotify:track:2mkJq18AtoPrUDugMrNnCP,2mkJq18AtoPrUDugMrNnCP,The Here and the There,Bear Teef,The Here and the There,spotify:album:2SikMPwAGYTbfkk4JJ6LnD,QZTB92448431,1,2024-10-15,2024-10-15,True,False,,15,2025-10-19 11:01:21
spotify:track:1Sa5eFB0tTNdS24s7PE2GA,1Sa5eFB0tTNdS24s7PE2GA,Shabdavachun Kalale Sare,Mahesh Kale,Bhai Vyakti Ki Valli Uttarardha,spotify:album:003nUZTvLdBgyTtRj3dAg9,INH101801807,2,2024-10-20,2024-10-23,True,False,,15,2025-10-19 11:02:18
spotify:track:2z865bsdfckaBVck8MSAm8,2z865bsdfckaBVck8MSAm8,4×4×U,Lainey Wilson,Whirlwind,spotify:album:3YJeGDPwWmpqxm5xlIqjO8,QMRSZ2400822,2,2024-10-22,2024-10-22,True,False,,15,2025-10-19 11:03:24
spotify:track:0Um5yRo7dOIKpIQpGKT4mW,0Um5yRo7dOIKpIQpGKT4mW,I Have But One Heart ('O Marenariello) - Remastered 1998,Dean Martin,Italian Love Songs,spotify:album:5IRbN6WBo1ZMpOkbQdTF10,USCA29801844,6,2024-10-25,2025-04-27,True,False,,15,2025-10-19 11:03:46
spotify:track:0blM9YkjL82jrhF8sd9pup,0blM9YkjL82jrhF8sd9pup,Nahi,Janisht Joshi,Nahi,spotify:album:5s40KVbUzKhgaJoteZ4xse,QMDA62457065,44,2024-10-28,2025-07-18,True,False,,15,2025-10-19 11:04:16
spotify:track:36T00kmtpePZFPjNN4v7QO,36T00kmtpePZFPjNN4v7QO,Kaagaz Ke Phool,Janisht Joshi,Kaagaz Ke Phool,spotify:album:3bY4ZQ6Mwa8n3ebjiRuUQG,QZNWW2394634,42,2024-10-28,2025-07-30,True,False,,15,2025-10-19 11:04:22
spotify:track:5hpvF3zigqgwOicVeeyMoX,5hpvF3zigqgwOicVeeyMoX,Kindergarten Juliet,Janisht Joshi,Kindergarten Juliet,spotify:album:71UxutgcpGPi7IvNc4d8sk,usl4r2243841,9,2024-10-28,2024-10-30,True,False,,15,2025-10-19 11:04:24
spotify:track:5Bbl0rDPJnyoyazRokHU1W,5Bbl0rDPJnyoyazRokHU1W,Beauty & The Creep,Janisht Joshi,Beauty & The Creep,spotify:album:43rOeHa5D4SVEJTevoArAI,QZK6P2422809,10,2024-10-28,2024-10-31,True,False,,15,2025-10-19 11:04:26
spotify:track:1oghlB7Tm7Xo3M2BviDnic,1oghlB7Tm7Xo3M2BviDnic,Jahan Mein Aesa Kaun Hai,Asha Bhosle,Hum Dono,spotify:album:6wcbfeyfuWqhMb9NtRgZnO,INH109743430,1,2024-10-29,2024-10-29,True,False,,15,2025-10-19 11:04:29
spotify:track:4zaRvMmIfVDpCR0yPmeVNc,4zaRvMmIfVDpCR0yPmeVNc,Aaj Mausam Bada Beimaan Hai,Mohammed Rafi,"Baarishein, Chai Aur Rafi",spotify:album:03jqioEplk3k6vr7umxs7u,INH109630490,1,2024-10-29,2024-10-29,True,False,,15,2025-10-19 11:04:40
spotify:track:3fe5pPn4xRD2qjFGnBOyJi,3fe5pPn4xRD2qjFGnBOyJi,Man Udhan Varyache,Shankar Mahadevan,Aga Bai Arechya,spotify:album:18J2PRPg6li3AEj83jA9J3,INS100500032,27,2024-10-29,2025-08-13,True,False,,15,2025-10-19 11:04:45
spotify:track:7cmNKVV2YPxhqJ0ORRhrRW,7cmNKVV2YPxhqJ0ORRhrRW,Saaj Hyo Tuza,Onkarswaroop,Baban,spotify:album:2YFjwR61yrpfa4gtAiLn1o,INE151800035,1,2024-10-29,2024-10-29,True,False,,15,2025-10-19 11:04:47
spotify:track:188jpJestqxy1d8FOQcKJh,188jpJestqxy1d8FOQcKJh,Govyachya Kinaryav,Shubhangii Kedar,Govyachya Kinaryav,spotify:album:0U5aoS77dw5YsgwZR6avZv,INE182012319,3,2024-10-29,2025-06-21,True,False,,15,2025-10-19 11:04:49
spotify:track:2VhBp6Q0YPBFlDR1CuMWNp,2VhBp6Q0YPBFlDR1CuMWNp,Galavar Khali,Swapnil Bandodkar,Bedhund,spotify:album:3JSrRpynKoL4OJPOUKhVma,INS100300017,10,2024-10-29,2025-08-11,True,False,,15,2025-10-19 11:04:51
spotify:track:33na5sfKk2FpbUbgBDQ424,33na5sfKk2FpbUbgBDQ424,Khel Mandala,Ajay Gogavale,Natarang,spotify:album:0bbVCC53O6wV2nMLHfoo8I,INZ031400060,2,2024-10-29,2025-01-03,True,False,,15,2025-10-19 11:04:54
spotify:track:23oqIbL3COYBAWclk2taIR,23oqIbL3COYBAWclk2taIR,"Goryaa Goryaa (From ""Tujhya Majhya Sansaarala Ani Kaay Hava"")",Ajay-Atul,"Goryaa Goryaa (From ""Tujhya Majhya Sansaarala Ani Kaay Hava"")",spotify:album:2ouLFjGdSUeNNwKAaX2SPN,INE150800040,2,2024-10-29,2025-01-03,True,False,,15,2025-10-19 11:04:56
spotify:track:0YZfO7T9Wv02qsNeWxtzQz,0YZfO7T9Wv02qsNeWxtzQz,Mala Ved Laagale - Duet,Swapnil Bandodkar,Timepass,spotify:album:0MYXUXs24wWQOqeV4MxlRy,INZ031400210,28,2024-10-29,2025-08-16,True,False,,15,2025-10-19 11:04:58
spotify:track:72x6rvpGTmZxCWKil9nbDm,72x6rvpGTmZxCWKil9nbDm,Radha Hi Bawari,Swapnil Bandodkar,Tu Majha Kinara,spotify:album:1ZaTxynp31p64jDuyRZicK,INS100500002,29,2024-10-29,2025-08-13,True,False,,15,2025-10-19 11:05:00
spotify:track:4u5M1larmnkgLUxnXoYJs8,4u5M1larmnkgLUxnXoYJs8,Tere Vaaste - Chillhop,Raahi,Tere Vaaste - Chillhop,spotify:album:6p5ZHSybxnDfegtJZPFAfm,INH102412655,1,2024-10-29,2024-10-29,True,False,,15,2025-10-19 11:05:02
spotify:track:2ZFlw2HtqQ6lCNGFNuECb3,2ZFlw2HtqQ6lCNGFNuECb3,Jaaneman Aah,Pritam,Dishoom,spotify:album:6DtMXD2zJumu3R2e54OVKT,INS181601086,1,2024-10-31,2024-10-31,True,False,,15,2025-10-19 11:05:09
spotify:track:5pVt3pIVGNZHeP97zLGDLN,5pVt3pIVGNZHeP97zLGDLN,Shor Bhi Pyaar.,Rushil Aswal,Haal Hi Mein.,spotify:album:5CwUczzeFEZg5bAfcGqAkv,QZK6J2384027,1,2024-11-01,2024-11-01,True,False,,15,2025-10-19 11:05:31
spotify:track:1hRZRkL9kQUn4p3pl6vF0f,1hRZRkL9kQUn4p3pl6vF0f,Jaadugar,Rushil Aswal,Khoobsurat,spotify:album:1jLl1K2bIJLJuPIk61YC7C,QZK6N2296674,1,2024-11-01,2024-11-01,True,False,,15,2025-10-19 11:05:33
spotify:track:4jRIbSJ6yLW7t15sseVyJg,4jRIbSJ6yLW7t15sseVyJg,Faasle,Rushil Aswal,Khoobsurat,spotify:album:1jLl1K2bIJLJuPIk61YC7C,QZNWY2381212,1,2024-11-01,2024-11-01,True,False,,15,2025-10-19 11:05:35
spotify:track:3sArAOa2aAzGHY9R9dhsFt,3sArAOa2aAzGHY9R9dhsFt,Bakse.,Rushil Aswal,Haal Hi Mein.,spotify:album:5CwUczzeFEZg5bAfcGqAkv,QZK6J2384026,1,2024-11-01,2024-11-01,True,False,,15,2025-10-19 11:05:44
spotify:track:1rUZIi5rG8jiBUzblCkd18,1rUZIi5rG8jiBUzblCkd18,Chaand Se Khafaa.,Rushil Aswal,Haal Hi Mein.,spotify:album:5CwUczzeFEZg5bAfcGqAkv,QZK6J2384028,1,2024-11-01,2024-11-01,True,False,,15,2025-10-19 11:05:50
spotify:track:0l3vdL2Hjm6nSkYWDDzcxn,0l3vdL2Hjm6nSkYWDDzcxn,Not Enough,Elvis Drew,Lapsus,spotify:album:4YnhUpMBRBxMiKOAf201hZ,GBSMU6706428,1,2024-11-02,2024-11-02,True,False,,15,2025-10-19 11:06:06
spotify:track:0jHoMT82CkbHiHQBahEHle,0jHoMT82CkbHiHQBahEHle,Baby,Elvis Drew,Baby,spotify:album:0Jpa5UM9D59BFBIINoZzDp,QZHN82020267,1,2024-11-02,2024-11-02,True,False,,15,2025-10-19 11:06:09
spotify:track:1f1xG9yxV624uLc7m72QLN,1f1xG9yxV624uLc7m72QLN,California Down The Road,Elvis Drew,Lapsus,spotify:album:4YnhUpMBRBxMiKOAf201hZ,GBSMU6706429,1,2024-11-02,2024-11-02,True,False,,15,2025-10-19 11:06:11
spotify:track:1F8gX0BRQCfH34zzHkXmgY,1F8gX0BRQCfH34zzHkXmgY,Jumme Ki Raat,Aaman Trikha,Kick,spotify:album:3BPrQPijFQbmg23BE4XmEj,INS181402016,1,2024-11-03,2024-11-03,True,False,,15,2025-10-19 11:06:37
spotify:track:0TGScsAOiGmfjDtRshCxiz,0TGScsAOiGmfjDtRshCxiz,Rum Whisky,Akshay Verma,Vicky Donor (Original Motion Picture Soundtrack),spotify:album:71DVhsBjMZWwTk18SeQhip,GBSGZ1100025,1,2024-11-03,2024-11-03,True,False,,15,2025-10-19 11:06:40
spotify:track:0MAL4lkJiJgCwGdO0Q264f,0MAL4lkJiJgCwGdO0Q264f,"High Heels Te Nachche (From ""Ki &amp; Ka"") (feat. Jaz Dhami, Aditi Singh Sharma)",Meet Bros.,Yo Yo Honey Singh Is Back,spotify:album:1xXv2wox60JAkIKUl8QwWp,INS181600313,1,2024-11-03,2024-11-03,True,False,,15,2025-10-19 11:06:42
spotify:track:4r5KcqClOrWJupeOZYEbGx,4r5KcqClOrWJupeOZYEbGx,"Dil Cheez Tujhe Dedi (From ""Airlift"")",Ankit Tiwari,Groove With Arijit Singh,spotify:album:7kSY0fqrPep5vcwOb1juye,INS181502127,1,2024-11-03,2024-11-03,True,False,,15,2025-10-19 11:06:44
spotify:track:7JFIDJAi9RoCn0JYavNLRG,7JFIDJAi9RoCn0JYavNLRG,Shut Up & Bounce,Vishal-Shekhar,Dostana (Original Motion Picture Soundtrack),spotify:album:4MzefJUmigFTnjful2wuum,INS170816337,1,2024-11-03,2024-11-03,True,False,,15,2025-10-19 11:06:46
spotify:track:3UwGbGK1pYHt3kXIgc895b,3UwGbGK1pYHt3kXIgc895b,Babli Badmaash,Anu Malik,Babli Badmaash,spotify:album:41AUpeGEOpk2btYQZq4LZi,INS171300218,1,2024-11-03,2024-11-03,True,False,,15,2025-10-19 11:06:58
spotify:track:1CM4rFDU9q4EoLy2K44qE6,1CM4rFDU9q4EoLy2K44qE6,"Naah Goriye (From ""Bala"")",B Praak,Naah Goriye,spotify:album:60qxoftYE2VOmZwIL9N2Cu,INS171903401,1,2024-11-03,2024-11-03,True,False,,15,2025-10-19 11:07:00
spotify:track:7E0A86Yhc0ZyOl6aAPE5wN,7E0A86Yhc0ZyOl6aAPE5wN,"Main Khiladi - From ""Selfiee""",Tanishk Bagchi,Main Khiladi,spotify:album:7MFOyviMDG0SSRDOUbFnki,FR2X42317374,1,2024-11-03,2024-11-03,True,False,,15,2025-10-19 11:07:06
spotify:track:31phvnfUfwzi0nf3dO814j,31phvnfUfwzi0nf3dO814j,Vele,Vishal-Shekhar,Student of the Year (Original Motion Picture Soundtrack),spotify:album:1Q9pYTcpVfz0eJTZZczELy,INS171200645,1,2024-11-03,2024-11-03,True,False,,15,2025-10-19 11:07:08
spotify:track:6riCsiX9csuomBYnenrtGd,6riCsiX9csuomBYnenrtGd,Saadi Galli Aaja,Rochak Kohli,Nautanki Saala !,spotify:album:1QpPhM0ZUV9OX1bfHYMJxV,INS181302177,1,2024-11-03,2024-11-03,True,False,,15,2025-10-19 11:07:29
spotify:track:3JT0mVof65rIHpRZITwRx1,3JT0mVof65rIHpRZITwRx1,Khalibali,Shivam Pathak,Padmaavat,spotify:album:7mZB5aUcjoHfDKSQtDRXrf,INS181800099,1,2024-11-04,2024-11-04,True,False,,15,2025-10-19 11:07:32
spotify:track:37ozVDmL5b6NNVWFYgAlkz,37ozVDmL5b6NNVWFYgAlkz,Come Play (from the series Arcane League of Legends),Stray Kids,Come Play (from the series Arcane League of Legends),spotify:album:6Eb8iWappWpZgkqxDWiIGU,USA2P2459606,2,2024-11-05,2024-11-05,True,False,,15,2025-10-19 11:07:43
spotify:track:2hm3XLbCIF64UMMoeRK4ff,2hm3XLbCIF64UMMoeRK4ff,"Khushfehmiyan (From ""One By Two"")",Shankar-Ehsaan-Loy,"Khushfehmiyan (From ""One By Two"") - Single",spotify:album:10I3jy9BrxAW422IozQzBm,INE182460814,1,2024-11-07,2024-11-07,True,False,,15,2025-10-19 11:08:18
spotify:track:6tEMRNbud21zc0cq086sST,6tEMRNbud21zc0cq086sST,Shor Bhi Pyaar.,Rushil Aswal,Haal Hi Mein,spotify:album:11VIx4Vcj9F6nhu7yXWjeF,QZK6J2384027,3,2025-04-13,2025-08-06,True,False,,16,2025-10-19 11:12:27
spotify:track:2Ul0NiluAcBWG6BJBl40sT,2Ul0NiluAcBWG6BJBl40sT,Tera Chehra,Himesh Reshammiya,Sanam Teri Kasam (Original Motion Picture Soundtrack),spotify:album:4NVJGZt19WsKL78VY7uqV8,GBSGZ1500562,4,2025-04-17,2025-08-06,True,False,,16,2025-10-19 11:12:31
spotify:track:4vHRQnzGcKEtqsLH70tAms,4vHRQnzGcKEtqsLH70tAms,"Raanjhan (From ""Do Patti"")",Sachet-Parampara,"Raanjhan (From ""Do Patti"")",spotify:album:1poClftP5T3zRcqpsxPPfW,INS182402832,18,2025-04-19,2025-09-17,True,False,,16,2025-10-19 11:12:42
spotify:track:0OLse0jIfkOrsmXSKhyD0H,0OLse0jIfkOrsmXSKhyD0H,Jara Jara,Hrishikesh Ranade,Ti Saddhya Kay Karte,spotify:album:17zlsUmt0qJN1XmL2nsRBu,INZ031401936,4,2025-04-20,2025-05-09,True,False,,16,2025-10-19 11:12:44
spotify:track:4HiQt4ehQpZEbNFuVzxfvi,4HiQt4ehQpZEbNFuVzxfvi,Kadhi Tu (From Mumbai Pune Mumbai),Avinash Vishwajeet,Kadhi Tu (From Mumbai Pune Mumbai),spotify:album:2txYxTa8blHsulpYsZtET1,INE151800001,3,2025-04-20,2025-06-20,True,False,,16,2025-10-19 11:12:46
spotify:track:0k5QWosqGysNugr9SkxNOc,0k5QWosqGysNugr9SkxNOc,Sath De Tu Mala,Bela Shende,Mumbai Pune Mumbai 2,spotify:album:2OzhJAXIusvG4PAO3L3ynC,INE151500007,3,2025-04-20,2025-05-09,True,False,,16,2025-10-19 11:12:49
spotify:track:7EAktOQGwDbZt1GkX9cvmt,7EAktOQGwDbZt1GkX9cvmt,Tere Bina - DAYTIMERS Presents: Alterations,A.R. Rahman,Tere Bina,spotify:album:7nhuXdxvdBesnbx76v1nYE,INS172501186,1,2025-04-26,2025-04-26,True,False,,16,2025-10-19 11:13:30
spotify:track:54PRUdMOYzglMGnsg9kIta,54PRUdMOYzglMGnsg9kIta,"Hua Main (From ""ANIMAL"")",Raghav Chaitanya,"Hua Main (From ""ANIMAL"")",spotify:album:1Vkdf3mTQV4RakJBz0HbgT,INS182302918,1,2025-04-27,2025-04-27,True,False,,16,2025-10-19 11:13:41
spotify:track:2YkIDPL5lGhRhomCq4S2RO,2YkIDPL5lGhRhomCq4S2RO,My Way - 2008 Remastered,Frank Sinatra,Nothing But The Best,spotify:album:3i67sGIVw8EBlgfSRv3Lj2,USRH10723041,1,2025-04-28,2025-04-28,True,False,,16,2025-10-19 11:13:44
spotify:track:3uTsiaNxy6h6EAd7MsCf9D,3uTsiaNxy6h6EAd7MsCf9D,this is what forever feels like (with Nick Jonas),JVKE,this is what forever feels like,spotify:album:71fJ7EFsAMMKkfnZMIbtKI,USUG12406390,1,2025-04-28,2025-04-28,True,False,,16,2025-10-19 11:13:57
spotify:track:1r6GbBLdtUK1Vl1IHT14wP,1r6GbBLdtUK1Vl1IHT14wP,"Dekhha Tenu (From ""Mr. And Mrs. Mahi"")",Mohammad Faiz,Mr. And Mrs. Mahi,spotify:album:3PI3er7mHLniPndwdo0mlA,INS172408686,2,2025-04-29,2025-09-03,True,False,,16,2025-10-19 11:14:02
spotify:track:5thVzD79BxlDTYy0LfHzvu,5thVzD79BxlDTYy0LfHzvu,Zaroor,Aparshakti Khurana,Zaroor,spotify:album:62yJN1YiKoDvXSrSdiXC13,INS172408732,2,2025-04-29,2025-08-06,True,False,,16,2025-10-19 11:14:04
spotify:track:2wthG5BIYGo3UXPplvXscX,2wthG5BIYGo3UXPplvXscX,Leja,Lost Stories,Marigold Soundsystem (Deluxe),spotify:album:5k3Z3B3ahxGdxCmCO8kwxX,TCAGU2377643,1,2025-04-29,2025-04-29,True,False,,16,2025-10-19 11:14:07
spotify:track:1BCGF3PckkLOAMyGWK3ByV,1BCGF3PckkLOAMyGWK3ByV,Taaj,Lost Stories,Marigold Soundsystem (Deluxe),spotify:album:5k3Z3B3ahxGdxCmCO8kwxX,TCAGU2377652,1,2025-04-29,2025-04-29,True,False,,16,2025-10-19 11:14:09
spotify:track:5xRr4BDw56B2GC4rRaiVzu,5xRr4BDw56B2GC4rRaiVzu,Saaj Hyo Tuza,Onkarswaroop,Baban,spotify:album:6dnq8ROn2rkfHefRAshAGa,INE151800035,4,2025-04-29,2025-06-20,True,False,,16,2025-10-19 11:14:11
spotify:track:5QAiMoyv78Vz6xe1qKl6bC,5QAiMoyv78Vz6xe1qKl6bC,Radha Rani Lage,Simpal Kharel,Radha Rani Lage,spotify:album:0bzFHxbkRvOLUDBRdYs2ZE,QZWDW2308992,1,2025-04-29,2025-04-29,True,False,,16,2025-10-19 11:14:16
spotify:track:6xVIilLrzhF8wxsNogVe8F,6xVIilLrzhF8wxsNogVe8F,Mausam Ka Jaadu,Lata Mangeshkar,"Baarishein, Chai Aur Romance",spotify:album:42i3fVTqdkjXmIwDozCGEK,INH109437860,1,2025-04-29,2025-04-29,True,False,,16,2025-10-19 11:14:18
spotify:track:50LO5ZgnplGLAwg7SI3g23,50LO5ZgnplGLAwg7SI3g23,Lekar Hum Deewana Dil,Hrutul,Hai Junoon!,spotify:album:7dkecpaAsIDe2nnbO1nZq7,INH102502019,1,2025-04-29,2025-04-29,True,False,,16,2025-10-19 11:14:24
spotify:track:6TDqJsY8JVQaXZErx7cqdX,6TDqJsY8JVQaXZErx7cqdX,Hanjuan De Moti,Gourov Dasgupta,Hai Junoon!,spotify:album:7dkecpaAsIDe2nnbO1nZq7,INH102502020,1,2025-04-29,2025-04-29,True,False,,16,2025-10-19 11:14:27
spotify:track:7IKQBE3Hf84LCvX0yDsoWu,7IKQBE3Hf84LCvX0yDsoWu,Jab Chhaye,Sid Paul,Hai Junoon!,spotify:album:7dkecpaAsIDe2nnbO1nZq7,INH102502021,1,2025-04-29,2025-04-29,True,False,,16,2025-10-19 11:14:29
spotify:track:0fiatfphwGwQ1Oif3rRxA7,0fiatfphwGwQ1Oif3rRxA7,Ubuntu,Mugdha Vaishampain,Ubuntu,spotify:album:7MmzlTPeZEHclWPyT2Y19Y,INZ031402694,1,2025-05-01,2025-05-01,True,False,,16,2025-10-19 11:14:51
spotify:track:7z50dF3d01FMKUv39oKA8u,7z50dF3d01FMKUv39oKA8u,Tu Majhi Kalpana,Swapnil Bandodkar,Bedhund,spotify:album:3JSrRpynKoL4OJPOUKhVma,INS100300018,1,2025-05-07,2025-05-07,True,False,,16,2025-10-19 11:15:00
spotify:track:4lKuVRhrSO9le6tRbgrpKC,4lKuVRhrSO9le6tRbgrpKC,Aadha Ishq,Salim–Sulaiman,Band Baaja Baaraat,spotify:album:7AYweNv9TK4bWe1zP2rcRU,INY091000017,5,2025-05-07,2025-07-11,True,False,,16,2025-10-19 11:15:02
spotify:track:4nriYsKSq1VmiamjZOB4Tp,4nriYsKSq1VmiamjZOB4Tp,"Jaadui (From ""Tu Jhoothi Main Makkaar"")",Pritam,"Jaadui (From ""Tu Jhoothi Main Makkaar"")",spotify:album:5OsAf4SSVDOAxF9FLbp8oF,INS182300618,1,2025-05-08,2025-05-08,True,False,,16,2025-10-19 11:15:11
spotify:track:4Do9JttTPtRvENDAzq8GfQ,4Do9JttTPtRvENDAzq8GfQ,Kurbaan Hua,Salim–Sulaiman,Kurbaan,spotify:album:58C7u5yfSqgUnLNUx7Qfkm,INS170900432,1,2025-05-08,2025-05-08,True,False,,16,2025-10-19 11:15:13
spotify:track:2osgIAUPrTb0xxmGc7zB16,2osgIAUPrTb0xxmGc7zB16,Chaal Turu Turu,Abhijeet Sawant,Chaal Turu Turu,spotify:album:3uzgkwcQ9SgYWlQYD58ZLN,INH102502163,1,2025-05-09,2025-05-09,True,False,,16,2025-10-19 11:15:22
spotify:track:2C2sB8gVQFI3XjBPvAFgkA,2C2sB8gVQFI3XjBPvAFgkA,Dhaga Dhaga,Harshavardhan Wavare,Dagdi Chawl,spotify:album:0oBKaXXCRU6o49y08NAUBY,INE151500004,2,2025-05-09,2025-06-20,True,False,,16,2025-10-19 11:15:27
spotify:track:7FjnFOfObgTCHsfrSVEfQO,7FjnFOfObgTCHsfrSVEfQO,Tola Tola,Amitraj,Tu Hi Re,spotify:album:4gay2e6Pt8tEE9EkGrtJAT,INV271500055,1,2025-05-09,2025-05-09,True,False,,16,2025-10-19 11:15:30
spotify:track:7Gag40MKCO5Wl4dLH2H54a,7Gag40MKCO5Wl4dLH2H54a,Tula Pahata,Hrishikesh Ranade,Mumbai Pune Mumbai 3,spotify:album:0WdZMGCfdQZrCfgRfPgI27,INE151800040,1,2025-05-09,2025-05-09,True,False,,16,2025-10-19 11:15:32
spotify:track:2irD9tIYHuOoXq5uyY1hHb,2irD9tIYHuOoXq5uyY1hHb,Chand Tu Nabhatla,Swapnil Bandodkar,Sandook,spotify:album:4WDFXbif772vaui9Bhp9Kz,INZ031400652,1,2025-05-09,2025-05-09,True,False,,16,2025-10-19 11:15:38
spotify:track:0YaXL2r41FniDfl9ysbWSt,0YaXL2r41FniDfl9ysbWSt,Sakali Uthu,Shreya Ghoshal,Me Vasantrao,spotify:album:0Bx2NVjQ54SFKmhOSCv39Y,FR2X42255482,2,2025-05-13,2025-05-13,True,False,,16,2025-10-19 11:17:14
spotify:track:3Ym7rCrkR4HZi3PXX8FPin,3Ym7rCrkR4HZi3PXX8FPin,Sur Sangat,Anjali Gaikwad,Me Vasantrao,spotify:album:0Bx2NVjQ54SFKmhOSCv39Y,FR2X42255483,2,2025-05-13,2025-05-13,True,False,,16,2025-10-19 11:17:16
spotify:track:33zA3geOmehQNOZAzSQMYi,33zA3geOmehQNOZAzSQMYi,Kaivalya Gaan,Rahul Deshpande,Me Vasantrao,spotify:album:0Bx2NVjQ54SFKmhOSCv39Y,FR2X42255484,2,2025-05-13,2025-05-14,True,False,,16,2025-10-19 11:17:19
spotify:track:4amo1C9P5F35ij8L3JRSIC,4amo1C9P5F35ij8L3JRSIC,Vitthala Darshan Deun Jaa,Rahul Deshpande,Me Vasantrao,spotify:album:0Bx2NVjQ54SFKmhOSCv39Y,FR2X42255485,2,2025-05-14,2025-05-15,True,False,,16,2025-10-19 11:17:25
spotify:track:2wJ9d1Gfj8OqcznPAroqvh,2wJ9d1Gfj8OqcznPAroqvh,Lo Maan Liya,Arijit Singh,Raaz Reboot,spotify:album:3I2A5pZmsWxTZqGpGnxdAf,INS181601362,3,2025-05-15,2025-06-21,True,False,,16,2025-10-19 11:17:27
spotify:track:5GJ3WaxTSlxDY3csctX20H,5GJ3WaxTSlxDY3csctX20H,Bewajah,Himesh Reshammiya,Sanam Teri Kasam (Original Motion Picture Soundtrack),spotify:album:2yYfIOq25JQWvUQ9AR172D,GBSGZ1500561,2,2025-05-15,2025-06-21,True,False,,16,2025-10-19 11:17:29
spotify:track:6dm42juBxVr2MGkBmEmNDv,6dm42juBxVr2MGkBmEmNDv,"Tu Saath Hai Toh (From ""Master Of Melody"")",Mithoon,"Tu Saath Hai Toh (From ""Master Of Melody"")",spotify:album:0SKNPTj7PLsxpSBiIAltQH,INS182501771,1,2025-05-15,2025-05-15,True,False,,16,2025-10-19 11:17:32
spotify:track:4DwVCjFTWdqyC3Bx4oGtYs,4DwVCjFTWdqyC3Bx4oGtYs,"Tumhe Dillagi (From ""Raid 2"")",Jubin Nautiyal,"Tumhe Dillagi (From ""Raid 2"")",spotify:album:3X1UUREoq3TCVyLnAugycR,INS182501610,1,2025-05-15,2025-05-15,True,False,,16,2025-10-19 11:17:35
spotify:track:5FDVyL6VahLO3B4T7xRYD9,5FDVyL6VahLO3B4T7xRYD9,Qatal,Guru Randhawa,WITHOUT PREJUDICE,spotify:album:1wspMsQ2eMXqo5gs6vEHzi,INW262501834,2,2025-05-15,2025-07-25,True,False,,16,2025-10-19 11:17:37
spotify:track:2PvaburAUlhNHxVhw5lvOq,2PvaburAUlhNHxVhw5lvOq,"Humdard (From ""Ek Villain"")",Arijit Singh,Ultimate Love Songs - Arijit Singh,spotify:album:1WwkojG9sjMSrFVz4D51W0,INS181401039,3,2025-05-16,2025-08-07,True,False,,16,2025-10-19 11:17:39
spotify:track:3BAmJqcRP0Mf11YAungMFq,3BAmJqcRP0Mf11YAungMFq,Main Heer Teri,Zanai Bhosle,Main Heer Teri,spotify:album:4vtES0Tr90HiRlgdXmeMY7,QM6N22517529,1,2025-05-16,2025-05-16,True,False,,16,2025-10-19 11:17:46
spotify:track:17YNmMy03QLPirmBzWxFa6,17YNmMy03QLPirmBzWxFa6,(dream),salvia palth,melanchole,spotify:album:10WzRaNWnFUQNrW2FpqQSQ,GBSMU1456125,7,2025-05-17,2025-10-07,True,False,,16,2025-10-19 11:17:48
spotify:track:6IaSUc4wx1rzo8lGs4KOot,6IaSUc4wx1rzo8lGs4KOot,School Rooftop - Slowed Down Version,Hisohkah,School Rooftop (Slowed Down Version),spotify:album:7irimAHIFr7vcR2IoJmOgZ,USA2P2045297,6,2025-05-17,2025-10-07,True,False,,16,2025-10-19 11:18:02
spotify:track:1paUZGIeMdtqYMnBI1LoFI,1paUZGIeMdtqYMnBI1LoFI,2 Scorpios,Ana Shine,2 Scorpios,spotify:album:0efPABbFOBzUBHCj7f06zv,QT3EY2481053,4,2025-05-17,2025-10-07,True,False,,16,2025-10-19 11:18:04
spotify:track:3Q1wOifYl7kpB3fE1vI9Ti,3Q1wOifYl7kpB3fE1vI9Ti,Truth or Dare,Ana Shine,Truth or Dare,spotify:album:5HhqEBDt6bJ1EPEGhZseG3,QZPEW2595616,4,2025-05-17,2025-06-11,True,False,,16,2025-10-19 11:18:18
spotify:track:5lm18pjbwdth6ENVllxjfl,5lm18pjbwdth6ENVllxjfl,Ballerina,Yehezkel Raz,"Preludes, Book 1 - Streams",spotify:album:1oMUAeEeA32eaJOhrlbM1a,IL6651901088,1,2025-05-17,2025-05-17,True,False,,16,2025-10-19 11:18:23
spotify:track:707BRCe5feUySwv7141QeA,707BRCe5feUySwv7141QeA,New Home,Austin Farwell,New Home,spotify:album:7udCFvvaTpsOjlfEYOs5wj,TCAFO2153126,1,2025-05-17,2025-05-17,True,False,,16,2025-10-19 11:18:46
spotify:track:0X4YYZtZcvqNqYIpMd93IT,0X4YYZtZcvqNqYIpMd93IT,i was only temporary,my head is empty,i was only temporary,spotify:album:24tfAQTRqLfKw5bFjMhc4m,QMANG2200401,1,2025-05-17,2025-05-17,True,False,,16,2025-10-19 11:18:53
spotify:track:30CgtrfdkkhT2U1zbK4OKn,30CgtrfdkkhT2U1zbK4OKn,Lonewalking,mininova,Lonewalking,spotify:album:2wd0Yajm2aZnG3uAYStKXz,NLT2H2301125,1,2025-05-22,2025-05-22,True,False,,16,2025-10-19 11:33:35
spotify:track:7rN8k2aI5OmLWMxXVD3VzP,7rN8k2aI5OmLWMxXVD3VzP,Strangers,Peaceful Melody,Strangers,spotify:album:6FG36OzCS7uliuAGGgFUku,NLT2H2401396,1,2025-05-22,2025-05-22,True,False,,16,2025-10-19 11:33:38
spotify:track:07fTxMoFSuuWZw0WqlAgit,07fTxMoFSuuWZw0WqlAgit,Ode to Vivian,Patrick Watson,Better in the Shade,spotify:album:5pqp7kVrEXyccnayeSFBCX,CA0RZ2200033,1,2025-05-24,2025-05-24,True,False,,16,2025-10-19 11:33:47
spotify:track:4M6CGErPaHO1z0vTOd4KMv,4M6CGErPaHO1z0vTOd4KMv,Wake Up Sid!,Shankar-Ehsaan-Loy,Wake Up Sid (Original Motion Picture Soundtrack),spotify:album:7nFj0QIMz081q7e8kQvW93,INS170900325,1,2025-05-24,2025-05-24,True,False,,16,2025-10-19 11:34:27
spotify:track:5pAo2q7eVt65OSkwYgqhHl,5pAo2q7eVt65OSkwYgqhHl,Daaru Desi,Benny Dayal,Cocktail (Original Motion Picture Soundtrack),spotify:album:1y5h6GBXEgFjBDHThikj1w,GBSGZ1200009,1,2025-05-25,2025-05-25,True,False,,16,2025-10-19 11:34:33
spotify:track:3SDgHr72dJmr27JRvFUBZU,3SDgHr72dJmr27JRvFUBZU,Chandra,Ajay-Atul,Chandramukhi,spotify:album:5R413h4nX1riddyX3fzhAD,INE152200007,1,2025-05-25,2025-05-25,True,False,,16,2025-10-19 11:34:35
spotify:track:0MTdYgTZ25sLCO6kVnDoje,0MTdYgTZ25sLCO6kVnDoje,"Aasa Kooda - From ""Think Indie""",Sai Abhyankkar,Aasa Kooda,spotify:album:4AGLzJHGevDOnuHsQ0gxO5,INT202404685,1,2025-05-25,2025-05-25,True,False,,16,2025-10-19 11:34:37
spotify:track:5Ieg7Em16PE95vWoy0xZMv,5Ieg7Em16PE95vWoy0xZMv,Awakened Mind,Brainy,Gamma Waves,spotify:album:2Bw1CUn8uJQUd9C1giqwLV,NL2J92504907,22,2025-05-31,2025-09-24,True,False,,16,2025-10-19 11:35:13
spotify:track:1rKQvG3us6yWYYrFqSJbP5,1rKQvG3us6yWYYrFqSJbP5,40 Hz Brain Waves,Brainy,40 Hz Gamma,spotify:album:7Lk1HJKPdrOvvr49gnmsxo,NL9KQ2443351,19,2025-05-31,2025-09-24,True,False,,16,2025-10-19 11:35:15
spotify:track:2V370S09OCCjPhKF6AAEHP,2V370S09OCCjPhKF6AAEHP,12 Hz High Level Cognition,Brainy,Alpha Waves,spotify:album:2uim4hum2qABFyGoVcGcwC,NL9KQ2443585,16,2025-05-31,2025-09-24,True,False,,16,2025-10-19 11:35:21
spotify:track:0dSLxfQsy66jSELbCHMY6l,0dSLxfQsy66jSELbCHMY6l,Clear Mind,Brainy,Deep Work,spotify:album:47K7qNQQZnV7apUOMQ8Uc6,GBKQU2419889,14,2025-06-01,2025-09-24,True,False,,16,2025-10-19 11:35:34
spotify:track:5TxAuACV81GtsqZ567cc91,5TxAuACV81GtsqZ567cc91,Active Recall,Brainy,Memorization,spotify:album:22qS9I3h9Lw29WIY3m0Tx6,GBLV62420577,13,2025-06-01,2025-09-24,True,False,,16,2025-10-19 11:35:36
spotify:track:3UD64qXQAHoz4tInoGneeT,3UD64qXQAHoz4tInoGneeT,Neural Spark,Brainy,Gamma Waves,spotify:album:2Bw1CUn8uJQUd9C1giqwLV,NL2J92504909,14,2025-06-01,2025-09-24,True,False,,16,2025-10-19 11:35:39
spotify:track:2Xcm3E3yXGyEeELnH6Bc3V,2Xcm3E3yXGyEeELnH6Bc3V,Mind Enhancement,Brainy,Brain Waves,spotify:album:0P36R9GOqxVLe9DHerll3G,CAQOI2413252,13,2025-06-01,2025-09-24,True,False,,16,2025-10-19 11:35:41
spotify:track:2SxyHBfFeFMqfbKuCPIDHg,2SxyHBfFeFMqfbKuCPIDHg,Deep Working,Brainy,Clarity,spotify:album:1ZkX8LS5X1iXzKL74AH0eo,QZ5FN2422669,14,2025-06-01,2025-09-24,True,False,,16,2025-10-19 11:35:44
spotify:track:5Jv8nBJgDXipxRivrvqc8h,5Jv8nBJgDXipxRivrvqc8h,40 Hz Creativity,Brainy,40 Hz Gamma,spotify:album:7Lk1HJKPdrOvvr49gnmsxo,NL9KQ2443350,12,2025-06-01,2025-09-24,True,False,,16,2025-10-19 11:35:50
spotify:track:03M3hskbWMoBsYjbylTItn,03M3hskbWMoBsYjbylTItn,12 Hz Problem Solving,Brainy,Alpha Waves,spotify:album:2uim4hum2qABFyGoVcGcwC,NL9KQ2443586,12,2025-06-01,2025-09-24,True,False,,16,2025-10-19 11:35:52
spotify:track:3tY5soV64ogDUvp5Q0PQ2Z,3tY5soV64ogDUvp5Q0PQ2Z,Memorization,Brainy,Memorization,spotify:album:22qS9I3h9Lw29WIY3m0Tx6,GBLV62420574,9,2025-06-01,2025-09-24,True,False,,16,2025-10-19 11:36:02
spotify:track:4OuCLfIbcfci1Lw2YbeycH,4OuCLfIbcfci1Lw2YbeycH,Progress,Brainy,Cognition,spotify:album:7JTZYCyZUU5G3HU3xytki0,QZ5FN2422681,8,2025-06-01,2025-09-24,True,False,,16,2025-10-19 11:36:12
spotify:track:04uAaTE5mouHAXuc8ZGQ28,04uAaTE5mouHAXuc8ZGQ28,Creative Flow,Brainy,Theta Waves,spotify:album:68dLIxbLXUaUo03owOkxKf,CAQOI2410385,8,2025-06-01,2025-09-24,True,False,,16,2025-10-19 11:36:14
spotify:track:1IpO9ftoOIJsrpzUfJ2go8,1IpO9ftoOIJsrpzUfJ2go8,8 Hz Alpha Frequency,Brainy,Alpha Waves,spotify:album:2uim4hum2qABFyGoVcGcwC,NL9KQ2443587,6,2025-06-01,2025-06-13,True,False,,16,2025-10-19 11:36:34
spotify:track:4tLBFN7TqcnvOqQSAJttD9,4tLBFN7TqcnvOqQSAJttD9,You've Got This,Brainy,Memory,spotify:album:5Zj80EmOeChxttM1G8Y6au,GBKQU2402343,6,2025-06-01,2025-06-13,True,False,,16,2025-10-19 11:36:36
spotify:track:4Ltkr98PyFCUzf3hujCdcb,4Ltkr98PyFCUzf3hujCdcb,Focus Fuel,Brainy,Brain Waves,spotify:album:0P36R9GOqxVLe9DHerll3G,CAQOI2413253,6,2025-06-01,2025-06-13,True,False,,16,2025-10-19 11:36:38
spotify:track:35sfKcZR1PDMYvnJPypCr8,35sfKcZR1PDMYvnJPypCr8,40 Hz Gamma,Brainy,40 Hz Gamma,spotify:album:7Lk1HJKPdrOvvr49gnmsxo,NL9KQ2443348,6,2025-06-01,2025-06-13,True,False,,16,2025-10-19 11:36:44
spotify:track:4ZXUHMIKz7VyALNqTya1LG,4ZXUHMIKz7VyALNqTya1LG,8 Hz Mental Boost,Brainy,Alpha Waves,spotify:album:2uim4hum2qABFyGoVcGcwC,NL9KQ2443588,6,2025-06-01,2025-06-13,True,False,,16,2025-10-19 11:36:46
spotify:track:3fGpWwQ6TQMlCUb13JIIrW,3fGpWwQ6TQMlCUb13JIIrW,Getting Into It,Brainy,Memory,spotify:album:5Zj80EmOeChxttM1G8Y6au,GBKQU2402345,6,2025-06-01,2025-06-13,True,False,,16,2025-10-19 11:36:52
spotify:track:0SYpkOEiq2pmJXlMxuJo4i,0SYpkOEiq2pmJXlMxuJo4i,Neural Network,Brainy,Deep Thinking,spotify:album:7ziceI3FmdYUIkxXBBWpT9,GBKQU2402365,6,2025-06-01,2025-06-13,True,False,,16,2025-10-19 11:36:59
spotify:track:54VXe8S8GLODU9uzaTKSdz,54VXe8S8GLODU9uzaTKSdz,Accelerated Learning,Brainy,Intellect,spotify:album:2Okp2WYEu8FpCOJKRHxMYj,QZ5FN2422655,7,2025-06-01,2025-06-13,True,False,,16,2025-10-19 11:37:05
spotify:track:676PS8qp1LoNpI9kU8qlbW,676PS8qp1LoNpI9kU8qlbW,40 Hz Focus,Brainy,40 Hz Gamma,spotify:album:7Lk1HJKPdrOvvr49gnmsxo,NL9KQ2443349,6,2025-06-01,2025-06-13,True,False,,16,2025-10-19 11:37:14
spotify:track:7pgqoe5BABucm8wyaP0EeI,7pgqoe5BABucm8wyaP0EeI,Deep Theta,Brainy,Hyper Focus,spotify:album:56w4YapDm3xsMfTiRy99g4,NL9KQ2441950,6,2025-06-01,2025-06-13,True,False,,16,2025-10-19 11:37:16
spotify:track:7hPcLnDL7Vb3eSVAsBOFhN,7hPcLnDL7Vb3eSVAsBOFhN,Adrenaline,Brainy,Deep Thinking,spotify:album:7ziceI3FmdYUIkxXBBWpT9,GBKQU2402363,6,2025-06-01,2025-06-13,True,False,,16,2025-10-19 11:37:19
spotify:track:0fwhxgk4h7OdWuKMFYA2rZ,0fwhxgk4h7OdWuKMFYA2rZ,Power Waves,Brainy,Brain Power,spotify:album:0PM3XtigHDaPFy4WKqMEwl,GBKQU2402826,6,2025-06-01,2025-06-13,True,False,,16,2025-10-19 11:37:21
spotify:track:6m5h70i2No4eOlhbTgW9m0,6m5h70i2No4eOlhbTgW9m0,Study Space,Brainy,Hyper Focus,spotify:album:56w4YapDm3xsMfTiRy99g4,NL9KQ2441952,5,2025-06-01,2025-06-07,True,False,,16,2025-10-19 11:37:23
spotify:track:7klOnG0cONo7xYWLzIcbzj,7klOnG0cONo7xYWLzIcbzj,Active Mind,Brainy,Gamma Waves,spotify:album:2Bw1CUn8uJQUd9C1giqwLV,NL2J92504908,4,2025-06-01,2025-06-07,True,False,,16,2025-10-19 11:37:42
spotify:track:7votSIQNdLke8po0969z38,7votSIQNdLke8po0969z38,Spatial Sequence,Brainy,Cognition,spotify:album:7JTZYCyZUU5G3HU3xytki0,QZ5FN2422678,4,2025-06-01,2025-06-07,True,False,,16,2025-10-19 11:37:44
spotify:track:41aPm83E4RLfiPcQsQouA4,41aPm83E4RLfiPcQsQouA4,Deep Thinking,Brainy,Deep Thinking,spotify:album:7ziceI3FmdYUIkxXBBWpT9,GBKQU2402362,4,2025-06-01,2025-06-07,True,False,,16,2025-10-19 11:37:46
spotify:track:4XenAKzVD0hOH36JutkP2M,4XenAKzVD0hOH36JutkP2M,Quiet Zone,Brainy,Deep Work,spotify:album:47K7qNQQZnV7apUOMQ8Uc6,GBKQU2419890,4,2025-06-01,2025-06-07,True,False,,16,2025-10-19 11:37:56
spotify:track:3Aq04G4jEVMWKgTNIolqVy,3Aq04G4jEVMWKgTNIolqVy,Pomodoro Technique,Brainy,Memorization,spotify:album:22qS9I3h9Lw29WIY3m0Tx6,GBLV62420576,4,2025-06-01,2025-06-07,True,False,,16,2025-10-19 11:37:58
spotify:track:4H2LvrEg3gkRuIfZOZHG7x,4H2LvrEg3gkRuIfZOZHG7x,Let Go Of Overthinking,Brainy,Thinking,spotify:album:5TSu9s6WqyozuirVCGGmSw,QZ5FN2422665,4,2025-06-01,2025-06-07,True,False,,16,2025-10-19 11:38:00
spotify:track:348T2tkqFnDlTKznZ9SHwb,348T2tkqFnDlTKznZ9SHwb,Limitless Focus,Brainy,Hyper Focus,spotify:album:56w4YapDm3xsMfTiRy99g4,NL9KQ2441953,4,2025-06-01,2025-06-07,True,False,,16,2025-10-19 11:38:06
spotify:track:5sDhRH5Umgcs0ChHL8A37q,5sDhRH5Umgcs0ChHL8A37q,Creativity Boost,Brainy,Brain Power,spotify:album:0PM3XtigHDaPFy4WKqMEwl,GBKQU2402823,4,2025-06-01,2025-06-07,True,False,,16,2025-10-19 11:38:08
spotify:track:62QtyuvIN1UnTLH7UDm8t9,62QtyuvIN1UnTLH7UDm8t9,Kaanton Ka Taj,Ramil Ganjoo,Kaanton Ka Taj,spotify:album:0crmMbnnVBSGwSSnSOWpsS,QM6P42598116,1,2025-06-02,2025-06-02,True,False,,16,2025-10-19 11:38:27
spotify:track:3qGVdVSfTPJ6bPYUAt0PP4,3qGVdVSfTPJ6bPYUAt0PP4,Alpha Flow,Brainy,Brain Power,spotify:album:0PM3XtigHDaPFy4WKqMEwl,GBKQU2402822,3,2025-06-02,2025-06-07,True,False,,16,2025-10-19 11:38:30
spotify:track:7uKUoCnTYNdeyYoDxgIgzm,7uKUoCnTYNdeyYoDxgIgzm,Setting In Motion,Brainy,Deep Focus,spotify:album:6Hbi0Lrc5cGXt0c5wzcrlS,GBKQU2402348,3,2025-06-02,2025-06-07,True,False,,16,2025-10-19 11:38:48
spotify:track:54NE68p9jjgkUMlYv31ZBW,54NE68p9jjgkUMlYv31ZBW,Creative Thinking,Brainy,Thinking,spotify:album:5TSu9s6WqyozuirVCGGmSw,QZ5FN2422659,3,2025-06-02,2025-06-07,True,False,,16,2025-10-19 11:38:50
spotify:track:5TDXpG5SdmZHXBXiEA1Ddh,5TDXpG5SdmZHXBXiEA1Ddh,Productivity,Brainy,Cognition,spotify:album:7JTZYCyZUU5G3HU3xytki0,QZ5FN2422677,3,2025-06-02,2025-06-07,True,False,,16,2025-10-19 11:38:52
spotify:track:55CPoL8gBTzpckP6QLoR0I,55CPoL8gBTzpckP6QLoR0I,Your Eyes,Joey Pecoraro,Little Pear,spotify:album:0qLbDC62Vx1MUqfABRFd22,TCACH1586486,1,2025-06-05,2025-06-05,True,False,,16,2025-10-19 11:39:04
spotify:track:1hwX5UMu9aUV44INM8GdPv,1hwX5UMu9aUV44INM8GdPv,retire (final),Alvedon,hurry up mixtape,spotify:album:3fCTiizAiiH3S9cBn5Gad6,QZK6J2131668,1,2025-06-06,2025-06-06,True,False,,16,2025-10-19 11:39:19
spotify:track:1aY9jprCwAISYDrdXj9JYo,1aY9jprCwAISYDrdXj9JYo,Aaj Kal Zindagi,Shankar-Ehsaan-Loy,Wake Up Sid (Original Motion Picture Soundtrack),spotify:album:7nFj0QIMz081q7e8kQvW93,INS170900328,2,2025-06-10,2025-06-10,True,False,,16,2025-10-19 11:40:22
spotify:track:5zcfnScTSFGCHGY1yeXWke,5zcfnScTSFGCHGY1yeXWke,Ishq Sufiyana (Male),Vishal-Shekhar,The Dirty Picture,spotify:album:2u6skpG85FhJuV5AGvvSAO,INS181103852,1,2025-06-12,2025-06-12,True,False,,16,2025-10-19 11:40:30
spotify:track:4mfxg4RzHqBAmIaXy9iYxJ,4mfxg4RzHqBAmIaXy9iYxJ,Radhadhar Madhu Milind,Rahul Deshpande,Me Vasantrao,spotify:album:0Bx2NVjQ54SFKmhOSCv39Y,FR2X42255489,1,2025-06-13,2025-06-13,True,False,,16,2025-10-19 11:40:38
spotify:track:7jYLBkF8AX9uCEnycG05iF,7jYLBkF8AX9uCEnycG05iF,"Hey Sharade - From ""Phullwanti""",Rahul Deshpande,Hey Sharade,spotify:album:2aipeiRXTLdZ7uIBTFddT1,INP912420039,2,2025-06-13,2025-06-20,True,False,,16,2025-10-19 11:40:40
spotify:track:7dHC6LNFDnOSDnaBUptpQi,7dHC6LNFDnOSDnaBUptpQi,Shriranga Vitthala,Sarang Kulkarni,Shriranga Vitthala,spotify:album:6ZTq6KSbKCgwLEJxJ96ipg,QZK6F2215567,1,2025-06-13,2025-06-13,True,False,,16,2025-10-19 11:40:43
spotify:track:1zVzRVqonDIRvISsl6STFD,1zVzRVqonDIRvISsl6STFD,Vitthala Shappath,Rahul Deshpande,Vitthala Shappath,spotify:album:6ag1y8dUe8pkvM93u2vth7,INV271700018,2,2025-06-13,2025-06-20,True,False,,16,2025-10-19 11:40:45
spotify:track:04jBHSXvJADwL6icsLj88s,04jBHSXvJADwL6icsLj88s,"Vandan Ho (From ""Sangeet Manapmaan"")",Shankar Mahadevan,"Vandan Ho (From ""Sangeet Manapmaan"")",spotify:album:6jVJxQQauRSzlOdKy9ry04,INH102413626,1,2025-06-13,2025-06-13,True,False,,16,2025-10-19 11:40:48
spotify:track:5TiQkzO4CpY4SoUQSRdTzg,5TiQkzO4CpY4SoUQSRdTzg,Goad Tuze Naam,Rahul Deshpande,Goad Tuze Naam,spotify:album:6uJ4Gya69ZPn6eusdr9f0d,INT132102478,1,2025-06-13,2025-06-13,True,False,,16,2025-10-19 11:40:50
spotify:track:2F5IqHVyzaEbnKiKQvfAFT,2F5IqHVyzaEbnKiKQvfAFT,Ram Aayenge,Payal Dev,Ram Aayenge,spotify:album:2vzDN5UDzbXRRe2ZHT7qJq,INS182303212,1,2025-06-14,2025-06-14,True,False,,16,2025-10-19 11:40:56
spotify:track:3dpM3ijJz0vGzbkh5DcMXz,3dpM3ijJz0vGzbkh5DcMXz,"Naseeb Se (From ""Satyaprem Ki Katha"")",Payal Dev,"Naseeb Se (From ""Satyaprem Ki Katha"")",spotify:album:0wjqUAQ7YkdRqTcDjzkepU,INS182301549,1,2025-06-14,2025-06-14,True,False,,16,2025-10-19 11:41:01
spotify:track:6Q2eTo6myxIXfn4krkNYzT,6Q2eTo6myxIXfn4krkNYzT,Sukh Kalale,Ajay-Atul,Ved (Original Motion Picture Soundtrack),spotify:album:5Zs7pmwTEUYubRl75dvoSR,INW262201281,1,2025-06-15,2025-06-15,True,False,,16,2025-10-19 11:41:04
spotify:track:1ZC4o0GChTTxWFIobAOaO4,1ZC4o0GChTTxWFIobAOaO4,Baharla Ha Madhumas,Ajay-Atul,Maharashtra Shaheer,spotify:album:0W9oo4CqEIdPmyeD0v7Un1,INE152300005,1,2025-06-15,2025-06-15,True,False,,16,2025-10-19 11:41:07
spotify:track:6A42bhG0l7DFsPo9P5WhfN,6A42bhG0l7DFsPo9P5WhfN,Mehbooba,Preet Bandre,Mehbooba,spotify:album:6KuNL1XItbm8ctb5UGyAz1,INH412216533,1,2025-06-15,2025-06-15,True,False,,16,2025-10-19 11:41:09
spotify:track:0ER5hjRPweXkrohnz9wWu9,0ER5hjRPweXkrohnz9wWu9,Dimple - Rap,Sanju Rathod,Dimple,spotify:album:0g1IrE21gS9JuicBVezQCO,FR10S2228363,1,2025-06-15,2025-06-15,True,False,,16,2025-10-19 11:41:12
spotify:track:2A4mCheavqHDE2FkSEmfVG,2A4mCheavqHDE2FkSEmfVG,Bappa Wala Gana 2,Sanju Rathod,Bappa Wala Gana 2,spotify:album:3P79mYUAyzy6atD3xcbIWB,FRS182122674,1,2025-06-15,2025-06-15,True,False,,16,2025-10-19 11:41:14
spotify:track:0dmSiiKGHDZoWawztQmZlJ,0dmSiiKGHDZoWawztQmZlJ,Maai Bappa Vithala,Ajay Gogavale,Maai Bappa Vithala,spotify:album:1ULMYMgGGLJlJetW8NQK54,INV272100015,2,2025-06-15,2025-06-20,True,False,,16,2025-10-19 11:41:16
spotify:track:4Cv8UaSA8aQrBdiYO6MxgV,4Cv8UaSA8aQrBdiYO6MxgV,Main Hoon Hero Tera (Salman Khan Version),Salman Khan,Hero,spotify:album:7Ej3CO7qrOBPXGvXZA10Fl,INS181501272,2,2025-06-16,2025-06-21,True,False,,16,2025-10-19 11:41:18
spotify:track:6p358EIjLEoDZI5vu99k6N,6p358EIjLEoDZI5vu99k6N,Tera Naam Doon,Atif Aslam,Entertainment,spotify:album:5L7KzcZbgXtSBBHLvJ0wXf,INT101401540,1,2025-06-16,2025-06-16,True,False,,16,2025-10-19 11:41:24
spotify:track:3zqFsowz5iGbYIxZW5KlKw,3zqFsowz5iGbYIxZW5KlKw,"Tera Hua (From ""Loveyatri"")",Atif Aslam,"Tera Hua (From ""Loveyatri"")",spotify:album:2wW7TgUWBEPYjZrMRnLp1S,INS181801976,2,2025-06-16,2025-06-16,True,False,,16,2025-10-19 11:41:26
spotify:track:4WMHDpmfuLwM2Ty8KQXZjN,4WMHDpmfuLwM2Ty8KQXZjN,"Sawan Aaya Hai (From ""Creature 3D"")",Arijit Singh,Love Forever With Arijit Singh,spotify:album:5Wm1nhxZqx7i0Hp6ZBqe9T,INS181401653,1,2025-06-16,2025-06-16,True,False,,16,2025-10-19 11:41:28
spotify:track:6nShhhR1LYiOOoheS3xQBL,6nShhhR1LYiOOoheS3xQBL,Ka Kalena (From Mumbai Pune Mumbai),Avinash Vishwajeet,Ka Kalena (From Mumbai Pune Mumbai),spotify:album:15nWbofOEcsMEecds2HHjc,INE151800002,1,2025-06-21,2025-06-21,True,False,,16,2025-10-19 11:41:49
spotify:track:3diSxgK7bRIZzqu5IqFgd1,3diSxgK7bRIZzqu5IqFgd1,Burning Down (with Joe Jonas),Alex Warren,Burning Down (with Joe Jonas),spotify:album:5sT7X6SG6Vc4jc68TbZKEp,USAT22410646,1,2025-06-21,2025-06-21,True,False,,16,2025-10-19 11:42:21
spotify:track:2OOgUANSyuvxECeaa0thlk,2OOgUANSyuvxECeaa0thlk,Kannadi Koodum Kootti - Recreated Version,Sanah Moidutty,Kannadi Koodum Kootti,spotify:album:6pulau4prOcinsPIBDXUyB,INS322005288,2,2025-06-23,2025-06-26,True,False,,16,2025-10-19 11:42:29
spotify:track:1r5vcVkV5zZeCC77KmwF7S,1r5vcVkV5zZeCC77KmwF7S,Kase Sartil Saye,Sandeep Khare,Diwas Ase Ki,spotify:album:4PKYPlaUd4l6kQWwv1Qi88,FR6V82299347,23,2025-06-28,2025-08-13,True,False,,16,2025-10-19 11:42:36
spotify:track:2pCAZ4SgZogNULflxh1Zu8,2pCAZ4SgZogNULflxh1Zu8,Vadalvat,Devaki Pandit,Zee Marathi Show Title Songs,spotify:album:1CaIXx28sbknNcmZgZpc4V,INZ031415898,18,2025-06-29,2025-08-13,True,False,,16,2025-10-19 11:43:05
spotify:track:2TYxwTH2HhL6OLVkZlsDLV,2TYxwTH2HhL6OLVkZlsDLV,"Jugraafiya - From ""Super 30""",Udit Narayan,Jugraafiya,spotify:album:3D4OuBfCaBO8FnY5RiZVIj,INZ031405716,29,2025-06-30,2025-08-03,True,False,,16,2025-10-19 11:43:08
spotify:track:1PALLCSlHwAI4upY3sMg8u,1PALLCSlHwAI4upY3sMg8u,"Jaana Samjho Na (From ""Bhool Bhulaiyaa 3"")",Aditya Rikhari,"Jaana Samjho Na (From ""Bhool Bhulaiyaa 3"")",spotify:album:02dVq1hK3asFuUjL0ulsGu,INS182403049,1,2025-07-01,2025-07-01,True,False,,16,2025-10-19 11:43:10
spotify:track:7FobMWXUnLYsXLYCrHcpPA,7FobMWXUnLYsXLYCrHcpPA,Man Talyat Malyat,Shailesh Ranade,Diwas Ase Ki,spotify:album:4PKYPlaUd4l6kQWwv1Qi88,FR6V82299350,11,2025-07-02,2025-08-03,True,False,,16,2025-10-19 11:43:12
spotify:track:7sjyAVgjRyU1N5rF2GmnMG,7sjyAVgjRyU1N5rF2GmnMG,Sairbhar Jhala Sara Wara,Shailesh Ranade,Diwas Ase Ki,spotify:album:4PKYPlaUd4l6kQWwv1Qi88,FR6V82299351,1,2025-07-02,2025-07-02,True,False,,16,2025-10-19 11:43:14
spotify:track:4K4836MBKz8UxfXD1qT6Wp,4K4836MBKz8UxfXD1qT6Wp,Sariwar Sar,Sandeep Khare,Diwas Ase Ki,spotify:album:4PKYPlaUd4l6kQWwv1Qi88,FR6V82299352,2,2025-07-02,2025-07-02,True,False,,16,2025-10-19 11:43:17
spotify:track:2RGpXG34QyFhJRbvlnE7Ru,2RGpXG34QyFhJRbvlnE7Ru,Atasha Ase He,Sandeep Khare,Ayushyawar Bolu Kahi,spotify:album:6fC5WEUP4cP3dCzEqA9Id4,FR6V82322232,1,2025-07-02,2025-07-02,True,False,,16,2025-10-19 11:43:19
spotify:track:0qBMOpIGkX0J6MiKWtVGx6,0qBMOpIGkX0J6MiKWtVGx6,Paus Asa Runjhunta,Sandeep Khare,Sang Sakhya Re,spotify:album:0Yc9wNQ0cLnv6UnA44kk1m,FR6V82335723,1,2025-07-02,2025-07-02,True,False,,16,2025-10-19 11:43:22
spotify:track:37VrcncHcD0r4eFGmOpwh3,37VrcncHcD0r4eFGmOpwh3,Nako Karu Sakhi Aasa,Salil Kulkarni,Kshana Amrutacha,spotify:album:6INehjrO5neblsEv76IGH3,INT131311717,1,2025-07-02,2025-07-02,True,False,,16,2025-10-19 11:43:24
spotify:track:1tSyl9r9o9BJBdFTaYRpte,1tSyl9r9o9BJBdFTaYRpte,Devaa Malaa Roj Ek,Sandeep Khare,Tula Shikwin Chaanglach Dhada,spotify:album:3EI3F668llGX224O7NvUwY,INV280800006,1,2025-07-02,2025-07-02,True,False,,16,2025-10-19 11:43:26
spotify:track:5fpo6pcMO5BTBO3W5kY7QL,5fpo6pcMO5BTBO3W5kY7QL,Chaal Jara Halu Halu,Salil Kulkarni,Tula Shikwin Chaanglach Dhada,spotify:album:3EI3F668llGX224O7NvUwY,INV280800007,1,2025-07-02,2025-07-02,True,False,,16,2025-10-19 11:43:28
spotify:track:76ec1a1bkFfOqoVf6e7nae,76ec1a1bkFfOqoVf6e7nae,"Zamaana Lage (From ""Metro ... In Dino"")",Pritam,"Zamaana Lage (From ""Metro ... In Dino"")",spotify:album:7BpW3kwzoeLX4RFWJVvjGx,INS182502127,5,2025-07-10,2025-07-17,True,False,,16,2025-10-19 11:43:59
spotify:track:2qsRgCwlHn0uOE2GQqwJ9G,2qsRgCwlHn0uOE2GQqwJ9G,"Blue Room - From the MGM Picture ""Words and Music""",Perry Como,Today & Yesterday,spotify:album:4Nep2l1Vtq1RE4B6Q4CaKM,USRC19305877,1,2025-07-12,2025-07-12,True,False,,16,2025-10-19 11:44:12
spotify:track:0CI5vcGTYHWfVEelog0lPr,0CI5vcGTYHWfVEelog0lPr,The Way (with XXXTENTACION),Juice WRLD,The Way (with XXXTENTACION),spotify:album:6dxfO5z7gh5HXIg9H9WZvb,USUG12503164,1,2025-07-14,2025-07-14,True,False,,16,2025-10-19 11:44:15
spotify:track:1iiVX4OJ6vo3a4sT3Fe7Ix,1iiVX4OJ6vo3a4sT3Fe7Ix,"Qayde Se (From ""Metro ... In Dino"")",Pritam,"Qayde Se (From ""Metro ... In Dino"")",spotify:album:0n6vwaRFABSyqtdaJafZW5,INS182502630,2,2025-07-16,2025-07-25,True,False,,16,2025-10-19 11:45:15
spotify:track:4APWgKQxfKM1qSXqGhnMdc,4APWgKQxfKM1qSXqGhnMdc,Mujhe Tumse Mohabbat Hai,Shreya Ghoshal,Nightingale Shreya Ghoshal,spotify:album:7g7aT1QRPm6eQzTFnkxqtl,INH100451390,4,2025-07-25,2025-07-25,True,False,,16,2025-10-19 11:46:28
spotify:track:0O1lBkvMe29bYWpFumumcD,0O1lBkvMe29bYWpFumumcD,Ni Mai Diggi Tilak Ke,Diljit Dosanjh,Amar Singh Chamkila - Live Recorded,spotify:album:1Fjio02TgzmjzqXcVX5EmK,INH102407617,1,2025-07-25,2025-07-25,True,False,,16,2025-10-19 11:46:51
spotify:track:4XDcAT42H83pKPGLoYjGZ9,4XDcAT42H83pKPGLoYjGZ9,Pat Doon Chugti Ni,Diljit Dosanjh,Amar Singh Chamkila - Live Recorded,spotify:album:1Fjio02TgzmjzqXcVX5EmK,INH102407603,1,2025-07-25,2025-07-25,True,False,,16,2025-10-19 11:46:54
spotify:track:5AnWrUzsrFgBvhn6dUElnr,5AnWrUzsrFgBvhn6dUElnr,"Aaj Ki Raat (From ""Stree 2"")",Sachin-Jigar,"Aaj Ki Raat (From ""Stree 2"")",spotify:album:2P2orRpVU0F2Z1HGTi7AiS,INH102409256,1,2025-07-25,2025-07-25,True,False,,16,2025-10-19 11:46:56
spotify:track:0v716URUxpcG1AhIZmulz7,0v716URUxpcG1AhIZmulz7,"Jab Tu Sajan (From ""Aap Jaisa Koi"")",Rochak Kohli,Jab Tu Sajan,spotify:album:5gyC0Z4BwSxuVoFJGS2YqU,INS172501900,1,2025-07-25,2025-07-25,True,False,,16,2025-10-19 11:46:59
spotify:track:1GFQthxDi4Tqe3wJ5j0G5S,1GFQthxDi4Tqe3wJ5j0G5S,"Dhun (From ""Saiyaara"")",Mithoon,"Dhun (From ""Saiyaara"")",spotify:album:7oUQEGYiwyjH8OFCu5Y4IG,INY092500018,17,2025-07-25,2025-09-03,True,False,,16,2025-10-19 11:47:01
spotify:track:6TOeOjAKDOxJon6geucX92,6TOeOjAKDOxJon6geucX92,Ishq Mera (Feat. Esha Gupta),Jubin Nautiyal,Ishq Mera (Feat. Esha Gupta),spotify:album:5nyfbc7DahN9JT6R2iudhx,INS182501789,1,2025-07-25,2025-07-25,True,False,,16,2025-10-19 11:47:04
spotify:track:3EIMdrD4DstJVklUH9Ai7Y,3EIMdrD4DstJVklUH9Ai7Y,"Aur Mohabbat Kitni Karoon (From ""Metro ... In Dino"")",Pritam,"Aur Mohabbat Kitni Karoon (From ""Metro ... In Dino"")",spotify:album:0qw6c6SD4zDzm2l3Xx3cSH,INS182502425,1,2025-07-25,2025-07-25,True,False,,16,2025-10-19 11:47:06
spotify:track:0OLTYqD8FpjkLsxJmdWmgi,0OLTYqD8FpjkLsxJmdWmgi,"Humsafar (From ""Saiyaara"")",Sachet-Parampara,"Humsafar (From ""Saiyaara"")",spotify:album:58Q1g74xDb9Lxv64Y68Z7S,INY092500017,1,2025-07-25,2025-07-25,True,False,,16,2025-10-19 11:47:08
spotify:track:21I7V2hA8IuxlE4AGAIt2F,21I7V2hA8IuxlE4AGAIt2F,"Nazara - From ""Aankhon Ki Gustaakhiyan""",Vishal Mishra,Nazara,spotify:album:3313HgfGwFWXd7stwk5jyQ,INZ031418619,1,2025-07-25,2025-07-25,True,False,,16,2025-10-19 11:47:11
spotify:track:69tPsAXkjn3cTXoLSMr6d3,69tPsAXkjn3cTXoLSMr6d3,"Dil Ka Kya (From ""Metro ... In Dino"")",Pritam,"Dil Ka Kya (From ""Metro ... In Dino"")",spotify:album:3SMzRnmBPXz1ujZrZV8vwq,INS182502306,1,2025-07-25,2025-07-25,True,False,,16,2025-10-19 11:47:13
spotify:track:5PetOhEX9N0oyBB0Keqobv,5PetOhEX9N0oyBB0Keqobv,Ehsaas,Faheem Abdullah,Ehsaas,spotify:album:12ShvJkszHFeRxDuZz2OYk,INUM72500325,1,2025-07-25,2025-07-25,True,False,,16,2025-10-19 11:47:15
spotify:track:6aPMWbbdhDhiJHlknZb9Yx,6aPMWbbdhDhiJHlknZb9Yx,"Bekhayali (Arijit Singh Version) [From ""Kabir Singh""]",Arijit Singh,"Bekhayali (Arijit Singh Version) [From ""Kabir Singh""]",spotify:album:5OXCK2FlyxVIuLr4BRg0Lw,INS181902087,1,2025-07-27,2025-07-27,True,False,,16,2025-10-19 11:47:31
spotify:track:2oJxsbdvHuzkQ44hoyMsis,2oJxsbdvHuzkQ44hoyMsis,"Laal Pari (From ""Housefull 5"")",Yo Yo Honey Singh,"Laal Pari (From ""Housefull 5"")",spotify:album:3Z3pyPT3n8DtJyEtvAnm8L,INS182501730,2,2025-07-27,2025-07-27,True,False,,16,2025-10-19 11:47:33
spotify:track:4a1ctBPe4txjjHT8EmgmV0,4a1ctBPe4txjjHT8EmgmV0,Mitran Da Junction,Jatinder Shah,Sardaarji 2 (Original Motion Picture Soundtrack),spotify:album:1L0yuC7Nogs05KZl0OKa7o,INM431600270,1,2025-07-27,2025-07-27,True,False,,16,2025-10-19 11:47:42
spotify:track:6zh80VZXzcYm72Wgh6HjWO,6zh80VZXzcYm72Wgh6HjWO,"Jagga Jatt (From ""Only Love Gets Reply"")",Ikka,"Jagga Jatt (From ""Only Love Gets Reply"")",spotify:album:4v5lDXsOuEQpT9pxY3J13m,INS182401511,1,2025-07-27,2025-07-27,True,False,,16,2025-10-19 11:47:47
spotify:track:6G8vN5EUtcDxOXOXadF6kp,6G8vN5EUtcDxOXOXadF6kp,"Tum Ho Toh (From ""Saiyaara"")",Vishal Mishra,"Tum Ho Toh (From ""Saiyaara"")",spotify:album:69oxllULO1PeIO1VHT97uk,INY092500016,20,2025-08-06,2025-09-03,True,False,,16,2025-10-19 11:47:52
spotify:track:3n1IbkZGIxwP27kiE3TKtP,3n1IbkZGIxwP27kiE3TKtP,Get Ready To Fight,Benny Dayal,Get Ready To Fight,spotify:album:2HbE8iLZ27q5sAmSNib6jL,INS181600625,2,2025-08-06,2025-08-24,True,False,,16,2025-10-19 11:48:09
spotify:track:5Ggb9pKiKcr5vNV9v1e1vs,5Ggb9pKiKcr5vNV9v1e1vs,"Tumhare Hi Rahenge Hum (From ""Stree 2"")",Sachin-Jigar,"Tumhare Hi Rahenge Hum (From ""Stree 2"")",spotify:album:6UcsRs6FeuyafHupizqJDJ,INH102409715,2,2025-08-07,2025-08-07,True,False,,16,2025-10-19 11:48:23
spotify:track:7n3BVENCi9odYvNeFwcmCv,7n3BVENCi9odYvNeFwcmCv,"Tera Mera Hai Pyar (From ""Ishq Murshid"")",Ahmed Jahanzeb,"Tera Mera Hai Pyar (From ""Ishq Murshid"")",spotify:album:2R6fwaRteK3HgyufFhcdDm,TCAHP2390856,2,2025-08-07,2025-08-07,True,False,,16,2025-10-19 11:48:31
spotify:track:2PlYfGKlygmmcRiRXUsPuJ,2PlYfGKlygmmcRiRXUsPuJ,"Bas Ek Dhadak - From ""Dhadak 2""",Shreya Ghoshal,Dhadak 2,spotify:album:3daeQ1DOD0NOHjrrzwYaIy,INZ031419184,30,2025-08-07,2025-09-17,True,False,,16,2025-10-19 11:48:34
spotify:track:4XDQLLaOu6klew4c404PB1,4XDQLLaOu6klew4c404PB1,"Preet Re - From ""Dhadak 2""",Darshan Raval,Dhadak 2,spotify:album:3daeQ1DOD0NOHjrrzwYaIy,INZ031419185,46,2025-08-07,2025-10-03,True,False,,16,2025-10-19 11:48:36
spotify:track:1mkticIrEKSsFvDtAetfQC,1mkticIrEKSsFvDtAetfQC,"Duniya Alag - From ""Dhadak 2""",Arijit Singh,Dhadak 2,spotify:album:3daeQ1DOD0NOHjrrzwYaIy,INZ031419186,4,2025-08-07,2025-08-10,True,False,,16,2025-10-19 11:48:38
spotify:track:1yW153uONgZNXaIa5xh41S,1yW153uONgZNXaIa5xh41S,"Bawaria - From ""Dhadak 2""",Jubin Nautiyal,Dhadak 2,spotify:album:3daeQ1DOD0NOHjrrzwYaIy,INZ031419187,5,2025-08-07,2025-08-10,True,False,,16,2025-10-19 11:48:40
spotify:track:5CzzeXmmVEk6WXw1TDhQUg,5CzzeXmmVEk6WXw1TDhQUg,"Ye Kaisa Ishq - From ""Dhadak 2""",Rochak Kohli,Dhadak 2,spotify:album:3daeQ1DOD0NOHjrrzwYaIy,INZ031419188,2,2025-08-07,2025-08-10,True,False,,16,2025-10-19 11:48:42
spotify:track:7KHejeKMFgFJ57PUO7RMbe,7KHejeKMFgFJ57PUO7RMbe,"Tu Meri Dhadak Hai - From ""Dhadak 2""",Vishal Mishra,Dhadak 2,spotify:album:3daeQ1DOD0NOHjrrzwYaIy,INZ031419189,2,2025-08-07,2025-08-10,True,False,,16,2025-10-19 11:48:45
spotify:track:4mOlo4BjwvHXae8ZoVQamA,4mOlo4BjwvHXae8ZoVQamA,Yeh Duniya Jala Do (Glittery Cut),Janisht Joshi,Yeh Duniya Jala Do (Glittery Cut),spotify:album:4aiVtIs3A0VBM5mHtYfV1D,QMDA62586743,1,2025-08-11,2025-08-11,True,False,,16,2025-10-19 11:48:52
spotify:track:3gZ0eP6lDidIcNqLmgoBTc,3gZ0eP6lDidIcNqLmgoBTc,Tadha Tadha,Wangden Sherpa,Tadha Tadha,spotify:album:4au4xmmZH1Ls0x3ujkSnSZ,SE6QE2494942,1,2025-08-11,2025-08-11,True,False,,16,2025-10-19 11:48:54
spotify:track:54Lie66KFAGm0g2GDXOVtg,54Lie66KFAGm0g2GDXOVtg,No One Wants To Die Alone - Acoustic Version,Benjamin Steer,No One Wants To Die Alone,spotify:album:0dgSv1fVtVPXQWfIzK6CAB,QZPEW2503997,1,2025-08-11,2025-08-11,True,False,,16,2025-10-19 11:48:57
spotify:track:2sfldUmam8W2ZEx21TC0VR,2sfldUmam8W2ZEx21TC0VR,Mere Dil Ke Paas,Bombay Pulse House,Mere Dil Ke Paas,spotify:album:164U9lqqMbu2GKfC3uFlfK,TCAGJ2228206,1,2025-08-11,2025-08-11,True,False,,16,2025-10-19 11:48:59
spotify:track:4noL3iIcr1vyWXEv1klyst,4noL3iIcr1vyWXEv1klyst,Mukhatib,Salman Elahi,Elahi,spotify:album:0XOq8mfKGD2iggIOu1siqy,INUM72400861,1,2025-08-11,2025-08-11,True,False,,16,2025-10-19 11:49:06
spotify:track:5afuKIBOHvfwaIxRdjEIGJ,5afuKIBOHvfwaIxRdjEIGJ,Hrudayat Vaje Something,Vidhit Patankar,Ti Saddhya Kay Karte,spotify:album:17zlsUmt0qJN1XmL2nsRBu,INZ031401934,3,2025-08-11,2025-08-16,True,False,,16,2025-10-19 11:49:12
spotify:track:2oMjc7AGwZSfJPFc0oEZLS,2oMjc7AGwZSfJPFc0oEZLS,Astronomia (Coffin Dance Song) [Minecraft Note Blocks],grande1899,Astronomia (Coffin Dance Song) [Minecraft Note Blocks],spotify:album:4nkFoPzwjQaWwoZrsFakcO,QZGWW2083196,1,2025-08-11,2025-08-11,True,False,,16,2025-10-19 11:49:19
spotify:track:59AwlJAxjtV8w1uSunHulY,59AwlJAxjtV8w1uSunHulY,Belupacito,Beluga,Belupacito,spotify:album:0XxXKmHbYUC6PU9OJjVXyF,USJ3V2439602,2,2025-08-12,2025-08-12,True,False,,16,2025-10-19 11:49:26
spotify:track:0qzuXwxORXTwSsBU2aJGj5,0qzuXwxORXTwSsBU2aJGj5,"Yaar Naa Miley (From ""Kick"")",Yo Yo Honey Singh,Yo Yo Honey Singh Is Back,spotify:album:1xXv2wox60JAkIKUl8QwWp,INS181401487,1,2025-08-13,2025-08-13,True,False,,16,2025-10-19 11:49:32
spotify:track:7w4kFO2slzHCu1qEOMaPkl,7w4kFO2slzHCu1qEOMaPkl,Maari Thara Local - Here Comes Maari,Anirudh Ravichander,Maari (Original Motion Picture Soundtrack),spotify:album:5g4gqBANFcdQ7G5zjGddvl,INS171500888,1,2025-08-13,2025-08-13,True,False,,16,2025-10-19 11:49:40
spotify:track:6egfWbtFFhMToV2DvmEzmo,6egfWbtFFhMToV2DvmEzmo,"Tu Hain Toh (From ""Mr. And Mrs. Mahi"")",Bunny,Mr. And Mrs. Mahi,spotify:album:3PI3er7mHLniPndwdo0mlA,INS172408786,17,2025-08-13,2025-09-19,True,False,,16,2025-10-19 11:49:55
spotify:track:37zbIwkUL3wRRaojDeibEs,37zbIwkUL3wRRaojDeibEs,Kaakan,Shankar Mahadevan,Kaakan,spotify:album:5NFYFHlggGhJxlPb4ohI6O,INZ031400458,1,2025-08-16,2025-08-16,True,False,,16,2025-10-19 11:50:04
spotify:track:72aVLIjPgH96wYjLQCuS2h,72aVLIjPgH96wYjLQCuS2h,Hindustani Remix,Shankar Mahadevan,Hindustani Remix,spotify:album:7D8BLB1JjYfgeIlfCs0Y22,INS182503107,1,2025-08-16,2025-08-16,True,False,,16,2025-10-19 11:50:25
spotify:track:2BaHD2OcWV9R8Lz4v7t8N7,2BaHD2OcWV9R8Lz4v7t8N7,"What Was I Made For? (from ""Barbie"")",HAUSER,"What Was I Made For? (from ""Barbie"")",spotify:album:7whqDx4K2CC2wB3WnThTyT,USQX92502432,1,2025-08-16,2025-08-16,True,False,,16,2025-10-19 11:50:48
spotify:track:2nHKedDbNjk1NOzOvGV70I,2nHKedDbNjk1NOzOvGV70I,India Waale Techno Remix,Neeti Mohan,India Waale Techno Remix,spotify:album:3F1aSwSjbthO0isAzrsZ13,INS182503059,1,2025-08-16,2025-08-16,True,False,,16,2025-10-19 11:50:55
spotify:track:0gcfYUtaLHihsLZHPCHbbZ,0gcfYUtaLHihsLZHPCHbbZ,Bharat Remix,Hariharan,Bharat Remix,spotify:album:3CAYh2JYEiUarHVr23wgWV,INS182503058,1,2025-08-16,2025-08-16,True,False,,16,2025-10-19 11:50:59
spotify:track:5Sb8LEcFq5UFreQpv7y0vd,5Sb8LEcFq5UFreQpv7y0vd,"Ek Tum Ho - From 'Jaan""",Naezy,Ek Tum Ho,spotify:album:5OUM7EKKlP3O00TAf9e9wm,FRX872519364,1,2025-08-16,2025-08-16,True,False,,16,2025-10-19 11:51:01
spotify:track:5tKCXGkAsVCQW2Wce51Gs3,5tKCXGkAsVCQW2Wce51Gs3,Old Habits (From Delta Force Game),Alan Walker,Old Habits (From Delta Force Game),spotify:album:6JC5LFS1ZhuNjN31EMfWWX,NOG842508010,1,2025-08-16,2025-08-16,True,False,,16,2025-10-19 11:51:11
