album_name,album_artist_name,artist_name,album_uri,album_id,artist_uri,artist_id,total_plays
Icarus Falls,ZAYN,ZAYN,,,,,1214
Nobody Is Listening,ZAYN,ZAYN,,,,,1143
Twelve Carat Toothache,Post Malone,Post Malone,,,,,649
Hollywood's Bleeding,Post Malone,Post Malone,,,,,632
Two Hearts Never Break The Same,AP Dhillon,AP Dhillon,,,,,582
Harry's House,Harry Styles,Harry Styles,,,,,423
Lover,Taylor Swift,Taylor Swift,,,,,332
LIVING THINGS,Linkin Park,Linkin Park,,,,,330
Legends Never Die,Juice WRLD,Juice WRLD,,,,,320
Mind Of Mine (Deluxe Edition),ZAYN,ZAYN,,,,,310
Rockstar,Mohit Chauhan,Mohit Chauhan,,,,,300
Fine Line,Harry Styles,Harry Styles,,,,,283
AUSTIN,Post Malone,Post Malone,,,,,234
beerbongs & bentleys,Post Malone,Post Malone,,,,,228
Minutes to Midnight,Linkin Park,Linkin Park,,,,,228
ROOM UNDER THE STAIRS,ZAYN,ZAYN,,,,,228
X's,Cigarettes After Sex,Cigarettes After Sex,,,,,218
Rockstar,A.R. Rahman,A.R. Rahman,,,,,217
Westlife,Westlife,Westlife,,,,,216
Meteora,Linkin Park,Linkin Park,,,,,216
Rare,Selena Gomez,Selena Gomez,,,,,207
GOLDEN,Jung Kook,Jung Kook,,,,,197
Hybrid Theory,Linkin Park,Linkin Park,,,,,195
Kohinoor,DIVINE,DIVINE,,,,,193
To Let A Good Thing Die,Bruno Major,Bruno Major,,,,,191
folklore,Taylor Swift,Taylor Swift,,,,,189
Continuum,John Mayer,John Mayer,,,,,182
Jaadugar,Rushil Aswal,Rushil Aswal,,,,,180
Midnights,Taylor Swift,Taylor Swift,,,,,177
Baarishein,Anuv Jain,Anuv Jain,,,,,174
Star Wars: The Phantom Menace,John Williams,John Williams,,,,,166
Gehraiyaan,OAFF,OAFF,,,,,166
Dawn FM,The Weeknd,The Weeknd,,,,,166
Champagne Talk,King,King,,,,,165
HIDDEN GEMS,AP Dhillon,AP Dhillon,,,,,164
Justice,Justin Bieber,Justin Bieber,,,,,162
A Thousand Suns,Linkin Park,Linkin Park,,,,,160
Love Language,Connor Price,Connor Price,,,,,157
Cigarettes After Sex,Cigarettes After Sex,Cigarettes After Sex,,,,,155
Elvis 30 #1 Hits,Elvis Presley,Elvis Presley,,,,,152
Songs of Love,Amit Trivedi,Amit Trivedi,,,,,152
Punya Paap,DIVINE,DIVINE,,,,,151
Aalas Ka Pedh,The Local Train,The Local Train,,,,,150
The Dark Side of the Moon,Pink Floyd,Pink Floyd,,,,,145
Tu hai kahan (feat. ZAYN),AUR,AUR,,,,,145
The Eminem Show,Eminem,Eminem,,,,,142
Positions,Ariana Grande,Ariana Grande,,,,,142
"Oh, Inverted World",The Shins,The Shins,,,,,138
Gunehgar,DIVINE,DIVINE,,,,,138
Star Wars: The Empire Strikes Back - Original Motion Picture Soundtrack,John Williams,John Williams,,,,,136
Midnight Memories (Deluxe),One Direction,One Direction,,,,,135
Mona Lisa (Spider-Man: Across the Spider-Verse),Dominic Fike,Dominic Fike,,,,,134
Believe,When Chai Met Toast,When Chai Met Toast,,,,,131
The Carnival,King,King,,,,,131
Gully Boy - Original Motion Picture Soundtrack,Ranveer Singh,Ranveer Singh,,,,,128
Mohabbat,Kaam Bhaari,Kaam Bhaari,,,,,128
Flicker,Niall Horan,Niall Horan,,,,,125
The Game,Queen,Queen,,,,,124
Parachutes,Coldplay,Coldplay,,,,,123
Blonde,Frank Ocean,Frank Ocean,,,,,122
What I Am,ZAYN,ZAYN,,,,,121
Metro ... In Dino (Side A),Pritam,Pritam,,,,,121
MTV Unplugged In New York,Nirvana,Nirvana,,,,,120
F-1 Trillion,Post Malone,Post Malone,,,,,120
Future Nostalgia,Dua Lipa,Dua Lipa,,,,,119
Divinely Uninspired To A Hellish Extent,Lewis Capaldi,Lewis Capaldi,,,,,118
The Queen Is Dead,The Smiths,The Smiths,,,,,118
The Joshua Tree,U2,U2,,,,,117
Mazaak,Anuv Jain,Anuv Jain,,,,,117
Metro ... In Dino (Side B),Pritam,Pritam,,,,,117
Abbey Road,The Beatles,The Beatles,,,,,116
Jab We Met,Pritam,Pritam,,,,,114
Jaane Tu... Ya Jaane Na,Rashid Ali,Rashid Ali,,,,,113
Vaaqif,The Local Train,The Local Train,,,,,112
Kesariya,Pritam,Pritam,,,,,112
Mourning,Post Malone,Post Malone,,,,,112
Bombay Dreams,Taba Chake,Taba Chake,,,,,111
Star Wars: A New Hope - Original Motion Picture Soundtrack,John Williams,John Williams,,,,,111
reputation,Taylor Swift,Taylor Swift,,,,,110
Trampoline (with ZAYN),SHAED,SHAED,,,,,110
Plastic Hearts,Miley Cyrus,Miley Cyrus,,,,,110
Scaled And Icy,Twenty One Pilots,Twenty One Pilots,,,,,110
Hatful of Hollow,The Smiths,The Smiths,,,,,108
Uljhe Hue,Osho Jain,Osho Jain,,,,,106
Roz Roz,The Yellow Diary,The Yellow Diary,,,,,105
Planet Her,Doja Cat,Doja Cat,,,,,105
Mismatched: Season 2 (Soundtrack from the Netflix Series),Taaruk Raina,Taaruk Raina,,,,,104
FOUR,One Direction,One Direction,,,,,102
slow down,Forrest.,Forrest.,,,,,102
"Tum Kya Mile (From ""Rocky Aur Rani Kii Prem Kahaani"")",Pritam,Pritam,,,,,101
Follow You / Cutthroat,Imagine Dragons,Imagine Dragons,,,,,100
This Is Us,Siddhartha Khosla,Siddhartha Khosla,,,,,99
Nevermind,Nirvana,Nirvana,,,,,98
Cry,Cigarettes After Sex,Cigarettes After Sex,,,,,98
After Hours,The Weeknd,The Weeknd,,,,,98
The Search for Everything,John Mayer,John Mayer,,,,,97
Euphoria (Original Score from the HBO Series),Labrinth,Labrinth,,,,,97
A Rush of Blood to the Head,Coldplay,Coldplay,,,,,96
Barfi! (Original Motion Picture Soundtrack),Pritam,Pritam,,,,,96
The Stranger (Legacy Edition),Billy Joel,Billy Joel,,,,,95
Parasite,jung jaeil,jung jaeil,,,,,94
Thriller 25 Super Deluxe Edition,Michael Jackson,Michael Jackson,,,,,93
Sob Rock,John Mayer,John Mayer,,,,,93
The Wall,Pink Floyd,Pink Floyd,,,,,92
Coast To Coast,Westlife,Westlife,,,,,92
Iraaday,Rovalio,Rovalio,,,,,92
METRO BOOMIN PRESENTS SPIDER-MAN: ACROSS THE SPIDER-VERSE,Metro Boomin,Metro Boomin,,,,,89
Evolve,Imagine Dragons,Imagine Dragons,,,,,88
÷,Ed Sheeran,Ed Sheeran,,,,,87
Memories,Maroon 5,Maroon 5,,,,,87
Freudian,Daniel Caesar,Daniel Caesar,,,,,87
~how i'm feeling~,Lauv,Lauv,,,,,86
Love Like This,ZAYN,ZAYN,,,,,86
The Click (Deluxe Edition),AJR,AJR,,,,,85
A Night At The Opera,Queen,Queen,,,,,84
Music To Be Murdered By,Eminem,Eminem,,,,,83
Those Eyes,New West,New West,,,,,82
THE TORTURED POETS DEPARTMENT,Taylor Swift,Taylor Swift,,,,,82
Summer Pack,Childish Gambino,Childish Gambino,,,,,81
The Marshall Mathers LP,Eminem,Eminem,,,,,81
Levitating (feat. DaBaby),Dua Lipa,Dua Lipa,,,,,81
Guru (Original Motion Picture Soundtrack),A.R. Rahman,A.R. Rahman,,,,,80
Origins,Imagine Dragons,Imagine Dragons,,,,,80
Bombay,Hariharan,Hariharan,,,,,80
Nanchaku,Seedhe Maut,Seedhe Maut,,,,,80
Rock On,Farhan Akhtar,Farhan Akhtar,,,,,79
Heartbreak Weather,Niall Horan,Niall Horan,,,,,79
Carnival of Rust,Poets of the Fall,Poets of the Fall,,,,,78
Chemical,Post Malone,Post Malone,,,,,78
Kasoor,Prateek Kuhad,Prateek Kuhad,,,,,77
1,The Beatles,The Beatles,,,,,76
Mylo Xyloto,Coldplay,Coldplay,,,,,76
Life In A Metro (Original Motion Picture Soundtrack),Pritam,Pritam,,,,,75
Nothing Happens,Wallows,Wallows,,,,,75
Glimpse of Us,Joji,Joji,,,,,75
Eyes Open,Snow Patrol,Snow Patrol,,,,,74
everything i wanted,Billie Eilish,Billie Eilish,,,,,74
Even In The Quietest Moments,Supertramp,Supertramp,,,,,73
Encore,Eminem,Eminem,,,,,73
Goodbye & Good Riddance,Juice WRLD,Juice WRLD,,,,,73
Doom Days,Bastille,Bastille,,,,,71
"Class-Sikh Maut, Vol. II",Prabh Deep,Prabh Deep,,,,,71
Genesis 1:1,Zaeden,Zaeden,,,,,71
Appetite For Destruction,Guns N' Roses,Guns N' Roses,,,,,70
Bandish Bandits - Original Series Soundtrack,Shankar-Ehsaan-Loy,Shankar-Ehsaan-Loy,,,,,70
Bye,Aditya Bhardwaj,Aditya Bhardwaj,,,,,70
?,XXXTENTACION,XXXTENTACION,,,,,69
Yeh Duniya Jala Do,Janisht Joshi,Janisht Joshi,,,,,69
this is what ____ feels like (Vol. 1-4),JVKE,JVKE,,,,,68
Patiala House,Mahalakshmi Iyer,Mahalakshmi Iyer,,,,,68
Illuminate,Shawn Mendes,Shawn Mendes,,,,,67
Recovery,Eminem,Eminem,,,,,67
Alag Aasmaan,Anuv Jain,Anuv Jain,,,,,67
Mimmi,Ritviz,Ritviz,,,,,67
Covers,Jillian Edwards,Jillian Edwards,,,,,66
Kabhi Alvida Naa Kehna (Original Motion Picture Soundtrack),Shankar-Ehsaan-Loy,Shankar-Ehsaan-Loy,,,,,66
News Of The World,Queen,Queen,,,,,66
Louder Than Bombs,The Smiths,The Smiths,,,,,66
Cleopatra,The Lumineers,The Lumineers,,,,,65
New York,Pritam,Pritam,,,,,65
Kabir Singh,Sachet Tandon,Sachet Tandon,,,,,64
Kabir Singh,Vishal Mishra,Vishal Mishra,,,,,64
Rockstar,Harshdeep Kaur,Harshdeep Kaur,,,,,64
Blurryface,Twenty One Pilots,Twenty One Pilots,,,,,64
SOUR,Olivia Rodrigo,Olivia Rodrigo,,,,,64
Music Of The Spheres,Coldplay,Coldplay,,,,,64
As It Was,Harry Styles,Harry Styles,,,,,64
Until I Found You,Stephen Sanchez,Stephen Sanchez,,,,,64
TIM,Avicii,Avicii,,,,,63
Viva La Vida or Death and All His Friends,Coldplay,Coldplay,,,,,63
Afsanay,Talha Anjum,Talha Anjum,,,,,63
"What Was, Not Now",Stephen Sanchez,Stephen Sanchez,,,,,63
The Real Royal Albert Hall 1966 Concert - Live,Bob Dylan,Bob Dylan,,,,,61
Spider-Man: Into the Spider-Verse,Post Malone,Post Malone,,,,,61
"Stranger Things, Vol. 1 (A Netflix Original Series Soundtrack)",Kyle Dixon & Michael Stein,Kyle Dixon & Michael Stein,,,,,61
All That We Needed,Plain White T's,Plain White T's,,,,,61
Oh My My,OneRepublic,OneRepublic,,,,,60
Stuck with U,Ariana Grande,Ariana Grande,,,,,60
Rehnaa Hai Terre Dil Mein,Bombay Jayashri,Bombay Jayashri,,,,,60
1989 (Taylor's Version),Taylor Swift,Taylor Swift,,,,,60
From Zero,Linkin Park,Linkin Park,,,,,60
Riha,Anuv Jain,Anuv Jain,,,,,59
"Alone, Pt. II",Alan Walker,Alan Walker,,,,,59
A Head Full of Dreams,Coldplay,Coldplay,,,,,59
Younger Now,Miley Cyrus,Miley Cyrus,,,,,58
2 States,Arijit Singh,Arijit Singh,,,,,58
Red Pill Blues,Maroon 5,Maroon 5,,,,,57
World of Our Own,Westlife,Westlife,,,,,57
Wake Up Sid (Original Motion Picture Soundtrack),Shankar-Ehsaan-Loy,Shankar-Ehsaan-Loy,,,,,57
"thank u, next",Ariana Grande,Ariana Grande,,,,,56
V - Asia Tour Edition,Maroon 5,Maroon 5,,,,,56
Mystery of Love,Sufjan Stevens,Sufjan Stevens,,,,,56
You Were Loved (with OneRepublic),Gryffin,Gryffin,,,,,56
ANIMAL,Vishal Mishra,Vishal Mishra,,,,,56
Synchronicity,The Police,The Police,,,,,55
"WHEN WE ALL FALL ASLEEP, WHERE DO WE GO?",Billie Eilish,Billie Eilish,,,,,55
AM,Arctic Monkeys,Arctic Monkeys,,,,,55
Super Hits,Andy Williams,Andy Williams,,,,,55
Red (Taylor's Version),Taylor Swift,Taylor Swift,,,,,55
Tu Hi Das De,Simar Panag,Simar Panag,,,,,55
Slippery When Wet,Bon Jovi,Bon Jovi,,,,,54
Red,Taylor Swift,Taylor Swift,,,,,54
A Whole New World (End Title),ZAYN,ZAYN,,,,,54
ASIN9NE,Tech N9ne,Tech N9ne,,,,,54
Ubuntu,Mugdha Vaishampain,Mugdha Vaishampain,,,,,54
1989,Taylor Swift,Taylor Swift,,,,,53
"Soften, Continue (Another B-Sides)",Corey Kilgannon,Corey Kilgannon,,,,,53
Shawn Mendes,Shawn Mendes,Shawn Mendes,,,,,53
Hate Me (with Juice WRLD),Ellie Goulding,Ellie Goulding,,,,,53
Mercury - Acts 1 & 2,Imagine Dragons,Imagine Dragons,,,,,53
Wincing The Night Away,The Shins,The Shins,,,,,53
Shikayat,AUR,AUR,,,,,53
Room For Squares,John Mayer,John Mayer,,,,,52
Hot Space,Queen,Queen,,,,,52
If I Can't Have You,Shawn Mendes,Shawn Mendes,,,,,52
Happiness Begins,Jonas Brothers,Jonas Brothers,,,,,52
SHE IS COMING,Miley Cyrus,Miley Cyrus,,,,,52
I Love You.,The Neighbourhood,The Neighbourhood,,,,,52
Made In The A.M. - Deluxe Edition,One Direction,One Direction,,,,,52
My Name Is Khan (Original Motion Picture Soundtrack),Shankar-Ehsaan-Loy,Shankar-Ehsaan-Loy,,,,,52
X&Y,Coldplay,Coldplay,,,,,52
न,Seedhe Maut,Seedhe Maut,,,,,52
Complicated,Olivia O'Brien,Olivia O'Brien,,,,,51
Harry Styles,Harry Styles,Harry Styles,,,,,51
Port Of Morrow,The Shins,The Shins,,,,,51
Star Wars Sampler,John Williams,John Williams,,,,,51
Love Language (Acoustic),Connor Price,Connor Price,,,,,51
Lunch Break,Seedhe Maut,Seedhe Maut,,,,,51
Wish You Were Here,Pink Floyd,Pink Floyd,,,,,50
cold / mess,Prateek Kuhad,Prateek Kuhad,,,,,50
Jimmy From The Gym,EEVA,EEVA,,,,,50
Ved,Ritviz,Ritviz,,,,,50
Main Hoon Na,Abhijeet,Abhijeet,,,,,50
Excuses,AP Dhillon,AP Dhillon,,,,,50
Not by Chance,AP Dhillon,AP Dhillon,,,,,50
Malang Sajna,Sachet Tandon,Sachet Tandon,,,,,50
The Secret of Us,Gracie Abrams,Gracie Abrams,,,,,50
Purpose,Justin Bieber,Justin Bieber,,,,,49
Bloom,Troye Sivan,Troye Sivan,,,,,49
Overexposed,Maroon 5,Maroon 5,,,,,49
Life’s A Mess II (with Clever & Post Malone),Juice WRLD,Juice WRLD,,,,,49
Samjho Na,Aditya Rikhari,Aditya Rikhari,,,,,49
FaceTime,Saint Levant,Saint Levant,,,,,49
Theta Waves,Brainy,Brainy,,,,,49
Youngblood - Deluxe,5 Seconds of Summer,5 Seconds of Summer,,,,,48
Night Visions,Imagine Dragons,Imagine Dragons,,,,,48
Lover (Remix) [feat. Shawn Mendes],Taylor Swift,Taylor Swift,,,,,48
Wrong Direction,Hailee Steinfeld,Hailee Steinfeld,,,,,48
Pause,Prateek Kuhad,Prateek Kuhad,,,,,48
A Perfect Contradiction,Paloma Faith,Paloma Faith,,,,,48
Gamma Waves,Brainy,Brainy,,,,,48
Full Moon Fever,Tom Petty,Tom Petty,,,,,47
DAMN.,Kendrick Lamar,Kendrick Lamar,,,,,47
Good Thing (with Kehlani),Zedd,Zedd,,,,,47
Main Hoon Na,Sonu Nigam,Sonu Nigam,,,,,47
if we never met,John K,John K,,,,,47
comethru,Jeremy Zucker,Jeremy Zucker,,,,,47
Ghost Stories,Coldplay,Coldplay,,,,,47
Prisoner (feat. Dua Lipa),Miley Cyrus,Miley Cyrus,,,,,47
The Dream,alt-J,alt-J,,,,,47
Gumaan,Young Stunners,Young Stunners,,,,,47
People,Libianca,Libianca,,,,,47
Dil Beparvah,Ankur Tewari,Ankur Tewari,,,,,46
Kamikaze,Eminem,Eminem,,,,,46
Easy,Camila Cabello,Camila Cabello,,,,,46
Zindagi Na Milegi Dobara,Farhan Akhtar,Farhan Akhtar,,,,,46
Baar Baar Dekho,Jasleen Royal,Jasleen Royal,,,,,46
The Essential Dean Martin,Dean Martin,Dean Martin,,,,,46
Freedom,Akon,Akon,,,,,46
Take My Hand,5 Seconds of Summer,5 Seconds of Summer,,,,,46
Dhadak 2,Darshan Raval,Darshan Raval,,,,,46
Battle Studies,John Mayer,John Mayer,,,,,45
Bad 25th Anniversary,Michael Jackson,Michael Jackson,,,,,45
Gold,May The Muse,May The Muse,,,,,45
Jab Harry Met Sejal (Original Motion Picture Soundtrack),Pritam,Pritam,,,,,45
Strawberries & Cigarettes,Troye Sivan,Troye Sivan,,,,,45
Wonder,Shawn Mendes,Shawn Mendes,,,,,45
Harry Potter and The Sorcerer's Stone Original Motion Picture Soundtrack,John Williams,John Williams,,,,,45
Moon River,Kina Grannis,Kina Grannis,,,,,45
"Tere Pyaar Mein (From ""Tu Jhoothi Main Makkaar"")",Pritam,Pritam,,,,,45
Duniyadari,Sachin Pilgaonkar,Sachin Pilgaonkar,,,,,45
HOW CLOSE AM I?,Hayd,Hayd,,,,,45
Kal Ho Naa Ho (Original Motion Picture Soundtrack),Shankar-Ehsaan-Loy,Shankar-Ehsaan-Loy,,,,,44
Top to Toe,Fenne Lily,Fenne Lily,,,,,44
World War Joy,The Chainsmokers,The Chainsmokers,,,,,44
Sounds Of Silence,Simon & Garfunkel,Simon & Garfunkel,,,,,44
Kabir Singh,Arijit Singh,Arijit Singh,,,,,44
Quarantine,Talha Anjum,Talha Anjum,,,,,44
Dev,Ritviz,Ritviz,,,,,44
Husn,Anuv Jain,Anuv Jain,,,,,44
Nahi,Janisht Joshi,Janisht Joshi,,,,,44
"Aabhas Ha (From ""Yanda Kartavya Aahe"")",Nilesh Mohrir,Nilesh Mohrir,,,,,44
Я люблю тебя,Rauf & Faik,Rauf & Faik,,,,,43
Crazy Beautiful You (Deluxe),Leanna Crawford,Leanna Crawford,,,,,43
Toys In The Attic,Aerosmith,Aerosmith,,,,,43
Hold On To Happiness,Rhys Lewis,Rhys Lewis,,,,,43
American Pie,Don McLean,Don McLean,,,,,43
Lose You To Love Me,Selena Gomez,Selena Gomez,,,,,43
Conversations in the Dark,John Legend,John Legend,,,,,43
Maula,Anuv Jain,Anuv Jain,,,,,43
F*CK LOVE (SAVAGE),The Kid LAROI,The Kid LAROI,,,,,43
Words (feat. Zara Larsson),Alesso,Alesso,,,,,43
Machayenge 4,KR$NA,KR$NA,,,,,43
Summer High,AP Dhillon,AP Dhillon,,,,,43
Hum Dono,Asha Bhosle,Asha Bhosle,,,,,43
Brahmastra,Pritam,Pritam,,,,,43
40 Hz Gamma,Brainy,Brainy,,,,,43
Memorization,Brainy,Brainy,,,,,43
Brain Waves,Brainy,Brainy,,,,,43
Affection,Cigarettes After Sex,Cigarettes After Sex,,,,,42
Talk,Khalid,Khalid,,,,,42
"Cult Hits of the 1950's, Vol. 2",The Tads,The Tads,,,,,42
The Marshall Mathers LP2,Eminem,Eminem,,,,,42
Love The 70s,Gerry Rafferty,Gerry Rafferty,,,,,42
Liggi,Ritviz,Ritviz,,,,,42
Autumn,Rhys Lewis,Rhys Lewis,,,,,42
Quarantine,Young Stunners,Young Stunners,,,,,42
Here With Me,d4vd,d4vd,,,,,42
Kaagaz Ke Phool,Janisht Joshi,Janisht Joshi,,,,,42
Back from the Edge,James Arthur,James Arthur,,,,,41
Turning,Foreign Air,Foreign Air,,,,,41
Gully Boy - Original Motion Picture Soundtrack,Dub Sharma,Dub Sharma,,,,,41
Jolene,Dolly Parton,Dolly Parton,,,,,41
Pandora's Box,Aerosmith,Aerosmith,,,,,41
The State of Swing,Jack's Cats,Jack's Cats,,,,,41
Starboy,The Weeknd,The Weeknd,,,,,41
Death Race For Love,Juice WRLD,Juice WRLD,,,,,41
"Pachtaoge (From ""Jaani Ve"")",Arijit Singh,Arijit Singh,,,,,41
Wherever You Are,Kodaline,Kodaline,,,,,41
Changes,Justin Bieber,Justin Bieber,,,,,41
Topdown,Shareh,Shareh,,,,,41
The Gallows,Emmrose,Emmrose,,,,,41
Beach House,daydreamers,daydreamers,,,,,41
Hyper Focus,Brainy,Brainy,,,,,41
Who's Next,The Who,The Who,,,,,40
Help!,The Beatles,The Beatles,,,,,40
Baaraat,Ritviz,Ritviz,,,,,40
Meri Baaton Mein Tu,Anuv Jain,Anuv Jain,,,,,40
Blackbird,Imaginary Future,Imaginary Future,,,,,40
Rock n Roll,New West,New West,,,,,40
Harry Potter And The Order Of The Phoenix (Original Motion Picture Soundtrack),Nicholas Hooper,Nicholas Hooper,,,,,40
Move,DNCE,DNCE,,,,,40
Breathless,Shankar Mahadevan,Shankar Mahadevan,,,,,40
Katyar Kaljat Ghusli,Anandi Joshi,Anandi Joshi,,,,,40
Laila Majnu,Atif Aslam,Atif Aslam,,,,,40
ALL MY LOVE,Coldplay,Coldplay,,,,,40
Alpha Waves,Brainy,Brainy,,,,,40
Jazz,Queen,Queen,,,,,39
Rang De Basanti (Original Motion Picture Soundtrack),A.R. Rahman,A.R. Rahman,,,,,39
Only The Young,Taylor Swift,Taylor Swift,,,,,39
OK Computer,Radiohead,Radiohead,,,,,39
Citizen of Glass,Agnes Obel,Agnes Obel,,,,,39
evermore,Taylor Swift,Taylor Swift,,,,,39
Tadipaar,MC STAN,MC STAN,,,,,39
Gumaan,Talha Anjum,Talha Anjum,,,,,39
Harry Potter And The Goblet Of Fire (Original Motion Picture Soundtrack),Patrick Doyle,Patrick Doyle,,,,,39
Gold Forever,The Wanted,The Wanted,,,,,39
Raabta,Jokhay,Jokhay,,,,,39
five seconds flat,Lizzy McAlpine,Lizzy McAlpine,,,,,39
Call Me When You Hear This Song,New West,New West,,,,,39
Sang Rahiyo,Jasleen Royal,Jasleen Royal,,,,,39
Ishaqzaade,Amit Trivedi,Amit Trivedi,,,,,39
Obsessed,Riar Saab,Riar Saab,,,,,39
Jo Tum Mere Ho,Anuv Jain,Anuv Jain,,,,,39
Rubber Soul,The Beatles,The Beatles,,,,,38
Tune Kaha,Prateek Kuhad,Prateek Kuhad,,,,,38
The Freewheelin' Bob Dylan,Bob Dylan,Bob Dylan,,,,,38
Wanted on Voyage,George Ezra,George Ezra,,,,,38
Hold On,Justin Bieber,Justin Bieber,,,,,38
Bones,Imagine Dragons,Imagine Dragons,,,,,38
Honky Chateau,Elton John,Elton John,,,,,37
Five Feet Apart (Original Motion Picture Soundtrack) (Deluxe),Kate Davis,Kate Davis,,,,,37
The Reason,Hoobastank,Hoobastank,,,,,37
Casino Twilight Dogs,Youth Group,Youth Group,,,,,37
World Alone,St Leonards,St Leonards,,,,,37
Manic,Halsey,Halsey,,,,,37
Tum Jab Paas - Single,Prateek Kuhad,Prateek Kuhad,,,,,37
The Heist (Deluxe Edition),Macklemore & Ryan Lewis,Macklemore & Ryan Lewis,,,,,37
Star Wars: Attack of the Clones,John Williams,John Williams,,,,,37
"Don't Forget About Me, Demos",Dominic Fike,Dominic Fike,,,,,37
About Damn Time,Lizzo,Lizzo,,,,,37
Tainu Khabar Nahi,Sachin-Jigar,Sachin-Jigar,,,,,37
Finding Her,Kushagra,Kushagra,,,,,37
Bohemian Rhapsody,Queen,Queen,,,,,36
Please Me,Cardi B,Cardi B,,,,,36
Rocky IV,Survivor,Survivor,,,,,36
Either/Or,Elliott Smith,Elliott Smith,,,,,36
Teenage Dream: The Complete Confection,Katy Perry,Katy Perry,,,,,36
Kaam 25,DIVINE,DIVINE,,,,,36
Grace and Lies,Family Band,Family Band,,,,,36
#3 Deluxe Version,The Script,The Script,,,,,36
Sweet Caroline,Neil Diamond,Neil Diamond,,,,,36
Pardo,Nishu,Nishu,,,,,36
Ocean,Anuv Jain,Anuv Jain,,,,,36
Kid Krow,Conan Gray,Conan Gray,,,,,36
Chal Nikal,Fotty Seven,Fotty Seven,,,,,36
101,Seedhe Maut,Seedhe Maut,,,,,36
Find You,Martin Garrix,Martin Garrix,,,,,36
Tu Kahaan,OAFF,OAFF,,,,,36
The Way That Lovers Do,Prateek Kuhad,Prateek Kuhad,,,,,36
rapunzel,Dhruv,Dhruv,,,,,36
Chutes Too Narrow,The Shins,The Shins,,,,,36
With You,AP Dhillon,AP Dhillon,,,,,36
Bhediya,Sachin-Jigar,Sachin-Jigar,,,,,36
Dil Tu Jaan Tu,Gurnazar,Gurnazar,,,,,36
Sticky Fingers,The Rolling Stones,The Rolling Stones,,,,,35
Hozier,Hozier,Hozier,,,,,35
Dear Zindagi (Original Motion Picture Soundtrack),Amit Trivedi,Amit Trivedi,,,,,35
Tuskegee,Lionel Richie,Lionel Richie,,,,,35
Summer Days (feat. Macklemore & Patrick Stump of Fall Out Boy),Martin Garrix,Martin Garrix,,,,,35
Dancing With Your Ghost,Sasha Alex Sloan,Sasha Alex Sloan,,,,,35
In A Perfect World,Kodaline,Kodaline,,,,,35
When You're Gone,Shawn Mendes,Shawn Mendes,,,,,35
When Facing the Things We Turn Away From,Luke Hemmings,Luke Hemmings,,,,,35
Laal Singh Chaddha,Pritam,Pritam,,,,,35
The Thrill Of It All - Special Edition,Sam Smith,Sam Smith,,,,,35
Saiyaara,Tanishk Bagchi,Tanishk Bagchi,,,,,35
Please Please Me,The Beatles,The Beatles,,,,,34
Gully Boy - Original Motion Picture Soundtrack,DIVINE,DIVINE,,,,,34
hate u love u,Olivia O'Brien,Olivia O'Brien,,,,,34
Karwaan,Prateek Kuhad,Prateek Kuhad,,,,,34
Breathe,CUTTS,CUTTS,,,,,34
Where Your Secrets Hide,Klergy,Klergy,,,,,34
Waking Up,OneRepublic,OneRepublic,,,,,34
Chet Baker Sings,Chet Baker,Chet Baker,,,,,34
The Orchid Room,Labyrinth Ear,Labyrinth Ear,,,,,34
The Works - Deluxe Edition 2011 Remaster,Queen,Queen,,,,,34
Kabir Singh,Akhil Sachdeva,Akhil Sachdeva,,,,,34
Who Loves You,Frankie Valli & The Four Seasons,Frankie Valli & The Four Seasons,,,,,34
Loud,Rihanna,Rihanna,,,,,34
you broke me first,Tate McRae,Tate McRae,,,,,34
Holy,Justin Bieber,Justin Bieber,,,,,34
Gul,Anuv Jain,Anuv Jain,,,,,34
Insane,AP Dhillon,AP Dhillon,,,,,34
BRIGHTSIDE,The Lumineers,The Lumineers,,,,,34
Thodi Si Daaru,AP Dhillon,AP Dhillon,,,,,34
In Tokens & Charms,Prateek Kuhad,Prateek Kuhad,,,,,33
Songs Of Innocence,U2,U2,,,,,33
How To Dismantle An Atomic Bomb,U2,U2,,,,,33
Rule The World: The Greatest Hits,Tears For Fears,Tears For Fears,,,,,33
Homicide,Logic,Logic,,,,,33
For The Throne (Music Inspired by the HBO Series Game of Thrones),SZA,SZA,,,,,33
Stoney - Deluxe,Post Malone,Post Malone,,,,,33
Aafat Waapas - Single,Naezy,Naezy,,,,,33
Winter,Vancouver Sleep Clinic,Vancouver Sleep Clinic,,,,,33
The Best of Paul Davis (Expanded Edition),Paul Davis,Paul Davis,,,,,33
The Devil's Walk,Apparat,Apparat,,,,,33
x,Ed Sheeran,Ed Sheeran,,,,,33
The Capitol Years,Dean Martin,Dean Martin,,,,,33
American Idiot,Green Day,Green Day,,,,,33
Monster,Shawn Mendes,Shawn Mendes,,,,,33
The Empire Strikes Back,John Williams,John Williams,,,,,33
Phir Milenge,Faisal Kapadia,Faisal Kapadia,,,,,33
Bulleya (MTV Unplugged),Vishal-Shekhar,Vishal-Shekhar,,,,,33
Clarity,Brainy,Brainy,,,,,33
In the Waiting,Kina Grannis,Kina Grannis,,,,,32
i'm so tired...,Lauv,Lauv,,,,,32
The Man Who Invented Soul,Sam Cooke,Sam Cooke,,,,,32
Revival,Selena Gomez,Selena Gomez,,,,,32
Highway to Hell,AC/DC,AC/DC,,,,,32
Crazy Love,Juke Ross,Juke Ross,,,,,32
Speak Now,Taylor Swift,Taylor Swift,,,,,32
"Up, Up & Away",Chance Peña,Chance Peña,,,,,32
Temporary Heart,Aidan Hawken,Aidan Hawken,,,,,32
How Do You Sleep?,Sam Smith,Sam Smith,,,,,32
The Essential Jim Reeves,Jim Reeves,Jim Reeves,,,,,32
Look At Her Now,Selena Gomez,Selena Gomez,,,,,32
Yes Boss,Kumar Sanu,Kumar Sanu,,,,,32
Rare - Deluxe,Selena Gomez,Selena Gomez,,,,,32
Come & Go (with Marshmello),Juice WRLD,Juice WRLD,,,,,32
Lonely (with benny blanco),Justin Bieber,Justin Bieber,,,,,32
A Carnival of Fears,Yellow House,Yellow House,,,,,32
STAY (with Justin Bieber),The Kid LAROI,The Kid LAROI,,,,,32
Dont Mind,Talhah Yunus,Talhah Yunus,,,,,32
Star Wars: Revenge of the Sith,John Williams,John Williams,,,,,32
Elliot's Song,Dominic Fike,Dominic Fike,,,,,32
Dont Mind,Young Stunners,Young Stunners,,,,,32
Sweet Home,SYML,SYML,,,,,32
Inner Monologue Part 1,Julia Michaels,Julia Michaels,,,,,31
A Day At The Races,Queen,Queen,,,,,31
Subterranean,Tracy Bryant,Tracy Bryant,,,,,31
Peter Sivo Band (1946-1961),Peter Sivo Band,Peter Sivo Band,,,,,31
A Brief Inquiry Into Online Relationships,The 1975,The 1975,,,,,31
Jozy,Jozy,Jozy,,,,,31
Shameless Pop Songs 2008,Oliver North Boy Choir,Oliver North Boy Choir,,,,,31
Karthik Calling Karthik,Clinton Cerejo,Clinton Cerejo,,,,,31
Bunty Aur Babli,Shankar-Ehsaan-Loy,Shankar-Ehsaan-Loy,,,,,31
Sex Education Original Soundtrack,Ezra Furman,Ezra Furman,,,,,31
Wishing Well (feat. Lucy Tops),Stomper,Stomper,,,,,31
24K Magic,Bruno Mars,Bruno Mars,,,,,31
The Smiths,The Smiths,The Smiths,,,,,31
Voulez-Vous,ABBA,ABBA,,,,,31
Motley Crew,Post Malone,Post Malone,,,,,31
If We’ll Ever Be Remembered,Martin Garrix,Martin Garrix,,,,,31
Manzar Kashi,Jokhay,Jokhay,,,,,31
Mr. Morale & The Big Steppers,Kendrick Lamar,Kendrick Lamar,,,,,31
Jawan,Anirudh Ravichander,Anirudh Ravichander,,,,,31
Mangalashtak Once More,Abhijeet Sawant,Abhijeet Sawant,,,,,31
Saiyaara,The Rish,The Rish,,,,,31
Imagine,John Lennon,John Lennon,,,,,30
Overgrown,James Blake,James Blake,,,,,30
Coming Home,Leon Bridges,Leon Bridges,,,,,30
Dermot Kennedy,Dermot Kennedy,Dermot Kennedy,,,,,30
Slingshot To Heaven,Margot & The Nuclear So And So's,Margot & The Nuclear So And So's,,,,,30
"Songs For You, Truths For Me",James Morrison,James Morrison,,,,,30
Up All Night,One Direction,One Direction,,,,,30
Who's Next - Deluxe Edition,The Who,The Who,,,,,30
Dance Monkey (Stripped Back) / Dance Monkey,Tones And I,Tones And I,,,,,30
Righteous,Juice WRLD,Juice WRLD,,,,,30
Therefore I Am,Billie Eilish,Billie Eilish,,,,,30
Parasite (Original Motion Picture Soundtrack),jung jaeil,jung jaeil,,,,,30
Ye Dunya,Karakoram,Karakoram,,,,,30
Tu Majha Kinara,Swapnil Bandodkar,Swapnil Bandodkar,,,,,30
Petals to Thorns,d4vd,d4vd,,,,,30
Lai Bhari,Sonu Nigam,Sonu Nigam,,,,,30
Intellect,Brainy,Brainy,,,,,30
Dhadak 2,Shreya Ghoshal,Shreya Ghoshal,,,,,30
Stranger In Town,Bob Seger,Bob Seger,,,,,29
To Be Continued...,Elton John,Elton John,,,,,29
Out of the Blue,Electric Light Orchestra,Electric Light Orchestra,,,,,29
The Original Soundtrack,10cc,10cc,,,,,29
When The Sun Goes Down,Selena Gomez & The Scene,Selena Gomez & The Scene,,,,,29
Sweetheart Of The Rodeo,The Byrds,The Byrds,,,,,29
Highway 61 Revisited,Bob Dylan,Bob Dylan,,,,,29
Electric Ladyland,Jimi Hendrix,Jimi Hendrix,,,,,29
Yeh Jawaani Hai Deewani,Pritam,Pritam,,,,,29
Universal Mother,Sinéad O'Connor,Sinéad O'Connor,,,,,29
channel ORANGE,Frank Ocean,Frank Ocean,,,,,29
All the Time,Zara Larsson,Zara Larsson,,,,,29
High Violet (Expanded Edition),The National,The National,,,,,29
The Slim Shady LP,Eminem,Eminem,,,,,29
Kuch Kuch Hota Hai (Original Motion Picture Soundtrack),Jatin-Lalit,Jatin-Lalit,,,,,29
ily (i love you baby) (feat. Emilee),Surf Mesa,Surf Mesa,,,,,29
I.,Cigarettes After Sex,Cigarettes After Sex,,,,,29
Happier Than Ever,Billie Eilish,Billie Eilish,,,,,29
I’m Tired (with Zendaya) - Bonus Track,Labrinth,Labrinth,,,,,29
Ma Belle,AP Dhillon,AP Dhillon,,,,,29
up at night (feat. justin bieber),Kehlani,Kehlani,,,,,29
Where We Started,Thomas Rhett,Thomas Rhett,,,,,29
Synchronicity - Remastered 2003,The Police,The Police,,,,,29
Raanjhanaa (Original Motion Picture Soundtrack),A.R. Rahman,A.R. Rahman,,,,,29
Endless Summer Vacation,Miley Cyrus,Miley Cyrus,,,,,29
Therapy,Derik Fein,Derik Fein,,,,,29
Chase Atlantic,Chase Atlantic,Chase Atlantic,,,,,29
Dagdi Chawl,harsh wavre,harsh wavre,,,,,29
Dard,Darshan Raval,Darshan Raval,,,,,29
Jugraafiya,Udit Narayan,Udit Narayan,,,,,29
Night & Day,The Vamps,The Vamps,,,,,28
Southern Nights,Glen Campbell,Glen Campbell,,,,,28
Never Really Over,Katy Perry,Katy Perry,,,,,28
Third,Portishead,Portishead,,,,,28
The Best In The World Pack,Drake,Drake,,,,,28
Talk That Talk,Rihanna,Rihanna,,,,,28
Open Field,Taken By Trees,Taken By Trees,,,,,28
Greatest Hits II,Queen,Queen,,,,,28
Rockstar,Kavita Krishnamurthy,Kavita Krishnamurthy,,,,,28
Jhoom Barabar Jhoom,Shankar-Ehsaan-Loy,Shankar-Ehsaan-Loy,,,,,28
Till The End,Jonas Blue,Jonas Blue,,,,,28
One Day At A Time,Kodaline,Kodaline,,,,,28
emails i can't send,Sabrina Carpenter,Sabrina Carpenter,,,,,28
Aga Bai Arechya,Shankar Mahadevan,Shankar Mahadevan,,,,,28
Dance The Night (From Barbie The Album),Dua Lipa,Dua Lipa,,,,,28
Sprinter,Dave,Dave,,,,,28
Dune: Part Two (Original Motion Picture Soundtrack),Hans Zimmer,Hans Zimmer,,,,,28
Timepass,Swapnil Bandodkar,Swapnil Bandodkar,,,,,28
"Tum Se (From ""Teri Baaton Mein Aisa Uljha Jiya"")",Sachin-Jigar,Sachin-Jigar,,,,,28
11K,Seedhe Maut,Seedhe Maut,,,,,28
"Mere Dholna 3.0 (Sonu Nigam Version) [From ""Bhool Bhulaiyaa 3""]",Pritam,Pritam,,,,,28
I met you when I was 18.,Lauv,Lauv,,,,,27
Let's Stay Together,Al Green,Al Green,,,,,27
Where the Light Is: John Mayer Live In Los Angeles,John Mayer,John Mayer,,,,,27
All That You Can't Leave Behind,U2,U2,,,,,27
Magical Mystery Tour,The Beatles,The Beatles,,,,,27
Double Fantasy: Stripped Down,John Lennon,John Lennon,,,,,27
Immortal,Michael Jackson,Michael Jackson,,,,,27
Dancing On The Ceiling - Expanded Edition,Lionel Richie,Lionel Richie,,,,,27
The Bodyguard - Original Soundtrack Album,Whitney Houston,Whitney Houston,,,,,27
Wolves,Selena Gomez,Selena Gomez,,,,,27
Piano Man (Legacy Edition),Billy Joel,Billy Joel,,,,,27
No Time For Dreaming,Charles Bradley,Charles Bradley,,,,,27
Señorita,Shawn Mendes,Shawn Mendes,,,,,27
Eat Your Heart Out,WALK THE MOON,WALK THE MOON,,,,,27
Love Songs,All Types Of Kinds,All Types Of Kinds,,,,,27
Days,Real Estate,Real Estate,,,,,27
Watermelon Sugar,Harry Styles,Harry Styles,,,,,27
If the World Was Ending (feat. Julia Michaels),JP Saxe,JP Saxe,,,,,27
Hurricane Glass,Catherine Feeny,Catherine Feeny,,,,,27
i don't care at all,bbno$,bbno$,,,,,27
Unapologetic,Rihanna,Rihanna,,,,,27
Hands All Over,Maroon 5,Maroon 5,,,,,27
Shehron Ke Raaz,Prateek Kuhad,Prateek Kuhad,,,,,27
Bitches These Days,Olivia O'Brien,Olivia O'Brien,,,,,27
Harry Potter and the Half-Blood Prince (Original Motion Picture Soundtrack),Nicholas Hooper,Nicholas Hooper,,,,,27
Rock On,Caralisa Monteiro,Caralisa Monteiro,,,,,27
Shershaah,Jasleen Royal,Jasleen Royal,,,,,27
Focus Ring,Denison Witmer,Denison Witmer,,,,,27
FAR FROM OVER,KR$NA,KR$NA,,,,,27
Deep Thinking,Brainy,Brainy,,,,,27
Happier,Marshmello,Marshmello,,,,,26
Let It Be,The Beatles,The Beatles,,,,,26
Only Human,Calum Scott,Calum Scott,,,,,26
The World We Knew,Frank Sinatra,Frank Sinatra,,,,,26
Pat Garrett & Billy The Kid,Bob Dylan,Bob Dylan,,,,,26
Need Somebody (Acoustic),Xuitcasecity,Xuitcasecity,,,,,26
Nilsson Schmilsson,Harry Nilsson,Harry Nilsson,,,,,26
Checkmate,Bag Raiders,Bag Raiders,,,,,26
Rescue Me,OneRepublic,OneRepublic,,,,,26
Muchacho De Lujo,Phosphorescent,Phosphorescent,,,,,26
That's Life,Frank Sinatra,Frank Sinatra,,,,,26
Fanaa,Jatin-Lalit,Jatin-Lalit,,,,,26
Best Of Blondie,Blondie,Blondie,,,,,26
ROXANNE,Arizona Zervas,Arizona Zervas,,,,,26
Bobby Helms Sings To My Special Angel,Bobby Helms,Bobby Helms,,,,,26
The Samples,The Samples,The Samples,,,,,26
Blinding Lights,The Weeknd,The Weeknd,,,,,26
Reminds Me Of You,Juice WRLD,Juice WRLD,,,,,26
Chaand Baaliyan,Aditya A,Aditya A,,,,,26
Shri Krishna Govind Hare Murari,Jubin Nautiyal,Jubin Nautiyal,,,,,26
Don't Delete My Number,daydreamers,daydreamers,,,,,26
Cry Like a Rainstorm Howl Like the Wind,Linda Ronstadt,Linda Ronstadt,,,,,26
Katyar Kaljat Ghusli,Rahul Deshpande,Rahul Deshpande,,,,,26
Thinking,Brainy,Brainy,,,,,26
Born and Raised,John Mayer,John Mayer,,,,,25
HAIZ,Hailee Steinfeld,Hailee Steinfeld,,,,,25
Can't Help Falling In Love,Kina Grannis,Kina Grannis,,,,,25
Gully Boy - Original Motion Picture Soundtrack,Kaam Bhaari,Kaam Bhaari,,,,,25
Camila,Camila Cabello,Camila Cabello,,,,,25
Bringing It All Back Home,Bob Dylan,Bob Dylan,,,,,25
Twilight Theater,Poets of the Fall,Poets of the Fall,,,,,25
Eve Of Destruction,Barry McGuire,Barry McGuire,,,,,25
An Innocent Man,Billy Joel,Billy Joel,,,,,25
Ritual,Tiësto,Tiësto,,,,,25
Birds,Imagine Dragons,Imagine Dragons,,,,,25
Better Half of Me,Tom Walker,Tom Walker,,,,,25
Highway,A.R. Rahman,A.R. Rahman,,,,,25
Level of Concern,Twenty One Pilots,Twenty One Pilots,,,,,25
When Seconds Count,Survivor,Survivor,,,,,25
The Study on Falling,Asaf Avidan,Asaf Avidan,,,,,25
Everyday Life,Coldplay,Coldplay,,,,,25
Konvicted,Akon,Akon,,,,,25
(Remember Me) I'm the One That Loves You,Dean Martin,Dean Martin,,,,,25
Everybody Loves Somebody,Dean Martin,Dean Martin,,,,,25
Roshni,Sickflip,Sickflip,,,,,25
Chaos And The Calm,James Bay,James Bay,,,,,25
Put Your Records On,Ritt Momney,Ritt Momney,,,,,25
Super Trouper,ABBA,ABBA,,,,,25
Seedha Makeover,KR$NA,KR$NA,,,,,25
Give Me The Reason,James Bay,James Bay,,,,,25
You Make My Dreams,Kina Grannis,Kina Grannis,,,,,25
Mora Saiyyan,Shafqat Amanat Ali,Shafqat Amanat Ali,,,,,25
Break Ke Baad,Vishal Dadlani,Vishal Dadlani,,,,,25
Duniyadari,Adarsh Shinde,Adarsh Shinde,,,,,25
Die With A Smile,Lady Gaga,Lady Gaga,,,,,25
Deep Work,Brainy,Brainy,,,,,25
Brain Power,Brainy,Brainy,,,,,25
Cognition,Brainy,Brainy,,,,,25
Diwas Ase Ki,Sandeep Khare,Sandeep Khare,,,,,25
The Diary Of Alicia Keys (Expanded Edition),Alicia Keys,Alicia Keys,,,,,24
Eastside (with Halsey & Khalid),benny blanco,benny blanco,,,,,24
Just Once In My Life,The Righteous Brothers,The Righteous Brothers,,,,,24
Relapse: Refill,Eminem,Eminem,,,,,24
Come A Little Bit Closer: The Best Of Jay & The Americans,Jay & The Americans,Jay & The Americans,,,,,24
United,Marvin Gaye,Marvin Gaye,,,,,24
Eve,Kat Cunning,Kat Cunning,,,,,24
"LABRINTH, SIA & DIPLO PRESENT... LSD",Sia,Sia,,,,,24
EVE,Kat Cunning,Kat Cunning,,,,,24
Easier,5 Seconds of Summer,5 Seconds of Summer,,,,,24
7 EP,Lil Nas X,Lil Nas X,,,,,24
bad guy (with Justin Bieber),Billie Eilish,Billie Eilish,,,,,24
The Days / Nights,Avicii,Avicii,,,,,24
Young Galaxy,Young Galaxy,Young Galaxy,,,,,24
The Best Of Keane,Keane,Keane,,,,,24
Taylor Swift,Taylor Swift,Taylor Swift,,,,,24
September Morn,Neil Diamond,Neil Diamond,,,,,24
This Year's Model,Elvis Costello & The Attractions,Elvis Costello & The Attractions,,,,,24
Home Again,Michael Kiwanuka,Michael Kiwanuka,,,,,24
Chandni Chowk To China,Shankar Mahadevan,Shankar Mahadevan,,,,,24
XO,John Mayer,John Mayer,,,,,24
Better,ZAYN,ZAYN,,,,,24
Leave The Door Open,Bruno Mars,Bruno Mars,,,,,24
Californication,Red Hot Chili Peppers,Red Hot Chili Peppers,,,,,24
Harry Potter and the Prisoner of Azkaban / Original Motion Picture Soundtrack,John Williams,John Williams,,,,,24
Rewrite The Stars,Zac Efron,Zac Efron,,,,,24
Mere Brother Ki Dulhan,Sohail Sen,Sohail Sen,,,,,24
"Phir Aur Kya Chahiye (From ""Zara Hatke Zara Bachke"")",Sachin-Jigar,Sachin-Jigar,,,,,24
Katyar Kaljat Ghusli,Shankar Mahadevan,Shankar Mahadevan,,,,,24
DL91 FM,Seedhe Maut,Seedhe Maut,,,,,24
Stranger in the Alps,Phoebe Bridgers,Phoebe Bridgers,,,,,23
Love Yourself 結 'Answer',BTS,BTS,,,,,23
Sucker,Jonas Brothers,Jonas Brothers,,,,,23
Time,Electric Light Orchestra,Electric Light Orchestra,,,,,23
Turn! Turn! Turn!,The Byrds,The Byrds,,,,,23
Inside Out,Mokita,Mokita,,,,,23
Burning Blue,The Impersonators,The Impersonators,,,,,23
Escape,Enrique Iglesias,Enrique Iglesias,,,,,23
Lights Up,Harry Styles,Harry Styles,,,,,23
Main Hoon Na,KK,KK,,,,,23
Ma Fleur,The Cinematic Orchestra,The Cinematic Orchestra,,,,,23
ERYS,Jaden,Jaden,,,,,23
Greatest Hits,Jim Reeves,Jim Reeves,,,,,23
Myopia,Agnes Obel,Agnes Obel,,,,,23
A Girl Like Me,Rihanna,Rihanna,,,,,23
Huli Ka,"Whatever, Dad","Whatever, Dad",,,,,23
Bad Habits,Ed Sheeran,Ed Sheeran,,,,,23
Farq hai,Suzonn,Suzonn,,,,,23
Blood Sugar Sex Magik,Red Hot Chili Peppers,Red Hot Chili Peppers,,,,,23
"Alex Goot & Friends, Vol. 7",Alex Goot,Alex Goot,,,,,23
Past Lives,Martin Arteta,Martin Arteta,,,,,23
HEROES & VILLAINS,Metro Boomin,Metro Boomin,,,,,23
4TH WALL,Ruel,Ruel,,,,,23
"Tere Vaaste (From ""Zara Hatke Zara Bachke"")",Varun Jain,Varun Jain,,,,,23
Take Care,Drake,Drake,,,,,23
The Party Never Ends 2.0,Juice WRLD,Juice WRLD,,,,,23
Sarla Ek Koti (Original Motion Picture Soundtrack),Ajay Gogavale,Ajay Gogavale,,,,,23
nadaaniyan,Akshath,Akshath,,,,,23
Memory,Brainy,Brainy,,,,,23
Beyond,Leon Bridges,Leon Bridges,,,,,22
"I, Tonya",Fleetwood Mac,Fleetwood Mac,,,,,22
Back In Black,AC/DC,AC/DC,,,,,22
13 Reasons Why,OneRepublic,OneRepublic,,,,,22
Lake Shore Drive,Aliotta Haynes Jeremiah,Aliotta Haynes Jeremiah,,,,,22
Less Is More,Lost Frequencies,Lost Frequencies,,,,,22
ANTI,Rihanna,Rihanna,,,,,22
Straight From The Soul,Irma Thomas,Irma Thomas,,,,,22
Whole Lotta Live. Best of Today FM Sessions.,Villagers,Villagers,,,,,22
Rich Love,OneRepublic,OneRepublic,,,,,22
"summer,",Jeremy Zucker,Jeremy Zucker,,,,,22
Almost Persuaded,David Houston,David Houston,,,,,22
Bluff,Futuro Pelo,Futuro Pelo,,,,,22
"Cult Hits of the 1960's, Vol. 1",Bob Kelly,Bob Kelly,,,,,22
LoverFriend,Rosalyn,Rosalyn,,,,,22
F**K All the Perfect People,Chip Taylor,Chip Taylor,,,,,22
Remind Me Tomorrow,Sharon Van Etten,Sharon Van Etten,,,,,22
Glen Campbell - The Capitol Years 1965 - 1977,Glen Campbell,Glen Campbell,,,,,22
21st Century Breakdown,Green Day,Green Day,,,,,22
Trench,Twenty One Pilots,Twenty One Pilots,,,,,22
Agency,Rap Demon,Rap Demon,,,,,22
Desi Boyz,Pritam,Pritam,,,,,22
A Black Mile To The Surface,Manchester Orchestra,Manchester Orchestra,,,,,22
Rabbi,Rabbi Shergill,Rabbi Shergill,,,,,22
Model,Wallows,Wallows,,,,,22
NEVER ENOUGH,Daniel Caesar,Daniel Caesar,,,,,22
Dancing With A Stranger (with Normani),Sam Smith,Sam Smith,,,,,21
Looking Glass,Looking Glass,Looking Glass,,,,,21
Arrival,ABBA,ABBA,,,,,21
If You Can Believe Your Eyes & Ears,The Mamas & The Papas,The Mamas & The Papas,,,,,21
Pendulum,Creedence Clearwater Revival,Creedence Clearwater Revival,,,,,21
Jealous Gods,Poets of the Fall,Poets of the Fall,,,,,21
Come and Get Your Love,Redbone,Redbone,,,,,21
Fetish (feat. Gucci Mane),Selena Gomez,Selena Gomez,,,,,21
The Very Best Of The Righteous Brothers - Unchained Melody,The Righteous Brothers,The Righteous Brothers,,,,,21
Heartless,The Weeknd,The Weeknd,,,,,21
Kabir Singh,Shreya Ghoshal,Shreya Ghoshal,,,,,21
Le Kov,Gwenno,Gwenno,,,,,21
Facing Future,Israel Kamakawiwo'ole,Israel Kamakawiwo'ole,,,,,21
What A Wonderful World,Louis Armstrong,Louis Armstrong,,,,,21
You're All I Want,Cigarettes After Sex,Cigarettes After Sex,,,,,21
"Hey, Brother Pour The Wine",Dean Martin,Dean Martin,,,,,21
On Hold,Fenne Lily,Fenne Lily,,,,,21
The Bang Years 1966-1968 - The 23 Original Mono Recordings,Neil Diamond,Neil Diamond,,,,,21
302,Naezy,Naezy,,,,,21
Agent Vinod,Pritam,Pritam,,,,,21
Hotel California,Eagles,Eagles,,,,,21
Waqt Ki Baatein,Dream Note,Dream Note,,,,,21
Star Wars: Return of the Jedi - Original Motion Picture Soundtrack,John Williams,John Williams,,,,,21
Love Like That,Phillip Phillips,Phillip Phillips,,,,,21
By the Way,Red Hot Chili Peppers,Red Hot Chili Peppers,,,,,21
Sharks,Imagine Dragons,Imagine Dragons,,,,,21
KAI - The 1st Mini Album,KAI,KAI,,,,,21
Savarkhed Ek Gaon,Ajay Gogavale,Ajay Gogavale,,,,,21
Best of Vaishali Samant,Vaishali Samant,Vaishali Samant,,,,,21
Ae Dil Hai Mushkil (Original Motion Picture Soundtrack) [Deluxe Edition],Pritam,Pritam,,,,,20
Runaways,Siddhartha Khosla,Siddhartha Khosla,,,,,20
On My Way,Alan Walker,Alan Walker,,,,,20
This Time I'm Swingin',Dean Martin,Dean Martin,,,,,20
Raspberries,Raspberries,Raspberries,,,,,20
hopeless fountain kingdom,Halsey,Halsey,,,,,20
Pitch Perfect 2 - Special Edition - Original Motion Picture Soundtrack,Hailee Steinfeld,Hailee Steinfeld,,,,,20
let me go,adam&steve,adam&steve,,,,,20
Aane De - Single,Naezy,Naezy,,,,,20
Silent Alarm,Bloc Party,Bloc Party,,,,,20
Revival,Eminem,Eminem,,,,,20
Lounge Acting,bronwyn,bronwyn,,,,,20
Wondrous Place,Billy Fury,Billy Fury,,,,,20
BoJack Horseman (Music from the Netflix Original Series),Jesse Novak,Jesse Novak,,,,,20
20 Greatest Hits,The Chi-Lites,The Chi-Lites,,,,,20
From Elvis in Memphis,Elvis Presley,Elvis Presley,,,,,20
It's Time,Michael Bublé,Michael Bublé,,,,,20
All the Right Reasons,Nickelback,Nickelback,,,,,20
Hai Bharosa,Piyush Bhisekar,Piyush Bhisekar,,,,,20
Nine Track Mind,Charlie Puth,Charlie Puth,,,,,20
Live At The Isle Of Wight Festival 1970,The Who,The Who,,,,,20
"Jay Ramsey Anthology, Vol. 2",Jay Ramsey,Jay Ramsey,,,,,20
Astaghfirullah,MC STAN,MC STAN,,,,,20
Brown Munde,AP Dhillon,AP Dhillon,,,,,20
Hate Me If It Helps,Alexander 23,Alexander 23,,,,,20
Raaz Tera Mera,Akanksha Sethi,Akanksha Sethi,,,,,20
Aankhon Se Batana,Dikshant,Dikshant,,,,,20
Way Back Home (feat. Conor Maynard),SHAUN,SHAUN,,,,,20
Views,Drake,Drake,,,,,20
Emiliana,CKay,CKay,,,,,20
Salaam-E-Ishq,Sonu Nigam,Sonu Nigam,,,,,20
Speak Now (Taylor's Version),Taylor Swift,Taylor Swift,,,,,20
Gaarva,Milind Ingle,Milind Ingle,,,,,20
SHAKTI,Seedhe Maut,Seedhe Maut,,,,,20
The Land Is Inhospitable and So Are We,Mitski,Mitski,,,,,20
Deep Focus,Brainy,Brainy,,,,,20
"Tum Ho Toh (From ""Saiyaara"")",Vishal Mishra,Vishal Mishra,,,,,20
Music From The Motion Picture Once,Glen Hansard,Glen Hansard,,,,,19
The Endless River,Pink Floyd,Pink Floyd,,,,,19
Bangerz (Deluxe Version),Miley Cyrus,Miley Cyrus,,,,,19
The Time Of Our Lives - International Version,Miley Cyrus,Miley Cyrus,,,,,19
All Things Must Pass,George Harrison,George Harrison,,,,,19
Reimagined,Joey Stamper,Joey Stamper,,,,,19
Good Girl Gone Bad: Reloaded,Rihanna,Rihanna,,,,,19
Bad Liar,Selena Gomez,Selena Gomez,,,,,19
Rock On,Dominique,Dominique,,,,,19
Greatest Hits,Andy Kim,Andy Kim,,,,,19
Baby I Love You,Andy Kim,Andy Kim,,,,,19
Oh Letz Go Music Vol. 2,Oh Letz Go Music,Oh Letz Go Music,,,,,19
Stars Dance,Selena Gomez,Selena Gomez,,,,,19
Victim of Love,Charles Bradley,Charles Bradley,,,,,19
At Fenway,Brian Evans,Brian Evans,,,,,19
The Marvelous Mrs. Maisel: Season 2,Barbra Streisand,Barbra Streisand,,,,,19
Swades,Udit Narayan,Udit Narayan,,,,,19
Kabhi Haan Kabhi Naa (Original Motion Picture Soundtrack),Jatin-Lalit,Jatin-Lalit,,,,,19
Dilwale (Original Motion Picture Soundtrack),Pritam,Pritam,,,,,19
Love Songs,Elton John,Elton John,,,,,19
Led Zeppelin IV,Led Zeppelin,Led Zeppelin,,,,,19
You Don't Bring Me Flowers,Neil Diamond,Neil Diamond,,,,,19
Dark: Cycle 2 (Original Music From The Netflix Series),Ben Frost,Ben Frost,,,,,19
Relapse [Deluxe],Eminem,Eminem,,,,,19
Unorthodox Jukebox,Bruno Mars,Bruno Mars,,,,,19
Harry Potter and The Chamber of Secrets/ Original Motion Picture Soundtrack,John Williams,John Williams,,,,,19
I Can't Go Back To Sleep,Tanmaya Bhatnagar,Tanmaya Bhatnagar,,,,,19
cold/mess,Prateek Kuhad,Prateek Kuhad,,,,,19
Zindagi Se Maut Tak,Talha Anjum,Talha Anjum,,,,,19
Top Boy,AP Dhillon,AP Dhillon,,,,,19
Themes From The Phantom Menace And Other Film Hits,John Williams,John Williams,,,,,19
So Far So Good,The Chainsmokers,The Chainsmokers,,,,,19
Superache,Conan Gray,Conan Gray,,,,,19
SOS,SZA,SZA,,,,,19
Bandish Bandits,Shankar-Ehsaan-Loy,Shankar-Ehsaan-Loy,,,,,19
"Chaleya (From ""Jawan"")",Anirudh Ravichander,Anirudh Ravichander,,,,,19
Layover,V,V,,,,,19
Call Me Up,daydreamers,daydreamers,,,,,19
Tula Japnar Aahe,Adarsh Shinde,Adarsh Shinde,,,,,19
brent ii,Jeremy Zucker,Jeremy Zucker,,,,,19
Paro,Aditya Rikhari,Aditya Rikhari,,,,,19
Paradise Valley,John Mayer,John Mayer,,,,,18
Gully Boy - Original Motion Picture Soundtrack,D-Cypher,D-Cypher,,,,,18
21,Adele,Adele,,,,,18
Stranger Things (Soundtrack from the Netflix Original Series),Fad Gadget,Fad Gadget,,,,,18
glisten,Jeremy Zucker,Jeremy Zucker,,,,,18
Witness,Katy Perry,Katy Perry,,,,,18
Songs About Jane: 10th Anniversary Edition,Maroon 5,Maroon 5,,,,,18
Smoke + Mirrors,Imagine Dragons,Imagine Dragons,,,,,18
Ladies And Gentlemen... The Best Of George Michael,George Michael,George Michael,,,,,18
The Essential Skeeter Davis,Skeeter Davis,Skeeter Davis,,,,,18
Everything All The Time,Band of Horses,Band of Horses,,,,,18
Hopes And Fears,Keane,Keane,,,,,18
PRISM,Katy Perry,Katy Perry,,,,,18
Coexist,The xx,The xx,,,,,18
Broadchurch,Ólafur Arnalds,Ólafur Arnalds,,,,,18
Higher Love,Kygo,Kygo,,,,,18
Sad Song (feat. TINI),Alesso,Alesso,,,,,18
The Complete Jetzons,The Jetzons,The Jetzons,,,,,18
III,The Lumineers,The Lumineers,,,,,18
The Deuce: (Don't Worry) If There's A Hell Below We're All Going To Go: Season 1 Main Title Theme,Geek Music,Geek Music,,,,,18
LP1,Liam Payne,Liam Payne,,,,,18
Yes Boss,Abhijeet,Abhijeet,,,,,18
Phir Bhi Dil Hai Hindustani (Original Motion Picture Soundtrack),Jatin-Lalit,Jatin-Lalit,,,,,18
The Return of Stravinsky Wellington,Bonaparte,Bonaparte,,,,,18
From Gas to Solid / you are my friend,Soap&Skin,Soap&Skin,,,,,18
Edges Run,Mipso,Mipso,,,,,18
Teenage Dream,Katy Perry,Katy Perry,,,,,18
reputation Stadium Tour Surprise Song Playlist,ZAYN,ZAYN,,,,,18
Lootera,Swanand Kirkire,Swanand Kirkire,,,,,18
Follow,Martin Garrix,Martin Garrix,,,,,18
2step (feat. Lil Baby),Ed Sheeran,Ed Sheeran,,,,,18
Inqilab,Jokhay,Jokhay,,,,,18
"My Dear Melancholy,",The Weeknd,The Weeknd,,,,,18
Umrao Jaan,Alka Yagnik,Alka Yagnik,,,,,18
NOTED...EP,NOTD,NOTD,,,,,18
Maharashtra Shaheer,Ajay-Atul,Ajay-Atul,,,,,18
All I Ever Dream About,daydreamers,daydreamers,,,,,18
Natarang,Ajay Gogavale,Ajay Gogavale,,,,,18
Mismatched: Season 3,Anurag Saikia,Anurag Saikia,,,,,18
Tula Shikwin Chaanglach Dhada,Avadhoot Gupte,Avadhoot Gupte,,,,,18
Blowing Up,KR$NA,KR$NA,,,,,18
"Raanjhan (From ""Do Patti"")",Sachet-Parampara,Sachet-Parampara,,,,,18
Zee Marathi Show Title Songs,Devaki Pandit,Devaki Pandit,,,,,18
Gully Boy - Original Motion Picture Soundtrack,Ace aka Mumbai,Ace aka Mumbai,,,,,17
Me Before You,Imagine Dragons,Imagine Dragons,,,,,17
The Thrill Of It All,Sam Smith,Sam Smith,,,,,17
Close To Me (feat. Swae Lee),Ellie Goulding,Ellie Goulding,,,,,17
Silver,Silver,Silver,,,,,17
She Don't Want Your Love,GIANNI TAYLOR,GIANNI TAYLOR,,,,,17
Keep In Touch,All Types Of Kinds,All Types Of Kinds,,,,,17
SEX AND LOVE,Enrique Iglesias,Enrique Iglesias,,,,,17
Could I Love You Any More (feat. Jason Mraz),Reneé Dominique,Reneé Dominique,,,,,17
Insomnia,Daya,Daya,,,,,17
Grip,Seeb,Seeb,,,,,17
Aatank - Single,Gurbax,Gurbax,,,,,17
Teesri Manzil,DIVINE,DIVINE,,,,,17
Valentine's Day - R&B Love,Meghan Trainor,Meghan Trainor,,,,,17
How Glad I Am,Nancy Wilson,Nancy Wilson,,,,,17
Veer - Zaara,Madan Mohan,Madan Mohan,,,,,17
Nothing But The Best,Frank Sinatra,Frank Sinatra,,,,,17
White Horse,Dirty Streets,Dirty Streets,,,,,17
Greatest Hits,Bob Seger,Bob Seger,,,,,17
This Is Dean Martin,Dean Martin,Dean Martin,,,,,17
Khush to Hai Na,Osho Jain,Osho Jain,,,,,17
Kya Tum Naraaz Ho? (Raw),Tanmaya Bhatnagar,Tanmaya Bhatnagar,,,,,17
"""Heroes""",David Bowie,David Bowie,,,,,17
drivers license,Olivia Rodrigo,Olivia Rodrigo,,,,,17
Goosebumps - Remix,Travis Scott,Travis Scott,,,,,17
Ctrl,SZA,SZA,,,,,17
Masterpiece,Big Thief,Big Thief,,,,,17
The Collection & Tracklisting,Baccara,Baccara,,,,,17
Aathma Raama,Brodha V,Brodha V,,,,,17
Vyanjan,Akash sharma,Akash sharma,,,,,17
Lose My Mind (feat. Josh Franceschi),James Arthur,James Arthur,,,,,17
iPad,The Chainsmokers,The Chainsmokers,,,,,17
Aarzu,Jokhay,Jokhay,,,,,17
As It Was,PREP,PREP,,,,,17
sure thing (sped up),accelerate,accelerate,,,,,17
Ek Ladki Ko Dekha Toh Aisa Laga,Darshan Raval,Darshan Raval,,,,,17
Noor,Akshath,Akshath,,,,,17
Jab Tum Miley,Abhilasha Sinha,Abhilasha Sinha,,,,,17
"What Was I Made For? [From The Motion Picture ""Barbie""]",Billie Eilish,Billie Eilish,,,,,17
Ajay - Atul Hits,Shankar Mahadevan,Shankar Mahadevan,,,,,17
Joota Japani,KR$NA,KR$NA,,,,,17
"Dhun (From ""Saiyaara"")",Mithoon,Mithoon,,,,,17
A Little More,Ed Sheeran,Ed Sheeran,,,,,17
Mr. And Mrs. Mahi,Bunny,Bunny,,,,,17
Power Hits 2017,Hailee Steinfeld,Hailee Steinfeld,,,,,16
Sweetener,Ariana Grande,Ariana Grande,,,,,16
The Razors Edge,AC/DC,AC/DC,,,,,16
Raat Raazi,Prateek Kuhad,Prateek Kuhad,,,,,16
There's No Way (feat. Julia Michaels),Lauv,Lauv,,,,,16
Hits & Stars 2018,Dua Lipa,Dua Lipa,,,,,16
Veneer,José González,José González,,,,,16
Currents,Tame Impala,Tame Impala,,,,,16
Higher,New Beat Order,New Beat Order,,,,,16
Starving,Hailee Steinfeld,Hailee Steinfeld,,,,,16
It Ain't Me (with Selena Gomez),Kygo,Kygo,,,,,16
One Thing Right,Marshmello,Marshmello,,,,,16
Lovers,Anna of the North,Anna of the North,,,,,16
Teeth,5 Seconds of Summer,5 Seconds of Summer,,,,,16
World War Joy...Takeaway,The Chainsmokers,The Chainsmokers,,,,,16
The Works,Queen,Queen,,,,,16
Looking for Alaska (Music from the Original Series),Siddhartha Khosla,Siddhartha Khosla,,,,,16
Falling,Trevor Daniel,Trevor Daniel,,,,,16
Jab We Met,Rashid Khan,Rashid Khan,,,,,16
Da Doo Ron Ron: The Very Best of The Crystals,The Crystals,The Crystals,,,,,16
Billy Ocean,Billy Ocean,Billy Ocean,,,,,16
Nicotine,Trevor Daniel,Trevor Daniel,,,,,16
Julia Wolfe: Anthracite Fields,Julia Wolfe,Julia Wolfe,,,,,16
The Lexicon Of Love,ABC,ABC,,,,,16
Heart Of Stone,Cher,Cher,,,,,16
Whenever You Need Somebody,Rick Astley,Rick Astley,,,,,16
The Heist,Macklemore & Ryan Lewis,Macklemore & Ryan Lewis,,,,,16
Enrique,Enrique Iglesias,Enrique Iglesias,,,,,16
Half Written Story,Hailee Steinfeld,Hailee Steinfeld,,,,,16
Marz,The Yellow Diary,The Yellow Diary,,,,,16
Making Movies,Dire Straits,Dire Straits,,,,,16
Jackson C. Frank,Jackson C. Frank,Jackson C. Frank,,,,,16
All the Right Reasons - Walmart Exclusive Edition,Nickelback,Nickelback,,,,,16
One of These Nights,Eagles,Eagles,,,,,16
"Oh, Death",SUGR?,SUGR?,,,,,16
Crane Song,TOLEDO,TOLEDO,,,,,16
Dandelion,Jesse Jo Stark,Jesse Jo Stark,,,,,16
Make Out in My Car: Chameleon Suite,Moses Sumney,Moses Sumney,,,,,16
I Don't Wanna Lose,Kate Bollinger,Kate Bollinger,,,,,16
When We Feel Young,When Chai Met Toast,When Chai Met Toast,,,,,16
The Prelude,Pink Sweat$,Pink Sweat$,,,,,16
Before the Beginning - 1968-1970 Rare Live & Demo Sessions (Remastered),Fleetwood Mac,Fleetwood Mac,,,,,16
Crazy Love,Michael Bublé,Michael Bublé,,,,,16
To Be Alive,Rhys Lewis,Rhys Lewis,,,,,16
Breezeblocks,Taylor Rae,Taylor Rae,,,,,16
Pannaiyaarum Padminiyum (Original Motion Picture Soundtrack),Justin Prabhakaran,Justin Prabhakaran,,,,,16
My You,Jung Kook,Jung Kook,,,,,16
Seven (feat. Latto),Jung Kook,Jung Kook,,,,,16
Omkar Swarupa,Suresh Wadkar,Suresh Wadkar,,,,,16
Elephant,The White Stripes,The White Stripes,,,,,16
Alienated,ZAYN,ZAYN,,,,,16
Espresso,Sabrina Carpenter,Sabrina Carpenter,,,,,16
Khoobsurat,Rushil Aswal,Rushil Aswal,,,,,16
Navra Maza Navsacha,Sonu Nigam,Sonu Nigam,,,,,16
"Saiyaara (From ""Saiyaara"")",Tanishk Bagchi,Tanishk Bagchi,,,,,16
Coke Studio Season 9: Sound of the Nation,Momina Mustehsan,Momina Mustehsan,,,,,15
"I Can’t Get Enough (benny blanco, Selena Gomez, J Balvin, Tainy)",benny blanco,benny blanco,,,,,15
Gully Boy - Original Motion Picture Soundtrack,Midival Punditz,Midival Punditz,,,,,15
Gully Boy - Original Motion Picture Soundtrack,Viveick Rajagopalan,Viveick Rajagopalan,,,,,15
25,Adele,Adele,,,,,15
Wow.,Post Malone,Post Malone,,,,,15
Odessey and Oracle,The Zombies,The Zombies,,,,,15
Hope World,j-hope,j-hope,,,,,15
Old Town Road,Lil Nas X,Lil Nas X,,,,,15
mono.,RM,RM,,,,,15
Tell Me You Love Me,Demi Lovato,Demi Lovato,,,,,15
Metallica,Metallica,Metallica,,,,,15
Game of Thrones (Music from the HBO® Series - Season 6),Ramin Djawadi,Ramin Djawadi,,,,,15
Tea for the Tillerman,Yusuf / Cat Stevens,Yusuf / Cat Stevens,,,,,15
My Temptation,Klergy,Klergy,,,,,15
"The Sun Will Come up, The Seasons Will Change",Nina Nesbitt,Nina Nesbitt,,,,,15
Crying in the Club,Camila Cabello,Camila Cabello,,,,,15
Dangerous Woman,Ariana Grande,Ariana Grande,,,,,15
Fifty Shades Freed,Hailee Steinfeld,Hailee Steinfeld,,,,,15
Halcyon Days,Ellie Goulding,Ellie Goulding,,,,,15
Hasee Toh Phasee (Original Motion Picture Soundtrack),Vishal-Shekhar,Vishal-Shekhar,,,,,15
My Life Is Going On,Cecilia Krull,Cecilia Krull,,,,,15
boyfriend,Ariana Grande,Ariana Grande,,,,,15
Handwritten,Shawn Mendes,Shawn Mendes,,,,,15
Woodland,The Paper Kites,The Paper Kites,,,,,15
I Hate Luv Storys (Original Motion Picture Soundtrack),Vishal-Shekhar,Vishal-Shekhar,,,,,15
Struttin' Our Stuff,America,America,,,,,15
Blue Hawaii,Elvis Presley,Elvis Presley,,,,,15
YOU,James Arthur,James Arthur,,,,,15
Blue,Jonas Blue,Jonas Blue,,,,,15
Partners In Crime,Rupert Holmes,Rupert Holmes,,,,,15
Burden of Proof,Bob Schneider,Bob Schneider,,,,,15
Vaaste,Dhvani Bhanushali,Dhvani Bhanushali,,,,,15
Main Hoon Na,Anu Malik,Anu Malik,,,,,15
Baazigar,Kumar Sanu,Kumar Sanu,,,,,15
Day of the Dog,Ezra Furman,Ezra Furman,,,,,15
Get Your Wings,Aerosmith,Aerosmith,,,,,15
Bachna Ae Haseeno,Vishal-Shekhar,Vishal-Shekhar,,,,,15
This Is Clarence Carter,Clarence Carter,Clarence Carter,,,,,15
I Walk the Line (Original Soundtrack Recording),Johnny Cash,Johnny Cash,,,,,15
Sings His Favorites,Paul Anka,Paul Anka,,,,,15
Dream Your Life Away,Vance Joy,Vance Joy,,,,,15
Rockstar,Ranbir Kapoor,Ranbir Kapoor,,,,,15
Dreamland,Glass Animals,Glass Animals,,,,,15
PINK PLANET,Pink Sweat$,Pink Sweat$,,,,,15
Picture Show,Neon Trees,Neon Trees,,,,,15
"Kya Yeh Tumhe Pata Hai? (From ""Comedy Couple"")",Tanmaya Bhatnagar,Tanmaya Bhatnagar,,,,,15
My Universe,Coldplay,Coldplay,,,,,15
Easy On Me,Adele,Adele,,,,,15
Reckless,Bryan Adams,Bryan Adams,,,,,15
Raataan Lambiyan,Tanishk Bagchi,Tanishk Bagchi,,,,,15
Purpose Rap,Talha Anjum,Talha Anjum,,,,,15
So Good,Halsey,Halsey,,,,,15
Akhiyaan,Mitraz,Mitraz,,,,,15
ITAEWON CLASS (Original Television Soundtrack) Pt. 12,V,V,,,,,15
Deepest Purple: The Very Best of Deep Purple,Deep Purple,Deep Purple,,,,,15
Blizzard Of Ozz,Ozzy Osbourne,Ozzy Osbourne,,,,,15
maybe i'm better now,Sarah Kang,Sarah Kang,,,,,15
Clancy,Twenty One Pilots,Twenty One Pilots,,,,,15
HAPPIER!,New West,New West,,,,,15
Katyar Kaljat Ghusli,Shivam Mahadevan,Shivam Mahadevan,,,,,15
Shaky,Sanju Rathod,Sanju Rathod,,,,,15
At Last,Kina Grannis,Kina Grannis,,,,,14
A Star Is Born Soundtrack,Lady Gaga,Lady Gaga,,,,,14
FRIENDS KEEP SECRETS,benny blanco,benny blanco,,,,,14
Dusk Till Dawn (feat. Sia),ZAYN,ZAYN,,,,,14
When I'm Gone,Eminem,Eminem,,,,,14
Hold Tight,NIIKO X SWAE,NIIKO X SWAE,,,,,14
Two of Us,Louis Tomlinson,Louis Tomlinson,,,,,14
My Everything - Deluxe,Ariana Grande,Ariana Grande,,,,,14
"Let Me Go (with Alesso, Florida Georgia Line & watt)",Hailee Steinfeld,Hailee Steinfeld,,,,,14
I'm Sorry...,The Neighbourhood,The Neighbourhood,,,,,14
"Fake Smiles, Real Memories",Unlike Pluto,Unlike Pluto,,,,,14
"Hum Hain Insaaf (From ""Bhavesh Joshi Superhero"")",Babu Haabi,Babu Haabi,,,,,14
Mama Mia,Naezy,Naezy,,,,,14
English Rose,Fleetwood Mac,Fleetwood Mac,,,,,14
17,XXXTENTACION,XXXTENTACION,,,,,14
Izafa,The Yellow Diary,The Yellow Diary,,,,,14
Kites,KK,KK,,,,,14
"Save Me, San Francisco (Golden Gate Edition)",Train,Train,,,,,14
Prateek Kuhad on Audiotree Live,Prateek Kuhad,Prateek Kuhad,,,,,14
Cult Crooner Classics,Bob Kelly,Bob Kelly,,,,,14
The Decca Years 1965 - 1967,Small Faces,Small Faces,,,,,14
The Best Of The Flying Pickets,The Flying Pickets,The Flying Pickets,,,,,14
Gets Next To You,Al Green,Al Green,,,,,14
Starland Vocal Band,Starland Vocal Band,Starland Vocal Band,,,,,14
Om Shanti Om,Sonu Nigam,Sonu Nigam,,,,,14
Supergrass,Supergrass,Supergrass,,,,,14
Somewhere Over the Rainbow The Best of Israel Kamakawiwo`ole,Israel Kamakawiwo'ole,Israel Kamakawiwo'ole,,,,,14
Aqualung Live,Jethro Tull,Jethro Tull,,,,,14
"The Philly Sound You Never Heard Volume 1: Songs, Productions & Arrangements of Morris Bailey",Johnny Newbag,Johnny Newbag,,,,,14
Diner Jukebox,Andrea Litkei,Andrea Litkei,,,,,14
YOU,Ali Gatie,Ali Gatie,,,,,14
Sunoh,Lucky Ali,Lucky Ali,,,,,14
Dance The Cool Jerk,The Capitols,The Capitols,,,,,14
Scratch My Back,Peter Gabriel,Peter Gabriel,,,,,14
Silver Side Up,Nickelback,Nickelback,,,,,14
James Bay Spotify Session 2015,James Bay,James Bay,,,,,14
Euphoria,Enrique Iglesias,Enrique Iglesias,,,,,14
Hoobastank,Hoobastank,Hoobastank,,,,,14
Planet Pit (Deluxe Version),Pitbull,Pitbull,,,,,14
That's My Name,Akcent,Akcent,,,,,14
The Script,The Script,The Script,,,,,14
Favourite Worst Nightmare,Arctic Monkeys,Arctic Monkeys,,,,,14
The Warrior's Code,Dropkick Murphys,Dropkick Murphys,,,,,14
Vintage Red,Jay Jay Pistolet,Jay Jay Pistolet,,,,,14
Raat Adhoori,Tanmaya Bhatnagar,Tanmaya Bhatnagar,,,,,14
Heathens,Twenty One Pilots,Twenty One Pilots,,,,,14
Live At Wembley Arena,ABBA,ABBA,,,,,14
I Love You So,The Walters,The Walters,,,,,14
An Evening With Silk Sonic,Bruno Mars,Bruno Mars,,,,,14
Just Lose It,Eminem,Eminem,,,,,14
Music To Be Murdered By - Side B,Eminem,Eminem,,,,,14
Heaven,Calum Scott,Calum Scott,,,,,14
BLENDER,5 Seconds of Summer,5 Seconds of Summer,,,,,14
Thank Me Later,Drake,Drake,,,,,14
London Dreams,Shankar Mahadevan,Shankar Mahadevan,,,,,14
Berry Is On Top,Chuck Berry,Chuck Berry,,,,,14
Star Wars: A New Hope,John Williams,John Williams,,,,,14
Afsos,Anuv Jain,Anuv Jain,,,,,14
So Tonight That I Might See,Mazzy Star,Mazzy Star,,,,,14
Mr. And Mrs. Mahi,Tanishk Bagchi,Tanishk Bagchi,,,,,14
Saiyaara,Vishal Mishra,Vishal Mishra,,,,,14
I Dream of You: CALM,JJ Heller,JJ Heller,,,,,13
The Lumineers,The Lumineers,The Lumineers,,,,,13
Phoenix (Deluxe),Rita Ora,Rita Ora,,,,,13
I Don’t Wanna Live Forever (Fifty Shades Darker),ZAYN,ZAYN,,,,,13
Experiment,Kane Brown,Kane Brown,,,,,13
Gully Boy - Original Motion Picture Soundtrack,Jasleen Royal,Jasleen Royal,,,,,13
Native,OneRepublic,OneRepublic,,,,,13
Kids in Love,Kygo,Kygo,,,,,13
Five Feet Apart (Original Motion Picture Soundtrack) (Deluxe),Brian Tyler,Brian Tyler,,,,,13
The 20/20 Experience (Deluxe Version),Justin Timberlake,Justin Timberlake,,,,,13
Tribute,John Newman,John Newman,,,,,13
13 Reasons Why,Selena Gomez,Selena Gomez,,,,,13
The Best Of What's Around - Vol.1,Dave Matthews Band,Dave Matthews Band,,,,,13
One Of The Boys,Katy Perry,Katy Perry,,,,,13
Storm Front,Billy Joel,Billy Joel,,,,,13
Big Little Lies,Ituana,Ituana,,,,,13
Half the City,St. Paul & The Broken Bones,St. Paul & The Broken Bones,,,,,13
You Need To Calm Down,Taylor Swift,Taylor Swift,,,,,13
5000 Candles In The Wind,Sea Turtle Harmonic,Sea Turtle Harmonic,,,,,13
City Slums (feat. DIVINE),Raja Kumari,Raja Kumari,,,,,13
Dhoond Le - Single,Naezy,Naezy,,,,,13
My Way,Frank Sinatra,Frank Sinatra,,,,,13
Somebody To Love,OneRepublic,OneRepublic,,,,,13
Tum Mile (Original Motion Picture Soundtrack),Pritam,Pritam,,,,,13
Student of the Year (Original Motion Picture Soundtrack),Vishal-Shekhar,Vishal-Shekhar,,,,,13
Moon River And Other Great Movie Themes,Andy Williams,Andy Williams,,,,,13
Loving Is the Way,Alex McArtor,Alex McArtor,,,,,13
Fearless - International Version,Taylor Swift,Taylor Swift,,,,,13
Kabir Singh,Jubin Nautiyal,Jubin Nautiyal,,,,,13
Swades,A.R. Rahman,A.R. Rahman,,,,,13
Ra-One,Akon,Akon,,,,,13
Taare Zameen Par,Shankar Mahadevan,Shankar Mahadevan,,,,,13
zer0,Krewella,Krewella,,,,,13
The Lamb Lies Down On Broadway,Genesis,Genesis,,,,,13
40 titres d'or,Tino Rossi,Tino Rossi,,,,,13
Aftermath,The Rolling Stones,The Rolling Stones,,,,,13
Thandi Hawa,Ritviz,Ritviz,,,,,13
THE END OF EVERYTHING,Noah Cyrus,Noah Cyrus,,,,,13
Love Aaj Kal,Pritam,Pritam,,,,,13
"May the Angels (from ""Dark"")",Alev Lenz,Alev Lenz,,,,,13
Celebration,Madonna,Madonna,,,,,13
The Rokstarr Hits Collection,Taio Cruz,Taio Cruz,,,,,13
Sweet Dreams: The Life And Times Of Patsy Cline,Patsy Cline,Patsy Cline,,,,,13
Sun Lo Na (Raw),Suzonn,Suzonn,,,,,13
Meet The Vamps,The Vamps,The Vamps,,,,,13
Outlandos D'Amour - Remastered 2003,The Police,The Police,,,,,13
Roy Buchanan,Roy Buchanan,Roy Buchanan,,,,,13
Reggatta De Blanc - Remastered 2003,The Police,The Police,,,,,13
"Dean Martin: The Capitol Recordings, Vol. 5 (1954)",Dean Martin,Dean Martin,,,,,13
supercuts,Jeremy Zucker,Jeremy Zucker,,,,,13
Pal Behta Jaaye,Vismay Patel,Vismay Patel,,,,,13
Ceremonials,Florence + The Machine,Florence + The Machine,,,,,13
Elton John,Elton John,Elton John,,,,,13
Stones,Neil Diamond,Neil Diamond,,,,,13
Fallen,Gert Taberner,Gert Taberner,,,,,13
Khamoshi,Ritviz,Ritviz,,,,,13
Mismatched: Season 1 (Music from the Netflix Original Series),Anurag Saikia,Anurag Saikia,,,,,13
Saathiya,A.R. Rahman,A.R. Rahman,,,,,13
Italian Love Songs,Dean Martin,Dean Martin,,,,,13
Toxic,AP Dhillon,AP Dhillon,,,,,13
Gooda,Fotty Seven,Fotty Seven,,,,,13
Riptide,The Chainsmokers,The Chainsmokers,,,,,13
Insaan,MC STAN,MC STAN,,,,,13
That's Hilarious,Charlie Puth,Charlie Puth,,,,,13
Trouble Deluxe Edition,Akon,Akon,,,,,13
nuits d'été,Oscar Anton,Oscar Anton,,,,,13
Made In The A.M.,One Direction,One Direction,,,,,13
Eyes,Bazzi,Bazzi,,,,,13
Still Rollin,Shubh,Shubh,,,,,13
Still With You,Jung Kook,Jung Kook,,,,,13
Heeriye (feat. Arijit Singh),Jasleen Royal,Jasleen Royal,,,,,13
Surfer's Choice,Dick Dale & His Del-Tones,Dick Dale & His Del-Tones,,,,,13
GABRIEL,keshi,keshi,,,,,13
Fall for You,Sarah Kang,Sarah Kang,,,,,13
In the Shape of a Dream,ayokay,ayokay,,,,,13
After Dark,Noah Rinker,Noah Rinker,,,,,13
Colourblind,daydreamers,daydreamers,,,,,13
Tangled Up,Thomas Rhett,Thomas Rhett,,,,,13
Heavier Things,John Mayer,John Mayer,,,,,12
Melodrama,Lorde,Lorde,,,,,12
Stranger Things (Soundtrack from the Netflix Original Series),The Romantics,The Romantics,,,,,12
Tripling: Season 2 (Music from TVF Original Series),Nilotpal Bora,Nilotpal Bora,,,,,12
Stranger Things (Soundtrack from the Netflix Original Series),Corey Hart,Corey Hart,,,,,12
Free Spirit,Khalid,Khalid,,,,,12
The Hits Of Harlem Volume Two,The Ascots,The Ascots,,,,,12
idle,Jeremy Zucker,Jeremy Zucker,,,,,12
Overexposed Track By Track,Maroon 5,Maroon 5,,,,,12
Reflection,Fifth Harmony,Fifth Harmony,,,,,12
Confident - Deluxe Edition,Demi Lovato,Demi Lovato,,,,,12
In the Name of Love,Martin Garrix,Martin Garrix,,,,,12
Let Me Love You,WEISS,WEISS,,,,,12
Love & Hate,Michael Kiwanuka,Michael Kiwanuka,,,,,12
"Channa Mereya (From ""Ae Dil Hai Mushkil"")",Pritam,Pritam,,,,,12
Big Little Lies,Charles Bradley,Charles Bradley,,,,,12
V - Asia Tour Edition,Adam Levine,Adam Levine,,,,,12
Goodbyes (Feat. Young Thug),Post Malone,Post Malone,,,,,12
One Side,DIVINE,DIVINE,,,,,12
Beauty Behind The Madness,The Weeknd,The Weeknd,,,,,12
"Oh, What A Life",American Authors,American Authors,,,,,12
"good kid, m.A.A.d city",Kendrick Lamar,Kendrick Lamar,,,,,12
13 Reasons Why,Alexander 23,Alexander 23,,,,,12
Cry for Me,Camila Cabello,Camila Cabello,,,,,12
clementine,Halsey,Halsey,,,,,12
Shor in the City (Original Motion Picture Soundtrack),Sachin-Jigar,Sachin-Jigar,,,,,12
Sage,Ritviz,Ritviz,,,,,12
Tell Me It's Real,Seafret,Seafret,,,,,12
Late Night Feelings,Mark Ronson,Mark Ronson,,,,,12
Sunshine (One Love),SHIVA,SHIVA,,,,,12
5 Seconds Of Summer,5 Seconds of Summer,5 Seconds of Summer,,,,,12
Romance,Camila Cabello,Camila Cabello,,,,,12
Legacy,Ricky Nelson,Ricky Nelson,,,,,12
Bear Creek,Brandi Carlile,Brandi Carlile,,,,,12
Zindagi Na Milegi Dobara,Joi Barua,Joi Barua,,,,,12
Dil Chahta Hai,Shankar Mahadevan,Shankar Mahadevan,,,,,12
Take Me Down Easy,James Henry Jr.,James Henry Jr.,,,,,12
King Of The Electric Blues,Muddy Waters,Muddy Waters,,,,,12
Old Dream,Paul Bergmann,Paul Bergmann,,,,,12
Aerosmith,Aerosmith,Aerosmith,,,,,12
Exile On Main Street,The Rolling Stones,The Rolling Stones,,,,,12
Doo-Wops & Hooligans,Bruno Mars,Bruno Mars,,,,,12
The Essential Johnny Mathis,Johnny Mathis,Johnny Mathis,,,,,12
A Flock Of Seagulls,A Flock Of Seagulls,A Flock Of Seagulls,,,,,12
Feuer und Flamme,Nena,Nena,,,,,12
Thunder,RY X,RY X,,,,,12
Crooked Teeth,Papa Roach,Papa Roach,,,,,12
Ice On The Dune,Empire Of The Sun,Empire Of The Sun,,,,,12
Infest,Papa Roach,Papa Roach,,,,,12
Lakshya (Original Motion Picture Soundtrack),Shankar-Ehsaan-Loy,Shankar-Ehsaan-Loy,,,,,12
No Matter What You Are,Badfinger,Badfinger,,,,,12
Trilogy,The Weeknd,The Weeknd,,,,,12
Astronaut In The Ocean,Masked Wolf,Masked Wolf,,,,,12
Till Forever Falls Apart,Ashe,Ashe,,,,,12
Dreamer,"Bobby ""Blue"" Bland","Bobby ""Blue"" Bland",,,,,12
Tap Root Manuscript,Neil Diamond,Neil Diamond,,,,,12
Daydream,The Lovin' Spoonful,The Lovin' Spoonful,,,,,12
The Best Of The Spencer Davis Group Featuring Stevie Winwood,The Spencer Davis Group,The Spencer Davis Group,,,,,12
Ocean Tide,When Chai Met Toast,When Chai Met Toast,,,,,12
space girl,Frances Forever,Frances Forever,,,,,12
Caja de Música,Monsieur Periné,Monsieur Periné,,,,,12
Bandish,Jokhay,Jokhay,,,,,12
Weli Ho,Hasan Raheem,Hasan Raheem,,,,,12
Stadium Arcadium,Red Hot Chili Peppers,Red Hot Chili Peppers,,,,,12
Aftershock,Alexander 23,Alexander 23,,,,,12
The Slow Rush,Tame Impala,Tame Impala,,,,,12
NewJeans 1st EP 'New Jeans',NewJeans,NewJeans,,,,,12
The Art of Letting Go,gnash,gnash,,,,,12
Always Be My Baby,Rosie Thomas,Rosie Thomas,,,,,12
Bigger Love,John Legend,John Legend,,,,,12
snowfall,Øneheart,Øneheart,,,,,12
Phillauri,Romy,Romy,,,,,12
"Ve Kamleya (From ""Rocky Aur Rani Kii Prem Kahaani"")",Pritam,Pritam,,,,,12
Tu hai kahan,AUR,AUR,,,,,12
ROCK-STAR,Stray Kids,Stray Kids,,,,,12
Vertigo,Derik Fein,Derik Fein,,,,,12
Little Bit Better,Caleb Hearn,Caleb Hearn,,,,,12
Ajay - Atul Hits,Kunal Ganjawala,Kunal Ganjawala,,,,,12
"Mere Dholna 3.0 (Sonu Nigam Version) [From ""Bhool Bhulaiyaa 3""]",Amaal Mallik,Amaal Mallik,,,,,12
The Fault In Our Stars: Music From The Motion Picture,Ed Sheeran,Ed Sheeran,,,,,12
Diwas Ase Ki,Shailesh Ranade,Shailesh Ranade,,,,,12
Coke Studio Season 9: Sound of the Nation,Rahat Fateh Ali Khan,Rahat Fateh Ali Khan,,,,,11
Girl Power 2013,Tegan and Sara,Tegan and Sara,,,,,11
Aisha (Original Motion Picture Soundtrack),Amit Trivedi,Amit Trivedi,,,,,11
Stranger Things (Soundtrack from the Netflix Original Series),The Clash,The Clash,,,,,11
Stranger Things (Soundtrack from the Netflix Original Series),Joyce Byers,Joyce Byers,,,,,11
MAP OF THE SOUL : PERSONA,BTS,BTS,,,,,11
Love's Greatest Hits,"Grover Washington, Jr.","Grover Washington, Jr.",,,,,11
Outta My Mind,GUNNAR,GUNNAR,,,,,11
"Eat, Pray, Love",Neil Young,Neil Young,,,,,11
ME! (feat. Brendon Urie of Panic! At The Disco),Taylor Swift,Taylor Swift,,,,,11
The First One,Astrid S,Astrid S,,,,,11
Center Point Road,Thomas Rhett,Thomas Rhett,,,,,11
Box Of Pearls,Big Brother & The Holding Company,Big Brother & The Holding Company,,,,,11
Farak,DIVINE,DIVINE,,,,,11
Jungli Sher,DIVINE,DIVINE,,,,,11
Crush,Cigarettes After Sex,Cigarettes After Sex,,,,,11
Flicker Featuring The RTÉ Concert Orchestra,Niall Horan,Niall Horan,,,,,11
Tehelka,Naezy,Naezy,,,,,11
Fifty Shades Darker,ZAYN,ZAYN,,,,,11
Call Me By Your Name (Original Motion Picture Soundtrack),Sufjan Stevens,Sufjan Stevens,,,,,11
In A Perfect World (Deluxe),Kodaline,Kodaline,,,,,11
Best of 2016,Rae Sremmurd,Rae Sremmurd,,,,,11
The Fault in Our Stars,Troye Sivan,Troye Sivan,,,,,11
Paradise,Drew Tyler,Drew Tyler,,,,,11
"Kaise Hua (From ""Kabir Singh"")",Vishal Mishra,Vishal Mishra,,,,,11
Swades,Alka Yagnik,Alka Yagnik,,,,,11
Dil Chahta Hai,Srinivas,Srinivas,,,,,11
Favorites & Rarities - World,Don McLean,Don McLean,,,,,11
Rab Raakha,The Yellow Diary,The Yellow Diary,,,,,11
"The Columbia Singles, Vol. 2",Tony Bennett,Tony Bennett,,,,,11
Still Smiling,Teho Teardo,Teho Teardo,,,,,11
La La Land,Ryan Gosling,Ryan Gosling,,,,,11
18 Months,Calvin Harris,Calvin Harris,,,,,11
Waqt Ki Baatein - Single,Dream Note,Dream Note,,,,,11
Yaadon Ka Bundergah - Single,Rono,Rono,,,,,11
Royal,The Royal Concept,The Royal Concept,,,,,11
Beethoven Minatures,Ludwig van Beethoven,Ludwig van Beethoven,,,,,11
CALM,5 Seconds of Summer,5 Seconds of Summer,,,,,11
A Christmas Gift For You From Phil Spector,Darlene Love,Darlene Love,,,,,11
Love Story (Taylor’s Version),Taylor Swift,Taylor Swift,,,,,11
COSMIC,Bazzi,Bazzi,,,,,11
Kind Of Blue (Legacy Edition),Miles Davis,Miles Davis,,,,,11
In Dreams,Roy Orbison,Roy Orbison,,,,,11
"Boddie Recording Company: Cleveland, OH.",Harvey & The Phenomenals,Harvey & The Phenomenals,,,,,11
"Blood, Sweat & Tears - Expanded Edition","Blood, Sweat & Tears","Blood, Sweat & Tears",,,,,11
The Essential Waylon Jennings,Waylon Jennings,Waylon Jennings,,,,,11
Michael Bublé,Michael Bublé,Michael Bublé,,,,,11
Tere Hi Hum,Prateek Kuhad,Prateek Kuhad,,,,,11
Mishri,Anuv Jain,Anuv Jain,,,,,11
Kasa Kai,Naezy,Naezy,,,,,11
=,Ed Sheeran,Ed Sheeran,,,,,11
Angel Baby,Troye Sivan,Troye Sivan,,,,,11
More Life,Drake,Drake,,,,,11
Kota Factory: Season 1 (Music from Tvf Original Series),Karthik Rao,Karthik Rao,,,,,11
Woh Banda Nai,Talhah Yunus,Talhah Yunus,,,,,11
Freeverse Feast,KR$NA,KR$NA,,,,,11
Happy Ending (Original Motion Picture Soundtrack),Rekha Bhardwaj,Rekha Bhardwaj,,,,,11
Black Panther: Wakanda Forever - Music From and Inspired By,Rihanna,Rihanna,,,,,11
Karzzzz,Himesh Reshammiya,Himesh Reshammiya,,,,,11
For Your Sweet Love,Ricky Nelson,Ricky Nelson,,,,,11
De Dana Dan,Mika Singh,Mika Singh,,,,,11
"What Jhumka ? (From ""Rocky Aur Rani Kii Prem Kahaani"")",Pritam,Pritam,,,,,11
NEW LIFE,King,King,,,,,11
Paranoid,Black Sabbath,Black Sabbath,,,,,11
Why Do I Still? [feat. May Angeles],Nieman,Nieman,,,,,11
Star Wars: The Empire Strikes Back,John Williams,John Williams,,,,,11
seasons,Amistat,Amistat,,,,,11
The Brownprint,AP Dhillon,AP Dhillon,,,,,11
Bedhund,Swapnil Bandodkar,Swapnil Bandodkar,,,,,11
Nostalgia - EP,Chase Atlantic,Chase Atlantic,,,,,11
Nobody but Me,Michael Bublé,Michael Bublé,,,,,11
Saiyaara,Sachet-Parampara,Sachet-Parampara,,,,,11
New Light,John Mayer,John Mayer,,,,,10
Pure Heroine,Lorde,Lorde,,,,,10
Uprising,Bob Marley & The Wailers,Bob Marley & The Wailers,,,,,10
Soorma,Shankar-Ehsaan-Loy,Shankar-Ehsaan-Loy,,,,,10
Udd Gaye,Ritviz,Ritviz,,,,,10
Without Me,Halsey,Halsey,,,,,10
Emiway-Samajh Mein Aaya Kya?,Emiway Bantai,Emiway Bantai,,,,,10
Scorpion,Drake,Drake,,,,,10
Blue Neighbourhood - Deluxe,Troye Sivan,Troye Sivan,,,,,10
Rock Of The Westies,Elton John,Elton John,,,,,10
Stranger Things (Soundtrack from the Netflix Original Series),Will Byers,Will Byers,,,,,10
Stranger Things (Soundtrack from the Netflix Original Series),Eleven,Eleven,,,,,10
Millennium,Backstreet Boys,Backstreet Boys,,,,,10
Killshot,Eminem,Eminem,,,,,10
Back To You,Selena Gomez,Selena Gomez,,,,,10
Face To Face,Westlife,Westlife,,,,,10
Can U Stay,Tatiana Manaois,Tatiana Manaois,,,,,10
Older,Sasha Alex Sloan,Sasha Alex Sloan,,,,,10
Demi,Demi Lovato,Demi Lovato,,,,,10
Laundry Service,Shakira,Shakira,,,,,10
Queen Of The Clouds,Tove Lo,Tove Lo,,,,,10
Scared to Be Lonely,Martin Garrix,Martin Garrix,,,,,10
Delirium,Ellie Goulding,Ellie Goulding,,,,,10
Phases - EP,PRETTYMUCH,PRETTYMUCH,,,,,10
Better Anyway,Borgeous,Borgeous,,,,,10
Wish You Well,Sigala,Sigala,,,,,10
Falling Like The Stars,James Arthur,James Arthur,,,,,10
Find U Again (feat. Camila Cabello),Mark Ronson,Mark Ronson,,,,,10
How To Save A Life,The Fray,The Fray,,,,,10
Let Go,Avril Lavigne,Avril Lavigne,,,,,10
Bajrangi Bhaijaan,Pritam,Pritam,,,,,10
The Best Party Ever,The Boy Least Likely To,The Boy Least Likely To,,,,,10
Tea For The Tillerman,Yusuf / Cat Stevens,Yusuf / Cat Stevens,,,,,10
Zeher,Kaam Bhaari,Kaam Bhaari,,,,,10
Bella Ciao (Música Original de la Serie la Casa de Papel/ Money Heist),Manu Pilas,Manu Pilas,,,,,10
Rap Ka Mausam,Raga,Raga,,,,,10
Asal Hustle,Naezy,Naezy,,,,,10
Chhote Sunn,Loka,Loka,,,,,10
Sock Them,DIVINE,DIVINE,,,,,10
Red Hot R & B,Bruno Mars,Bruno Mars,,,,,10
Norman Fucking Rockwell!,Lana Del Rey,Lana Del Rey,,,,,10
July,Noah Cyrus,Noah Cyrus,,,,,10
To Pimp A Butterfly,Kendrick Lamar,Kendrick Lamar,,,,,10
Spotify Singles,Niall Horan,Niall Horan,,,,,10
Ronan,Ronan Keating,Ronan Keating,,,,,10
Free Time,Ruel,Ruel,,,,,10
Summer in Abaddon,Pinback,Pinback,,,,,10
Looking for Alaska (Music from the Original Series),Mating Ritual,Mating Ritual,,,,,10
Bottles at the Bar,Erin Bowman,Erin Bowman,,,,,10
Around the Well,Iron & Wine,Iron & Wine,,,,,10
No Sound Without Silence,The Script,The Script,,,,,10
Loose,Nelly Furtado,Nelly Furtado,,,,,10
Busyhead,Noah Kahan,Noah Kahan,,,,,10
Love Dose: Benny Dayal,Benny Dayal,Benny Dayal,,,,,10
Zindagi Na Milegi Dobara,Alyssa Mendonsa,Alyssa Mendonsa,,,,,10
Chak De India,Salim–Sulaiman,Salim–Sulaiman,,,,,10
Chalte Chalte,Abhijeet,Abhijeet,,,,,10
Shotgun,Jr. Walker & The All Stars,Jr. Walker & The All Stars,,,,,10
20 Golden Greats: Buddy Holly Lives,Buddy Holly,Buddy Holly,,,,,10
"Do You Love Me, or Are You Just Lonely?",Jess Benko,Jess Benko,,,,,10
A Moon Shaped Pool,Radiohead,Radiohead,,,,,10
So Glad,Chinmay Datar,Chinmay Datar,,,,,10
Anthology,"Grover Washington, Jr.","Grover Washington, Jr.",,,,,10
Rumours,Fleetwood Mac,Fleetwood Mac,,,,,10
D-2,Agust D,Agust D,,,,,10
The Best Of Bobby Vinton,Bobby Vinton,Bobby Vinton,,,,,10
XO,Elliott Smith,Elliott Smith,,,,,10
The World Retreats,David O'Dowda,David O'Dowda,,,,,10
Reproduction,The Human League,The Human League,,,,,10
Young Foolish Happy,Pixie Lott,Pixie Lott,,,,,10
Wild Love,James Bay,James Bay,,,,,10
love is not dying,Jeremy Zucker,Jeremy Zucker,,,,,10
Where We Are,Westlife,Westlife,,,,,10
Shakira. (Expanded Edition),Shakira,Shakira,,,,,10
tere bina,Zaeden,Zaeden,,,,,10
Crash,Dave Matthews Band,Dave Matthews Band,,,,,10
Immunity,Clairo,Clairo,,,,,10
Monsoon with DIVINE,DIVINE,DIVINE,,,,,10
Moods,Neil Diamond,Neil Diamond,,,,,10
Loring Park Love-Ins,Blue Sandelwood Soap,Blue Sandelwood Soap,,,,,10
I Got Dem Ol' Kozmic Blues Again Mama!,Janis Joplin,Janis Joplin,,,,,10
Mercury Falling,Sting,Sting,,,,,10
Amour plastique,Videoclub,Videoclub,,,,,10
Jitters,Ethyline,Ethyline,,,,,10
The Getaway,Red Hot Chili Peppers,Red Hot Chili Peppers,,,,,10
Faasi,DeeKing,DeeKing,,,,,10
MapulZ,Dopeadelicz,Dopeadelicz,,,,,10
Donda,Kanye West,Kanye West,,,,,10
Home,Edith Whiskers,Edith Whiskers,,,,,10
To Begin Again,Ingrid Michaelson,Ingrid Michaelson,,,,,10
Baarish Ka Asar,Twin Strings,Twin Strings,,,,,10
Where's My Love,SYML,SYML,,,,,10
Tides,Bonobo,Bonobo,,,,,10
Never Been Hurt,Krewella,Krewella,,,,,10
Laga Reh,Young Stunners,Young Stunners,,,,,10
Auqaat,Jokhay,Jokhay,,,,,10
Heterotopia,Abdullah Siddiqui,Abdullah Siddiqui,,,,,10
Lage Nahi Man,Vismay Patel,Vismay Patel,,,,,10
Woh Raat,Shivoryx,Shivoryx,,,,,10
The Feeling's Mutual,Emmrose,Emmrose,,,,,10
Aziyat 2.0,Pratsofficial,Pratsofficial,,,,,10
Takin' It Back,Meghan Trainor,Meghan Trainor,,,,,10
Awaargi,Aditya A,Aditya A,,,,,10
"Besharam Rang (From ""Pathaan"")",Vishal-Shekhar,Vishal-Shekhar,,,,,10
Rock On,Suraj Jagan,Suraj Jagan,,,,,10
2 States,Mohan Kannan,Mohan Kannan,,,,,10
Hello World,Mark Ambor,Mark Ambor,,,,,10
Love Aaj Kal (Original Motion Picture Soundtrack),Neeraj Shridhar,Neeraj Shridhar,,,,,10
Open Letter,Talha Anjum,Talha Anjum,,,,,10
Moon Music,Coldplay,Coldplay,,,,,10
Beauty & The Creep,Janisht Joshi,Janisht Joshi,,,,,10
Across the Room,Public Library Commute,Public Library Commute,,,,,10
I met you when I was 18. (the playlist),Lauv,Lauv,,,,,10
A Time For Us,Mel Tormé,Mel Tormé,,,,,10
Romantic Homicide,d4vd,d4vd,,,,,10
Edits,Ricky Montgomery,Ricky Montgomery,,,,,10
Magic,Ben Rector,Ben Rector,,,,,9
Barso,Ritviz,Ritviz,,,,,9
Aaya Na Tu,Arjun Kanungo,Arjun Kanungo,,,,,9
Think Before I Talk,Astrid S,Astrid S,,,,,9
Back Home Again,John Denver,John Denver,,,,,9
Now That's Family Reunion Music,The Family,The Family,,,,,9
La Vie En Rose,Daniela Andrade,Daniela Andrade,,,,,9
Stranger Things (Soundtrack from the Netflix Original Series),TOTO,TOTO,,,,,9
Lonerism,Tame Impala,Tame Impala,,,,,9
Best Of...,Sweet,Sweet,,,,,9
Eye Of The Tiger,Survivor,Survivor,,,,,9
Born To Be Yours,Kygo,Kygo,,,,,9
Girl Power 2013,Christina Perri,Christina Perri,,,,,9
"Oral Fixation, Vol. 2 (Expanded Edition)",Shakira,Shakira,,,,,9
Safe Haven,Ruth B.,Ruth B.,,,,,9
In The Zone,Britney Spears,Britney Spears,,,,,9
This Is Acting,Sia,Sia,,,,,9
Big Little Lies,Zoë Kravitz,Zoë Kravitz,,,,,9
Hard To Imagine The Neighbourhood Ever Changing,The Neighbourhood,The Neighbourhood,,,,,9
Karmasutra,Karma,Karma,,,,,9
Spotify Singles,Harry Styles,Harry Styles,,,,,9
Liar,Camila Cabello,Camila Cabello,,,,,9
Jannat 2 (Original Motion Picture Soundtrack),Pritam,Pritam,,,,,9
Om Shanti Om,KK,KK,,,,,9
Horizons,Bag Raiders,Bag Raiders,,,,,9
Scared of the Dark Compilation,Isabella Perone,Isabella Perone,,,,,9
To The Races,Eric Bachmann,Eric Bachmann,,,,,9
Drops Of Jupiter,Train,Train,,,,,9
Most Girls,Hailee Steinfeld,Hailee Steinfeld,,,,,9
Uptown Special,Mark Ronson,Mark Ronson,,,,,9
Coming Up for Air,Kodaline,Kodaline,,,,,9
Ultimate Soul and R&B Collection,"Bobby ""Blue"" Bland","Bobby ""Blue"" Bland",,,,,9
Walls,Louis Tomlinson,Louis Tomlinson,,,,,9
Ra-One,Nandini Srikar,Nandini Srikar,,,,,9
Dil Se,Sukhwinder Singh,Sukhwinder Singh,,,,,9
Dil Se,Sonu Nigam,Sonu Nigam,,,,,9
"Malang (Title Track) [From ""Malang - Unleash The Madness""]",Ved Sharma,Ved Sharma,,,,,9
Zindagi Na Milegi Dobara,Dominique Cerejo,Dominique Cerejo,,,,,9
Taare Zameen Par,Adnan Sami,Adnan Sami,,,,,9
No Time To Die,Billie Eilish,Billie Eilish,,,,,9
60's Gold,Steam,Steam,,,,,9
Golden Hour,Kygo,Kygo,,,,,9
BALLADS 1,Joji,Joji,,,,,9
Gold Shadow,Asaf Avidan,Asaf Avidan,,,,,9
Monkey Business,Black Eyed Peas,Black Eyed Peas,,,,,9
Dream Your Life Away - Special Edition,Vance Joy,Vance Joy,,,,,9
Battleground,The Wanted,The Wanted,,,,,9
My House,Flo Rida,Flo Rida,,,,,9
Raymond v Raymond (Expanded Edition),USHER,USHER,,,,,9
Church,Galantis,Galantis,,,,,9
Trouble,Akon,Akon,,,,,9
Global Warming: Meltdown (Deluxe Version),Pitbull,Pitbull,,,,,9
Back to Bedlam,James Blunt,James Blunt,,,,,9
Fearless - Platinum Edition,Taylor Swift,Taylor Swift,,,,,9
Love Is a Four Letter Word,Jason Mraz,Jason Mraz,,,,,9
No.6 Collaborations Project,Ed Sheeran,Ed Sheeran,,,,,9
The Head and the Heart,The Head And The Heart,The Head And The Heart,,,,,9
Warrior (Expanded Edition),Kesha,Kesha,,,,,9
Fara lacrimi,Akcent,Akcent,,,,,9
Mr Bad Guy,Freddie Mercury,Freddie Mercury,,,,,9
Fake,Lauv,Lauv,,,,,9
deja vu,Olivia Rodrigo,Olivia Rodrigo,,,,,9
Two Timing Baby: Ember Sixties Pop Vol. 2,Kerry Adams,Kerry Adams,,,,,9
Brother Love's Travelling Salvation Show,Neil Diamond,Neil Diamond,,,,,9
100 Greatest Rock 'n' Roll Hits from the 50s & 60s,The Pentagons,The Pentagons,,,,,9
Most of the Animals,The Animals,The Animals,,,,,9
"Wednesday Morning, 3 A.M.",Simon & Garfunkel,Simon & Garfunkel,,,,,9
Abba,ABBA,ABBA,,,,,9
Let's Crack It! - Student Anthem,Naezy,Naezy,,,,,9
Christmas With Nat And Dean,Nat King Cole,Nat King Cole,,,,,9
Scars & Screws,Shamoon Ismail,Shamoon Ismail,,,,,9
It'll All Make Sense In The End,James Arthur,James Arthur,,,,,9
A Knight with The Elegants,The Elegants,The Elegants,,,,,9
Wanderlust,Hollow Coves,Hollow Coves,,,,,9
Desi Kalakaar,Yo Yo Honey Singh,Yo Yo Honey Singh,,,,,9
Manjha,Vishal Mishra,Vishal Mishra,,,,,9
Honest,Justin Bieber,Justin Bieber,,,,,9
Just A Dream,Kurt Hugo Schneider,Kurt Hugo Schneider,,,,,9
Once Upon A Time In Mumbaai,Pritam,Pritam,,,,,9
Alone At Prom,Tory Lanez,Tory Lanez,,,,,9
Pehli Baarish,Akanksha Bhandari,Akanksha Bhandari,,,,,9
Ultimate Love Songs - Arijit Singh,Arijit Singh,Arijit Singh,,,,,9
Faasle,Aditya Rikhari,Aditya Rikhari,,,,,9
Dhalti Rahe - Single,Twin Strings,Twin Strings,,,,,9
Je te laisserai des mots,Patrick Watson,Patrick Watson,,,,,9
Mera Safar,Iqlipse Nova,Iqlipse Nova,,,,,9
Baller,Shubh,Shubh,,,,,9
Drive Thru,Diljit Dosanjh,Diljit Dosanjh,,,,,9
Infinite Dream,Bazzi,Bazzi,,,,,9
Have We Met Before (with Eric Nam),Sarah Barrios,Sarah Barrios,,,,,9
"O Bedardeya (From ""Tu Jhoothi Main Makkaar"")",Pritam,Pritam,,,,,9
All 4 Nothing,Lauv,Lauv,,,,,9
Ajab Prem Ki Ghazab Kahani - Original Motion Picture Soundtrack,Neeraj Shridhar,Neeraj Shridhar,,,,,9
Lamhey,Anubha Bajaj,Anubha Bajaj,,,,,9
World Of Walker,Alan Walker,Alan Walker,,,,,9
Call Me Irresponsible,Michael Bublé,Michael Bublé,,,,,9
"Aradhya (From ""Kushi"") (Telugu)",Hesham Abdul Wahab,Hesham Abdul Wahab,,,,,9
Something You Can Hold,Mason Ramsey,Mason Ramsey,,,,,9
Kindergarten Juliet,Janisht Joshi,Janisht Joshi,,,,,9
At My Worst (feat. Kehlani),Pink Sweat$,Pink Sweat$,,,,,9
I've Tried Everything But Therapy (Part 1),Teddy Swims,Teddy Swims,,,,,9
Depression Cherry,Beach House,Beach House,,,,,9
Out Of Silence,Neil Finn,Neil Finn,,,,,9
SWAG,Justin Bieber,Justin Bieber,,,,,9
Carrie & Lowell,Sufjan Stevens,Sufjan Stevens,,,,,8
Neon Moon,Cigarettes After Sex,Cigarettes After Sex,,,,,8
The Pains Of Growing,Alessia Cara,Alessia Cara,,,,,8
Kiss,Carly Rae Jepsen,Carly Rae Jepsen,,,,,8
Fleetwood Mac,Fleetwood Mac,Fleetwood Mac,,,,,8
Con Calma,Daddy Yankee,Daddy Yankee,,,,,8
Invisible Ink (Rebecca's Demo),Mandy Moore,Mandy Moore,,,,,8
Never Break EP,Langhorne Slim,Langhorne Slim,,,,,8
OK Jaanu (Original Motion Picture Soundtrack),A.R. Rahman,A.R. Rahman,,,,,8
Uri - The Surgical Strike,Shashwat Sachdev,Shashwat Sachdev,,,,,8
Kedarnath,Arijit Singh,Arijit Singh,,,,,8
Superhero,Lauv,Lauv,,,,,8
Believe,Justin Bieber,Justin Bieber,,,,,8
Bedroom Floor,Liam Payne,Liam Payne,,,,,8
Nothing Breaks Like a Heart (feat. Miley Cyrus),Mark Ronson,Mark Ronson,,,,,8
"Wasteland, Baby!",Hozier,Hozier,,,,,8
Avengers: Infinity War,Alan Silvestri,Alan Silvestri,,,,,8
Back In The U.S.,Paul McCartney,Paul McCartney,,,,,8
Stranger Things (Soundtrack from the Netflix Original Series),Bon Jovi,Bon Jovi,,,,,8
Kyun Dil Mera,Mohit Chauhan,Mohit Chauhan,,,,,8
Stranger Things (Soundtrack from the Netflix Original Series),Dustin,Dustin,,,,,8
Cruel (feat. ZAYN),Snakehips,Snakehips,,,,,8
Game Of Thrones - Music From The HBO Series,Ramin Djawadi,Ramin Djawadi,,,,,8
20 #1's: Classic Rock,Steam,Steam,,,,,8
ME!,Taylor Swift,Taylor Swift,,,,,8
"Sometimes It's Something, Sometimes It's Nothing at All",Passenger,Passenger,,,,,8
Golden,KAVYA,KAVYA,,,,,8
Politics of Living,Kodaline,Kodaline,,,,,8
All I Ask,Travis Atreo,Travis Atreo,,,,,8
Dreaming Out Loud,OneRepublic,OneRepublic,,,,,8
Lido,The Colourist,The Colourist,,,,,8
Emotion,Carly Rae Jepsen,Carly Rae Jepsen,,,,,8
This Is Acting (Deluxe Version),Sia,Sia,,,,,8
So Good,Zara Larsson,Zara Larsson,,,,,8
Meri Pyaari Bindu,Sachin-Jigar,Sachin-Jigar,,,,,8
Black Panther The Album Music From And Inspired By,Kendrick Lamar,Kendrick Lamar,,,,,8
Pal,KK,KK,,,,,8
Musical Bond: Jeet Gannguli & Arijit Singh,Jeet Gannguli,Jeet Gannguli,,,,,8
"Bolna (From ""Kapoor & Sons (Since 1921)"")",Tanishk Bagchi,Tanishk Bagchi,,,,,8
Aventine,Agnes Obel,Agnes Obel,,,,,8
G.I. Blues,Elvis Presley,Elvis Presley,,,,,8
Surrealistic Pillow,Jefferson Airplane,Jefferson Airplane,,,,,8
The Best Of Sade,Sade,Sade,,,,,8
Big Little Lies,Daniel Agee,Daniel Agee,,,,,8
Big Little Lies,Villagers,Villagers,,,,,8
Come From Heaven,Alpha,Alpha,,,,,8
Strange Trails,Lord Huron,Lord Huron,,,,,8
Article 15,SlowCheeta,SlowCheeta,,,,,8
Let’s Fall In Love For The Night,FINNEAS,FINNEAS,,,,,8
Boston,Boston,Boston,,,,,8
A Decade of Love,Amit Trivedi,Amit Trivedi,,,,,8
Dostana (Original Motion Picture Soundtrack),Vishal-Shekhar,Vishal-Shekhar,,,,,8
Sonu Nigam: Best of Me,Sandesh Shandilya,Sandesh Shandilya,,,,,8
Bathing Beach,Novo Amor,Novo Amor,,,,,8
"Merry Christmas - Sonics, Wailers, Galaxies",The Wailers,The Wailers,,,,,8
Pehli Dafa,Atif Aslam,Atif Aslam,,,,,8
DNCE,DNCE,DNCE,,,,,8
Hands All Over - Revised Asia Standard Version,Maroon 5,Maroon 5,,,,,8
Rainbow,Neil Diamond,Neil Diamond,,,,,8
Life Is Good (feat. Drake),Future,Future,,,,,8
This Fool Can Die Now,Scout Niblett,Scout Niblett,,,,,8
The Mandalorian: Chapter 1,Ludwig Göransson,Ludwig Göransson,,,,,8
Dear Zindagi (Original Motion Picture Soundtrack),Ilaiyaraaja,Ilaiyaraaja,,,,,8
Dil Se,A.R. Rahman,A.R. Rahman,,,,,8
Ghajini,Karthik,Karthik,,,,,8
Hot Pink,Doja Cat,Doja Cat,,,,,8
death bed (coffee for your head),Powfu,Powfu,,,,,8
Can We Kiss Forever?,Kina,Kina,,,,,8
Good In Goodbye,Madison Beer,Madison Beer,,,,,8
No Jacket Required,Phil Collins,Phil Collins,,,,,8
Delhi-6,A.R. Rahman,A.R. Rahman,,,,,8
The Daily Mail / Staircase,Radiohead,Radiohead,,,,,8
Soul Searching,Bazzi,Bazzi,,,,,8
A Gift To Share,Joni Bernier,Joni Bernier,,,,,8
Let It Bleed,The Rolling Stones,The Rolling Stones,,,,,8
Rags to Riches,Billy Ward,Billy Ward,,,,,8
Intro: Harptones,The Harptones,The Harptones,,,,,8
Life's A Mess (feat. Halsey),Juice WRLD,Juice WRLD,,,,,8
California 37,Train,Train,,,,,8
One More Love,David Guetta,David Guetta,,,,,8
Loose Change,Ed Sheeran,Ed Sheeran,,,,,8
City Life - Single,Raghav Meattle,Raghav Meattle,,,,,8
7,Enrique Iglesias,Enrique Iglesias,,,,,8
One Day at a Time,Kodaline,Kodaline,,,,,8
a thousand years,Christina Perri,Christina Perri,,,,,8
The 1975,The 1975,The 1975,,,,,8
Merry Christmas,Mariah Carey,Mariah Carey,,,,,8
On The Swingin' Side (Expanded Edition),Vic Damone,Vic Damone,,,,,8
The Complete Recordings,The Aquatones,The Aquatones,,,,,8
All-Time Greatest Hits,Neil Diamond,Neil Diamond,,,,,8
"...""Let Me Sing""",Brenda Lee,Brenda Lee,,,,,8
Is That All There Is?,Peggy Lee,Peggy Lee,,,,,8
Sea of Love,Phil Phillips,Phil Phillips,,,,,8
The Album,ABBA,ABBA,,,,,8
Waterloo,ABBA,ABBA,,,,,8
boygenius,boygenius,boygenius,,,,,8
Shivers,Ed Sheeran,Ed Sheeran,,,,,8
MONTERO,Lil Nas X,Lil Nas X,,,,,8
Fifty Shades Freed - Original Motion Picture Soundtrack,Ellie Goulding,Ellie Goulding,,,,,8
GROWING UP IS _____,Ruel,Ruel,,,,,8
Tamasha,Alka Yagnik,Alka Yagnik,,,,,8
Dariya,Vismay Patel,Vismay Patel,,,,,8
Vampire Weekend,Vampire Weekend,Vampire Weekend,,,,,8
G.O.A.T.,Diljit Dosanjh,Diljit Dosanjh,,,,,8
Yaariyan,Pritam,Pritam,,,,,8
victim of nostalgia,mxmtoon,mxmtoon,,,,,8
Come Home The Kids Miss You,Jack Harlow,Jack Harlow,,,,,8
The Year of No Returning,Ezra Furman,Ezra Furman,,,,,8
WHO CARES?,Rex Orange County,Rex Orange County,,,,,8
SKY ON FIRE,mehro,mehro,,,,,8
Miss America,Bazzi,Bazzi,,,,,8
Takiya Kalaam,Yashraj,Yashraj,,,,,8
No Love,Shubh,Shubh,,,,,8
Black Panther: Wakanda Forever - Music From and Inspired By,DBN Gogo,DBN Gogo,,,,,8
Little Bit More,Suriel Hess,Suriel Hess,,,,,8
Parineeta,Sonu Nigam,Sonu Nigam,,,,,8
Hidden Gems,Niall Horan,Niall Horan,,,,,8
"Rangisari (From ""Jugjugg Jeeyo"")",Kanishk Seth,Kanishk Seth,,,,,8
Ramaiya Vastavaiya,Atif Aslam,Atif Aslam,,,,,8
The Very Best of Solomon Burke,Solomon Burke,Solomon Burke,,,,,8
5-STAR,Stray Kids,Stray Kids,,,,,8
All-4-One,All-4-One,All-4-One,,,,,8
Skiptracing,Mild High Club,Mild High Club,,,,,8
In My Lifetime,Neil Diamond,Neil Diamond,,,,,8
Sadqay,Aashir Wajahat,Aashir Wajahat,,,,,8
Sunday,Aditya A,Aditya A,,,,,8
Sticks And Stones,New Found Glory,New Found Glory,,,,,8
Dean Martin Hits Again,Dean Martin,Dean Martin,,,,,8
Blood Harmony (Deluxe),FINNEAS,FINNEAS,,,,,8
Sanam Teri Kasam (Original Motion Picture Soundtrack),Himesh Reshammiya,Himesh Reshammiya,,,,,8
melanchole,salvia palth,salvia palth,,,,,8
My Terrible Mind,Talha Anjum,Talha Anjum,,,,,8
Brighter Days,Sigala,Sigala,,,,,7
come out. you're hiding,flor,flor,,,,,7
Ivy To Roses - Mixtape,Mabel,Mabel,,,,,7
MIDDLE CHILD,J. Cole,J. Cole,,,,,7
"Darkness, Darkness",Escondido,Escondido,,,,,7
Essential Jazz Masters,Randy Weston,Randy Weston,,,,,7
Wake Up Sid (Original Motion Picture Soundtrack),Amit Trivedi,Amit Trivedi,,,,,7
Constellation,Canyon City,Canyon City,,,,,7
Live Classix 2007,Steve Acho,Steve Acho,,,,,7
Still Falling For You,Ellie Goulding,Ellie Goulding,,,,,7
The Lone Bellow,The Lone Bellow,The Lone Bellow,,,,,7
My World 2.0,Justin Bieber,Justin Bieber,,,,,7
It's About Us,Alex & Sierra,Alex & Sierra,,,,,7
Title,Meghan Trainor,Meghan Trainor,,,,,7
The Essential Bangles,The Bangles,The Bangles,,,,,7
Gold,Connie Francis,Connie Francis,,,,,7
Stranger Things (Soundtrack from the Netflix Original Series),The Police,The Police,,,,,7
Stranger Things (Soundtrack from the Netflix Original Series),Olivia Newton-John,Olivia Newton-John,,,,,7
1000 Forms Of Fear,Sia,Sia,,,,,7
A Kind Of Magic - 2011 Remaster,Queen,Queen,,,,,7
FourFiveSeconds,Rihanna,Rihanna,,,,,7
Skyfall,Adele,Adele,,,,,7
Stranger Things (Soundtrack from the Netflix Original Series),Scorpions,Scorpions,,,,,7
Plastic Soul,Mondo Cozmo,Mondo Cozmo,,,,,7
ATLAS,The Score,The Score,,,,,7
ASTROWORLD,Travis Scott,Travis Scott,,,,,7
I AM...SASHA FIERCE - Platinum Edition,Beyoncé,Beyoncé,,,,,7
Melody,Lost Frequencies,Lost Frequencies,,,,,7
Here With Me,Elina,Elina,,,,,7
lovely (with Khalid),Billie Eilish,Billie Eilish,,,,,7
Electricity,Silk City,Silk City,,,,,7
Goodbye Lullaby (Expanded Edition),Avril Lavigne,Avril Lavigne,,,,,7
Hamari Adhuri Kahani (Original Motion Picture Soundtrack),Ami Mishra,Ami Mishra,,,,,7
Pal,Javed-Mohsin,Javed-Mohsin,,,,,7
Circus (Deluxe Version),Britney Spears,Britney Spears,,,,,7
Lie To Me (feat. Julia Michaels),5 Seconds of Summer,5 Seconds of Summer,,,,,7
Big Brother & The Holding Company,Big Brother & The Holding Company,Big Brother & The Holding Company,,,,,7
Shake The Spirit,Elle King,Elle King,,,,,7
Cold Little Heart,Michael Kiwanuka,Michael Kiwanuka,,,,,7
I Can't Stand the Rain,Ann Peebles,Ann Peebles,,,,,7
Bayaan,Seedhe Maut,Seedhe Maut,,,,,7
Suede Gully,Puma,Puma,,,,,7
The Clash - Edition One,Providence,Providence,,,,,7
SHOOK,Raja Kumari,Raja Kumari,,,,,7
Evil Urges,My Morning Jacket,My Morning Jacket,,,,,7
Songs For Swingin' Lovers!,Frank Sinatra,Frank Sinatra,,,,,7
"Days Of Wine And Roses, Moon River And Other Academy Award Winners",Frank Sinatra,Frank Sinatra,,,,,7
Come Fly With Me,Frank Sinatra,Frank Sinatra,,,,,7
Tapestry,Gemine,Gemine,,,,,7
The World From The Side Of The Moon,Phillip Phillips,Phillip Phillips,,,,,7
Talaash,Vishal Dadlani,Vishal Dadlani,,,,,7
Ghajini,Benny Dayal,Benny Dayal,,,,,7
Ghajini,Javed Ali,Javed Ali,,,,,7
Fashion,Mohit Chauhan,Mohit Chauhan,,,,,7
Waking Up The Neighbours,Bryan Adams,Bryan Adams,,,,,7
Looking for Alaska (Music from the Original Series),Kat Cunning,Kat Cunning,,,,,7
Bulletproof Picasso,Train,Train,,,,,7
Make It Right (feat. Lauv),BTS,BTS,,,,,7
"Beethoven, Van L.: Symphonies Nos. 2 and 7",Ludwig van Beethoven,Ludwig van Beethoven,,,,,7
Techno Exclusive,Morris DJ,Morris DJ,,,,,7
Dream Girl,Anna of the North,Anna of the North,,,,,7
Dil Se,Lata Mangeshkar,Lata Mangeshkar,,,,,7
Baazigar,Asha Bhosle,Asha Bhosle,,,,,7
Dil Chahta Hai,Udit Narayan,Udit Narayan,,,,,7
Dil Chahta Hai,Shaan,Shaan,,,,,7
MAP OF THE SOUL : 7,BTS,BTS,,,,,7
Fuzzybrain,Dayglow,Dayglow,,,,,7
Mirror Moves,The Psychedelic Furs,The Psychedelic Furs,,,,,7
Aks,Lucky Ali,Lucky Ali,,,,,7
Sur (The Melody Of Life),Lucky Ali,Lucky Ali,,,,,7
I Just Want to Be the One You Love,Boxout,Boxout,,,,,7
Rangi Saari,Kavita Seth,Kavita Seth,,,,,7
Confessions (Expanded Edition),USHER,USHER,,,,,7
The Immaculate Collection,Madonna,Madonna,,,,,7
In A Perfect World...,Keri Hilson,Keri Hilson,,,,,7
TRANSLATION,Black Eyed Peas,Black Eyed Peas,,,,,7
The Wanted,The Wanted,The Wanted,,,,,7
Coast To Coast,Mariah Carey,Mariah Carey,,,,,7
Can't Be Tamed,Miley Cyrus,Miley Cyrus,,,,,7
Waka Waka (This Time for Africa) [The Official 2010 FIFA World Cup (TM) Song] (feat. Freshlyground),Shakira,Shakira,,,,,7
Blackout,Britney Spears,Britney Spears,,,,,7
Turnaround,Westlife,Westlife,,,,,7
Greatest Hits,Jerry Vale,Jerry Vale,,,,,7
Dookie,Green Day,Green Day,,,,,7
All Or Nothing,Jay Sean,Jay Sean,,,,,7
On The Floor,Jennifer Lopez,Jennifer Lopez,,,,,7
Towards The Sun,Alexi Murdoch,Alexi Murdoch,,,,,7
That's All,Bobby Darin,Bobby Darin,,,,,7
Shoot For The Stars Aim For The Moon,Pop Smoke,Pop Smoke,,,,,7
"Fox on the Run (from the ""Guardians of the Galaxy 2"" Trailer)",Sweet,Sweet,,,,,7
Mitti Di Khushboo,Rochak Kohli,Rochak Kohli,,,,,7
Dum Maaro Dum,Pritam,Pritam,,,,,7
Christmas With Dean Martin,Dean Martin,Dean Martin,,,,,7
TAKE TIME,Giveon,Giveon,,,,,7
Tabia,Prabh Deep,Prabh Deep,,,,,7
High Violet,The National,The National,,,,,7
Dancin' Party: The Chubby Checker Collection (1960-1966),Chubby Checker,Chubby Checker,,,,,7
Save Your Tears,The Weeknd,The Weeknd,,,,,7
The End Of The World,Julie London,Julie London,,,,,7
The Best Of,Frankie Laine,Frankie Laine,,,,,7
Warm,Johnny Mathis,Johnny Mathis,,,,,7
Zou Bisou Bisou,Gillian Hills,Gillian Hills,,,,,7
The Essentials,Bing Crosby,Bing Crosby,,,,,7
Top 80 Classics - The Very Best of Ozzie Nelson,Ozzie Nelson,Ozzie Nelson,,,,,7
The Battle of the Bands (Deluxe Version),The Turtles,The Turtles,,,,,7
Dream A Little Dream,Cass Elliot,Cass Elliot,,,,,7
The Best Of Dion & The Belmonts,Dion & The Belmonts,Dion & The Belmonts,,,,,7
Zazzarazàz - Uno Spettacolo D'arte Varia - Deluxe,Paolo Conte,Paolo Conte,,,,,7
Untitled,KR$NA,KR$NA,,,,,7
Euphories,Videoclub,Videoclub,,,,,7
Changes - EP,Hayd,Hayd,,,,,7
the highs.,mike.,mike.,,,,,7
love nwantiti (feat. Dj Yo! & AX'EL),CKay,CKay,,,,,7
colorblind,Mokita,Mokita,,,,,7
2001,Dr. Dre,Dr. Dre,,,,,7
Nawazish Karam,Azam Ali Mukarram,Azam Ali Mukarram,,,,,7
Khafa,Jokhay,Jokhay,,,,,7
Fifty Shades Freed - Original Motion Picture Soundtrack,Hailee Steinfeld,Hailee Steinfeld,,,,,7
Fast Car,Jonas Blue,Jonas Blue,,,,,7
The Book of Boba Fett: Vol. 1 (Chapters 1-4),Ludwig Göransson,Ludwig Göransson,,,,,7
at least i'm pretty,Harriette,Harriette,,,,,7
30,Adele,Adele,,,,,7
Repeat Offender,Richard Marx,Richard Marx,,,,,7
The Gold,Manchester Orchestra,Manchester Orchestra,,,,,7
Ranjha,Jasleen Royal,Jasleen Royal,,,,,7
Oxygen,Martin Garrix,Martin Garrix,,,,,7
The Drum,Alan Walker,Alan Walker,,,,,7
Iltija,Jokhay,Jokhay,,,,,7
Jugnu,Badshah,Badshah,,,,,7
EUPHORIA SEASON 2 OFFICIAL SCORE (FROM THE HBO ORIGINAL SERIES),Labrinth,Labrinth,,,,,7
Zou bisou bisou (Original Version),Gillian Hills,Gillian Hills,,,,,7
Greatest Hits,James Taylor,James Taylor,,,,,7
Coloring,Kina Grannis,Kina Grannis,,,,,7
Being Funny In A Foreign Language,The 1975,The 1975,,,,,7
Pistol,Cigarettes After Sex,Cigarettes After Sex,,,,,7
Black Panther: Wakanda Forever - Music From and Inspired By,Vivir Quintana,Vivir Quintana,,,,,7
Pathaan,Vishal-Shekhar,Vishal-Shekhar,,,,,7
Mismatched: Season 2 (Soundtrack from the Netflix Series),Rekha Bhardwaj,Rekha Bhardwaj,,,,,7
"Буддийская медитация покоя: Лаосская практика успокоения души и разума, Свобода и гармония",Meditation Music Zone,Meditation Music Zone,,,,,7
Kabhi Khushi Kabhie Gham (Original Motion Picture Soundtrack),Sandesh Shandilya,Sandesh Shandilya,,,,,7
F*CK LOVE 3+: OVER YOU,The Kid LAROI,The Kid LAROI,,,,,7
Love Lies (with Normani),Khalid,Khalid,,,,,7
Manmarziyaan (Original Motion Picture Soundtrack),Amit Trivedi,Amit Trivedi,,,,,7
EVERYTHING YOU WANTED,Jay Park,Jay Park,,,,,7
Ditto,NewJeans,NewJeans,,,,,7
Jhoom,Ali Zafar,Ali Zafar,,,,,7
"Ved Tujha (From ""Ved"")",Ajay-Atul,Ajay-Atul,,,,,7
Jogwa (Original Motion Picture Soundtrack),Ajay-Atul,Ajay-Atul,,,,,7
Why Oh Why b/w So What If I Can't Cook,Little Alice,Little Alice,,,,,7
Backstreet's Back,Backstreet Boys,Backstreet Boys,,,,,7
"Love, Maybe (A Business Proposal OST Special Track)",MeloMance,MeloMance,,,,,7
To Be Loved,Michael Bublé,Michael Bublé,,,,,7
Mulaqat,Prateek Kuhad,Prateek Kuhad,,,,,7
"Whatever People Say I Am, That's What I'm Not",Arctic Monkeys,Arctic Monkeys,,,,,7
Ghost,Diljit Dosanjh,Diljit Dosanjh,,,,,7
Ala Vaikunthapurramuloo,Sid Sriram,Sid Sriram,,,,,7
Chor,Justh,Justh,,,,,7
Enna Sona,Mitraz,Mitraz,,,,,7
Is There Anybody Out There?,A Great Big World,A Great Big World,,,,,7
Based On A True Story...,New West,New West,,,,,7
Under The Mistletoe,Justin Bieber,Justin Bieber,,,,,7
Lost;Found,Faheem Abdullah,Faheem Abdullah,,,,,7
Sang Rahiyo (feat. Ujjwal Kashyap),Jasleen Royal,Jasleen Royal,,,,,7
Kshama,Seedhe Maut,Seedhe Maut,,,,,7
The Way It Was,Parachute,Parachute,,,,,7
In Love,Queen,Queen,,,,,7
Until the Ribbon Breaks,Until The Ribbon Breaks,Until The Ribbon Breaks,,,,,7
JAMIE,Montell Fish,Montell Fish,,,,,7
Saiyaara,Mithoon,Mithoon,,,,,7
American Teen,Khalid,Khalid,,,,,6
EP I.,Cigarettes After Sex,Cigarettes After Sex,,,,,6
Cut To The Feeling,Carly Rae Jepsen,Carly Rae Jepsen,,,,,6
Waste It On Me (feat. BTS),Steve Aoki,Steve Aoki,,,,,6
Love Yourself 轉 'Tear',BTS,BTS,,,,,6
This Empty Northern Hemisphere,Gregory Alan Isakov,Gregory Alan Isakov,,,,,6
Feathers & Fishhooks,Rayland Baxter,Rayland Baxter,,,,,6
Exodus,Bob Marley & The Wailers,Bob Marley & The Wailers,,,,,6
Half Mile Harvest,The Teskey Brothers,The Teskey Brothers,,,,,6
"Enna Sona (From ""OK Jaanu"")",A.R. Rahman,A.R. Rahman,,,,,6
Love In The Future (Expanded Edition),John Legend,John Legend,,,,,6
Consequences,Camila Cabello,Camila Cabello,,,,,6
Vondelpark,Jake Houlsby,Jake Houlsby,,,,,6
Coverage,Mandy Moore,Mandy Moore,,,,,6
Heights EP,Charlie Cunningham,Charlie Cunningham,,,,,6
7/27,Fifth Harmony,Fifth Harmony,,,,,6
Bridge Over Troubled Water,Simon & Garfunkel,Simon & Garfunkel,,,,,6
don't play your card,mxmtoon,mxmtoon,,,,,6
Stranger Things (Soundtrack from the Netflix Original Series),The Bangles,The Bangles,,,,,6
Stranger Things (Soundtrack from the Netflix Original Series),Jim Croce,Jim Croce,,,,,6
Stranger Things (Soundtrack from the Netflix Original Series),Peter Gabriel,Peter Gabriel,,,,,6
Figure 8,Elliott Smith,Elliott Smith,,,,,6
The Godfather,Nino Rota,Nino Rota,,,,,6
Avengers: Endgame,Alan Silvestri,Alan Silvestri,,,,,6
Mr. Fantasy,Traffic,Traffic,,,,,6
ZABA,Glass Animals,Glass Animals,,,,,6
Leylines,Rising Appalachia,Rising Appalachia,,,,,6
Make Me (Cry),Noah Cyrus,Noah Cyrus,,,,,6
Temporary,Ella Vos,Ella Vos,,,,,6
Ultraviolence,Lana Del Rey,Lana Del Rey,,,,,6
El Dorado,Shakira,Shakira,,,,,6
Fearless - Big Machine Radio Release Special,Taylor Swift,Taylor Swift,,,,,6
Britney Jean (Deluxe Version),Britney Spears,Britney Spears,,,,,6
Tough Love,Avicii,Avicii,,,,,6
Spider-Man: Into the Spider-Verse,Blackway,Blackway,,,,,6
Haider,Arijit Singh,Arijit Singh,,,,,6
202 Motown Songs: The Complete No.1s,The Temptations,The Temptations,,,,,6
Undun,Sufjan Stevens,Sufjan Stevens,,,,,6
Everybody,Logic,Logic,,,,,6
Birds In The Trap Sing McKnight,Travis Scott,Travis Scott,,,,,6
Pet Sounds,The Beach Boys,The Beach Boys,,,,,6
Su Che Karvanu,Swadesi,Swadesi,,,,,6
Emiway (Out of Sampark),Emiway Bantai,Emiway Bantai,,,,,6
Raja Baja,Nucleya,Nucleya,,,,,6
Ella Fitzgerald Sings The Rodgers And Hart Song Book,Ella Fitzgerald,Ella Fitzgerald,,,,,6
Ultimate Sinatra,Frank Sinatra,Frank Sinatra,,,,,6
Strangers In The Night,Frank Sinatra,Frank Sinatra,,,,,6
It Might As Well Be Swing,Frank Sinatra,Frank Sinatra,,,,,6
Kalank,Pritam,Pritam,,,,,6
Take Me Home: Yearbook Edition,One Direction,One Direction,,,,,6
Monmartre,Serouj,Serouj,,,,,6
Gully Gang Cypher,Shah Rule,Shah Rule,,,,,6
Сладкая жизнь,IC3PEAK,IC3PEAK,,,,,6
Graveyard,Halsey,Halsey,,,,,6
13 Reasons Why,5 Seconds of Summer,5 Seconds of Summer,,,,,6
Anjaana Anjaani,Mohit Chauhan,Mohit Chauhan,,,,,6
Nice To Meet Ya,Niall Horan,Niall Horan,,,,,6
Guitar Cafe - Ayushmann Khurrana,Ayushmann Khurrana,Ayushmann Khurrana,,,,,6
Birthplace,Novo Amor,Novo Amor,,,,,6
Saawariya (Original Motion Picture Soundtrack),Monty Sharma,Monty Sharma,,,,,6
Fifty Shades of Hits (Get Your Sexy On),Chart Hits Allstars,Chart Hits Allstars,,,,,6
I Will Follow You Into The Dark,Miya Folick,Miya Folick,,,,,6
Chhichhore,Pritam,Pritam,,,,,6
Chimes Of Freedom: The Songs Of Bob Dylan Honoring 50 Years Of Amnesty International,Miley Cyrus,Miley Cyrus,,,,,6
Happiness Forever,Bill Withers,Bill Withers,,,,,6
Quite Often,Trent Dabbs,Trent Dabbs,,,,,6
October,Alessia Cara,Alessia Cara,,,,,6
Inner Monologue Part 2,Julia Michaels,Julia Michaels,,,,,6
Me 4 U,OMI,OMI,,,,,6
All Things to the Sea,Ctznshp,Ctznshp,,,,,6
"Tujhe Kitna Chahne Lage (From ""Kabir Singh"")",Arijit Singh,Arijit Singh,,,,,6
Apricot Princess,Rex Orange County,Rex Orange County,,,,,6
did you/fall apart - A COLORS SHOW,Prateek Kuhad,Prateek Kuhad,,,,,6
Best Of Akhil Sachdeva,Akhil Sachdeva,Akhil Sachdeva,,,,,6
Complete A And B Sides 1963 - 1970,Dusty Springfield,Dusty Springfield,,,,,6
Beethoven: Symphonies Nos. 1 & 4,Ludwig van Beethoven,Ludwig van Beethoven,,,,,6
Zindagi Na Milegi Dobara,Vishal Dadlani,Vishal Dadlani,,,,,6
Dil Chahta Hai,Sonu Nigam,Sonu Nigam,,,,,6
Taare Zameen Par,Raman Mahadevan,Raman Mahadevan,,,,,6
On the Other Side,Tiny Rhino,Tiny Rhino,,,,,6
Memoir,Pied-à-Terre,Pied-à-Terre,,,,,6
You Say,Jessica Lauren,Jessica Lauren,,,,,6
Out Of Our Heads,The Rolling Stones,The Rolling Stones,,,,,6
Pablo Honey,Radiohead,Radiohead,,,,,6
SHAKE THE SNOW GLOBE,Russ,Russ,,,,,6
Bhool Bhulaiyaa,Pritam,Pritam,,,,,6
Don't Look Back (feat. Kotomi & Ryan Elder) [From Rick and Morty: Season 4],Rick and Morty,Rick and Morty,,,,,6
Happy Memories,The Cleftones,The Cleftones,,,,,6
Shock Value II,Timbaland,Timbaland,,,,,6
Breathe,Faith Hill,Faith Hill,,,,,6
Wild Ones,Flo Rida,Flo Rida,,,,,6
Baatein Karo,Vayu,Vayu,,,,,6
Nit Nit,Jasleen Royal,Jasleen Royal,,,,,6
Run Closer - Single,When Chai Met Toast,When Chai Met Toast,,,,,6
Wahaan,Osho Jain,Osho Jain,,,,,6
Animal (Expanded Edition),Kesha,Kesha,,,,,6
lovestrong.,Christina Perri,Christina Perri,,,,,6
POPWIKI 3,Mike Posner,Mike Posner,,,,,6
Tell Me That You Love Me,James Smith,James Smith,,,,,6
Call Me When It’s Over,James Smith,James Smith,,,,,6
A Year Without Rain - International Standard Version,Selena Gomez & The Scene,Selena Gomez & The Scene,,,,,6
Beethoven Legendary Recordings,Ludwig van Beethoven,Ludwig van Beethoven,,,,,6
Take Me Home,One Direction,One Direction,,,,,6
BE,BTS,BTS,,,,,6
The Departed (Original Motion Picture Soundtrack),Howard Shore,Howard Shore,,,,,6
Back With You,SUGR?,SUGR?,,,,,6
The Best of Don Cherry,Don Cherry,Don Cherry,,,,,6
First Band On The Moon,The Cardigans,The Cardigans,,,,,6
Please Love Me Forever,Bobby Vinton,Bobby Vinton,,,,,6
"Classic Sounds, Classic Songs 1",Dick Walter,Dick Walter,,,,,6
Picaresque,The Decemberists,The Decemberists,,,,,6
16 Most Requested Songs,Patti Page,Patti Page,,,,,6
"Mid-Century Sounds: Deep Cuts from the Desert, Vol. 2",Phil and the Frantics,Phil and the Frantics,,,,,6
Reach Out Of The Darkness,Friend & Lover,Friend & Lover,,,,,6
Medusa,Annie Lennox,Annie Lennox,,,,,6
Fearless (Taylor's Version),Taylor Swift,Taylor Swift,,,,,6
Aisay Kaisay,Hasan Raheem,Hasan Raheem,,,,,6
Black Sheep,Raftaar,Raftaar,,,,,6
Rehnaa Hai Terre Dil Mein,KK,KK,,,,,6
Kaari,Adarsh Rao,Adarsh Rao,,,,,6
No Need To Argue (The Complete Sessions 1994-1995),The Cranberries,The Cranberries,,,,,6
INDUSTRY BABY (feat. Jack Harlow),Lil Nas X,Lil Nas X,,,,,6
Elvis (Fool),Elvis Presley,Elvis Presley,,,,,6
Thoda Pyaar Thoda Magic,Shankar-Ehsaan-Loy,Shankar-Ehsaan-Loy,,,,,6
The Weight Is a Gift,Nada Surf,Nada Surf,,,,,6
A Winter Romance,Dean Martin,Dean Martin,,,,,6
The Reprise Years,Dean Martin,Dean Martin,,,,,6
Ashlyn,Ashe,Ashe,,,,,6
TESTING,A$AP Rocky,A$AP Rocky,,,,,6
Justice - The Complete Edition,Justin Bieber,Justin Bieber,,,,,6
Karthik Calling Karthik,Shankar Mahadevan,Shankar Mahadevan,,,,,6
dead Beat poets: side B,Abdullah Siddiqui,Abdullah Siddiqui,,,,,6
Feel Something,Jaymes Young,Jaymes Young,,,,,6
Kaisi Ye Jagah Hai,Dream Note,Dream Note,,,,,6
What Could Possibly Go Wrong,Dominic Fike,Dominic Fike,,,,,6
Mad Mad World,Tom Cochrane,Tom Cochrane,,,,,6
Majhail,AP Dhillon,AP Dhillon,,,,,6
No Cap,KR$NA,KR$NA,,,,,6
Joona,Hasan Raheem,Hasan Raheem,,,,,6
Jazbaat,Jokhay,Jokhay,,,,,6
Gulshan,Jokhay,Jokhay,,,,,6
Saaya,Jokhay,Jokhay,,,,,6
Humesha,Nabeel Akbar,Nabeel Akbar,,,,,6
Cookie,Shamoon Ismail,Shamoon Ismail,,,,,6
Greatest Vol.1 - Belinda Carlisle,Belinda Carlisle,Belinda Carlisle,,,,,6
You Said,Connor Price,Connor Price,,,,,6
Hounds Of Love,Kate Bush,Kate Bush,,,,,6
i used to think i could fly,Tate McRae,Tate McRae,,,,,6
Badlapur (Original Motion Picture Soundtrack),Atif Aslam,Atif Aslam,,,,,6
Tasveer,Mooroo,Mooroo,,,,,6
Aahista,Ankur Tewari,Ankur Tewari,,,,,6
Na Ja Chakri Ke Mare,Km Tape,Km Tape,,,,,6
Day Of The Dog,Ezra Furman,Ezra Furman,,,,,6
Easy On My Eyes,Stephen Sanchez,Stephen Sanchez,,,,,6
Audiobiography,Mohammed Rafi,Mohammed Rafi,,,,,6
I Love You...Forever,Amit Trivedi,Amit Trivedi,,,,,6
October,Abhishek Arora,Abhishek Arora,,,,,6
Table No. 21 (Original Motion Picture Soundtrack),Gajendra Verma,Gajendra Verma,,,,,6
Black Panther: Wakanda Forever - Music From and Inspired By,Foudeqush,Foudeqush,,,,,6
Black Panther: Wakanda Forever - Music From and Inspired By,Tobe Nwigwe,Tobe Nwigwe,,,,,6
Aaj Phir Kyu,Anupam Mukherjee,Anupam Mukherjee,,,,,6
Zindagi Do Pal Ki - K.K. All Time Hits,KK,KK,,,,,6
Dil Nu (Lofi),Sappy,Sappy,,,,,6
Tamasha,Mika Singh,Mika Singh,,,,,6
Achha Lagta Hai,Shankar-Ehsaan-Loy,Shankar-Ehsaan-Loy,,,,,6
Heer Ranjha,Rito Riba,Rito Riba,,,,,6
"Meditação e Harmonia - Música New Age para Relaxamento, Meditação Profunda, Sono, Calma, Silêncio Interior, Meditação Espiritual, Meditação Yoga",Meditation Music Zone,Meditation Music Zone,,,,,6
Soulful Sonu Nigam Specials,Sonu Nigam,Sonu Nigam,,,,,6
Street Man Fighter Original Vol.3 (Mission by Rank),ZICO,ZICO,,,,,6
Rang Lageya,Mohit Chauhan,Mohit Chauhan,,,,,6
Jimmy from the Gym,EEVA,EEVA,,,,,6
2 States,Aditi Singh Sharma,Aditi Singh Sharma,,,,,6
Celebrate Kai Po Che (Original Motion Picture Soundtrack),Amit Trivedi,Amit Trivedi,,,,,6
Kahani Suno 2.0,Kaifi Khalil,Kaifi Khalil,,,,,6
Double Fantasy,The Weeknd,The Weeknd,,,,,6
English Vinglish (Original Motion Picture Soundtrack),Shilpa Rao,Shilpa Rao,,,,,6
True Stories,AP Dhillon,AP Dhillon,,,,,6
Haaray,Abdul Hannan,Abdul Hannan,,,,,6
Backstreet Boys,Backstreet Boys,Backstreet Boys,,,,,6
love,Michael Bublé,Michael Bublé,,,,,6
The Real Royal Albert Hall 1966 Concert,Bob Dylan,Bob Dylan,,,,,6
Kaho Naa Pyar Hai,Lucky Ali,Lucky Ali,,,,,6
Khwab,Iqlipse Nova,Iqlipse Nova,,,,,6
Ve Haaniyaan,Danny,Danny,,,,,6
THE TORTURED POETS DEPARTMENT: THE ANTHOLOGY,Taylor Swift,Taylor Swift,,,,,6
Elliott Smith,Elliott Smith,Elliott Smith,,,,,6
we fell in love in october / October Passed Me By,girl in red,girl in red,,,,,6
daydreamers,daydreamers,daydreamers,,,,,6
Paradise - EP,Chase Atlantic,Chase Atlantic,,,,,6
"Khoobsurat (From ""Stree 2"")",Sachin-Jigar,Sachin-Jigar,,,,,6
Perpetual Motion People,Ezra Furman,Ezra Furman,,,,,6
Feel It (From “Invincible”),d4vd,d4vd,,,,,6
School Rooftop (Slowed Down Version),Hisohkah,Hisohkah,,,,,6
Stranger Things 2 (Soundtrack from the Netflix Original Series),Kyle Dixon & Michael Stein,Kyle Dixon & Michael Stein,,,,,5
Crazy Rich Asians (Original Motion Picture Soundtrack),Kina Grannis,Kina Grannis,,,,,5
Spotify Singles,Shawn Mendes,Shawn Mendes,,,,,5
Dreams,Jemma Johnson,Jemma Johnson,,,,,5
I Will Spend My Whole Life Loving You,Imaginary Future,Imaginary Future,,,,,5
All This Bad Blood,Bastille,Bastille,,,,,5
bury a friend,Billie Eilish,Billie Eilish,,,,,5
Don't Let Me Down,Joy Williams,Joy Williams,,,,,5
#Acoustic,The Mayries,The Mayries,,,,,5
7 Minutes,Dean Lewis,Dean Lewis,,,,,5
Me Before You,Ed Sheeran,Ed Sheeran,,,,,5
Hey Ya!,Maygen Lacey,Maygen Lacey,,,,,5
Gully Boy - Original Motion Picture Soundtrack,Ankur Tewari,Ankur Tewari,,,,,5
Gully Boy - Original Motion Picture Soundtrack,Prem & Hardeep,Prem & Hardeep,,,,,5
Delta,Mumford & Sons,Mumford & Sons,,,,,5
Dearest Everybody,Inara George,Inara George,,,,,5
"O Saathi (From ""Baaghi 2"")",Atif Aslam,Atif Aslam,,,,,5
"Duniyaa (From ""Luka Chuppi"")",Akhil,Akhil,,,,,5
What a Time To Be Alive,Tom Walker,Tom Walker,,,,,5
Back in Time,Raghav Meattle,Raghav Meattle,,,,,5
Friends (with BloodPop®),Justin Bieber,Justin Bieber,,,,,5
Void,The Rose,The Rose,,,,,5
Toto IV,TOTO,TOTO,,,,,5
The Roar of the Greasepaint - The Smell of the Crowd (Original Broadway Cast Recording),Cyril Ritchard,Cyril Ritchard,,,,,5
The Barbra Streisand Album: Arranged and Conducted by Peter Matz,Barbra Streisand,Barbra Streisand,,,,,5
Stranger Things (Soundtrack from the Netflix Original Series),Jonathan Byers,Jonathan Byers,,,,,5
Gold,Joy Division,Joy Division,,,,,5
Dive Deep,Andrew Belle,Andrew Belle,,,,,5
Suncity,Khalid,Khalid,,,,,5
Baba O'Riley,The Who,The Who,,,,,5
As I Am (Expanded Edition),Alicia Keys,Alicia Keys,,,,,5
The Best Of...,The Calling,The Calling,,,,,5
Music Box,Mariah Carey,Mariah Carey,,,,,5
19,Adele,Adele,,,,,5
Madman Across The Water,Elton John,Elton John,,,,,5
Classics (The Best of The Kinks),The Kinks,The Kinks,,,,,5
All The Young Dudes,Mott The Hoople,Mott The Hoople,,,,,5
Stranger Things (Soundtrack from the Netflix Original Series),The Psychedelic Furs,The Psychedelic Furs,,,,,5
Stranger Things (Soundtrack from the Netflix Original Series),Mike,Mike,,,,,5
Stranger Things (Soundtrack from the Netflix Original Series),Jim Hopper,Jim Hopper,,,,,5
Still Got Time (feat. PARTYNEXTDOOR),ZAYN,ZAYN,,,,,5
You're Somebody Else,flora cash,flora cash,,,,,5
The Colour And The Shape,Foo Fighters,Foo Fighters,,,,,5
"Echoes, Silence, Patience & Grace",Foo Fighters,Foo Fighters,,,,,5
Get Rich Or Die Tryin',50 Cent,50 Cent,,,,,5
Baadshaho,Nusrat Fateh Ali Khan,Nusrat Fateh Ali Khan,,,,,5
Heathers,David Newman,David Newman,,,,,5
Free,Tirth,Tirth,,,,,5
High On Life (feat. Bonn),Martin Garrix,Martin Garrix,,,,,5
We Can't Stop,Halloran & Kate,Halloran & Kate,,,,,5
Words I Never Said,Ella Vos,Ella Vos,,,,,5
Wild Enough,Elina,Elina,,,,,5
A Good Friend Is Nice,Jack & Jack,Jack & Jack,,,,,5
As She Pleases,Madison Beer,Madison Beer,,,,,5
Famous,Kayla Rae Haywood,Kayla Rae Haywood,,,,,5
Fifty Shades Freed,Julia Michaels,Julia Michaels,,,,,5
The Beautiful & Damned,G-Eazy,G-Eazy,,,,,5
4,Beyoncé,Beyoncé,,,,,5
Fifth Harmony,Fifth Harmony,Fifth Harmony,,,,,5
Murder 3 (Original Motion Picture Soundtrack),Pritam,Pritam,,,,,5
Sad Forever,Lauv,Lauv,,,,,5
Jeet,Ritviz,Ritviz,,,,,5
Table No. 21,Gajendra Verma,Gajendra Verma,,,,,5
"Bulleya (From ""Ae Dil Hai Mushkil"")",Pritam,Pritam,,,,,5
Crook (Original Motion Picture Soundtrack),Pritam,Pritam,,,,,5
The Archer,Taylor Swift,Taylor Swift,,,,,5
The Warli Revolt,Swadesi,Swadesi,,,,,5
Aai Shapath Saheb Me Navtho,Dopeadelicz,Dopeadelicz,,,,,5
Sinatra Sings His Greatest Hits,Frank Sinatra,Frank Sinatra,,,,,5
Wiped Out!,The Neighbourhood,The Neighbourhood,,,,,5
Reverence,Robert Gafforelli,Robert Gafforelli,,,,,5
Pour l'amour de toi,Piotr Miteska,Piotr Miteska,,,,,5
Holding on to Forever,Goratie,Goratie,,,,,5
Pachm,Aenor,Aenor,,,,,5
Hymn,Carl Stark Willgold,Carl Stark Willgold,,,,,5
Tomorrow EP,Saddest Girl In The World,Saddest Girl In The World,,,,,5
Hell: The Sequel,Bad Meets Evil,Bad Meets Evil,,,,,5
brent,Jeremy Zucker,Jeremy Zucker,,,,,5
Jannat (Original Motion Picture Soundtrack),Pritam,Pritam,,,,,5
Citylights (Original Motion Picture Soundtrack),Jeet Gannguli,Jeet Gannguli,,,,,5
hot girl bummer,blackbear,blackbear,,,,,5
At Last!,Etta James,Etta James,,,,,5
The Beatles,The Beatles,The Beatles,,,,,5
Looking for Alaska (Music from the Original Series),Fleurie,Fleurie,,,,,5
When I Said I Wanted To Be Your Dog,Jens Lekman,Jens Lekman,,,,,5
Invocations / Conversations,JR JR,JR JR,,,,,5
Strip That Down,Liam Payne,Liam Payne,,,,,5
The Sky Is Pink,Pritam,Pritam,,,,,5
The Shaukeens,Arko,Arko,,,,,5
Break My Heart Again,FINNEAS,FINNEAS,,,,,5
Fist of God,MSTRKRFT,MSTRKRFT,,,,,5
Dusty In Memphis,Dusty Springfield,Dusty Springfield,,,,,5
"Mr. Robot, Vol. 1 (Original Television Series Soundtrack)",Mac Quayle,Mac Quayle,,,,,5
Intentions,Justin Bieber,Justin Bieber,,,,,5
Zero,Abhay Jodhpurkar,Abhay Jodhpurkar,,,,,5
Uyire (Original Motion Picture Soundtrack),S. Janaki,S. Janaki,,,,,5
Chennai Express,Vishal Dadlani,Vishal Dadlani,,,,,5
Baadshah - Original Motion Picture Soundtrack,Abhijeet,Abhijeet,,,,,5
Rehne Do Na,Ankur Tewari,Ankur Tewari,,,,,5
Begin Again - Music From And Inspired By The Original Motion Picture,Keira Knightley,Keira Knightley,,,,,5
Guilty,Ankur Tewari,Ankur Tewari,,,,,5
YHLQMDLG,Bad Bunny,Bad Bunny,,,,,5
kelsea,Kelsea Ballerini,Kelsea Ballerini,,,,,5
It is a Beauteous Evening,Thomasine Robinson,Thomasine Robinson,,,,,5
Face Value (Deluxe Editon),Phil Collins,Phil Collins,,,,,5
Eric Clapton & Friends: The Breeze - An Appreciation Of JJ Cale,Eric Clapton,Eric Clapton,,,,,5
The Papas & The Mamas,The Mamas & The Papas,The Mamas & The Papas,,,,,5
Odessey & Oracle_ 30th Anniversary Edition,The Zombies,The Zombies,,,,,5
Tonight,Emmrose,Emmrose,,,,,5
Please Excuse Me for Being Antisocial,Roddy Ricch,Roddy Ricch,,,,,5
LAS QUE NO IBAN A SALIR,Bad Bunny,Bad Bunny,,,,,5
Cry Baby,Melanie Martinez,Melanie Martinez,,,,,5
What If Nothing,WALK THE MOON,WALK THE MOON,,,,,5
VOICES (feat. XXXTENTACION),Skye,Skye,,,,,5
Vessel,Twenty One Pilots,Twenty One Pilots,,,,,5
Monk: Our Lady of Late,Meredith Monk,Meredith Monk,,,,,5
Bhaag Milkha Bhaag (Original Motion Picture Soundtrack),Shankar-Ehsaan-Loy,Shankar-Ehsaan-Loy,,,,,5
Escape,Journey,Journey,,,,,5
I Don't Mind (feat. Juicy J),USHER,USHER,,,,,5
There She Goes,Taio Cruz,Taio Cruz,,,,,5
Rokstarr,Taio Cruz,Taio Cruz,,,,,5
Tattoos,Jason Derulo,Jason Derulo,,,,,5
THE E.N.D. (THE ENERGY NEVER DIES),Black Eyed Peas,Black Eyed Peas,,,,,5
The Dutchess,Fergie,Fergie,,,,,5
R.O.O.T.S. (Route of Overcoming the Struggle),Flo Rida,Flo Rida,,,,,5
Moon Landing,James Blunt,James Blunt,,,,,5
The Massacre,50 Cent,50 Cent,,,,,5
souljaboytellem.com,Soulja Boy,Soulja Boy,,,,,5
iSouljaBoyTellem,Soulja Boy,Soulja Boy,,,,,5
Disc-Overy,Tinie Tempah,Tinie Tempah,,,,,5
Joy of Little Things,When Chai Met Toast,When Chai Met Toast,,,,,5
Chalo Chalein,Ritviz,Ritviz,,,,,5
All the Lost Souls,James Blunt,James Blunt,,,,,5
B.o.B Presents: The Adventures of Bobby Ray,B.o.B,B.o.B,,,,,5
100 Greatest R&B,B.o.B,B.o.B,,,,,5
Daydream Forever,The Chain Gang Of 1974,The Chain Gang Of 1974,,,,,5
Narrated For You,Alec Benjamin,Alec Benjamin,,,,,5
Far Out Dust,Talos,Talos,,,,,5
jar of hearts,Christina Perri,Christina Perri,,,,,5
Cannibal (Expanded Edition),Kesha,Kesha,,,,,5
Voicenotes,Charlie Puth,Charlie Puth,,,,,5
Globalization,Pitbull,Pitbull,,,,,5
Nimrod,Green Day,Green Day,,,,,5
Heaven on Earth (30th Anniversary Edition),Belinda Carlisle,Belinda Carlisle,,,,,5
The New Abnormal,The Strokes,The Strokes,,,,,5
I Can't Stand The Rain,Ann Peebles,Ann Peebles,,,,,5
Moonlight - Beethoven for dreaming,Ludwig van Beethoven,Ludwig van Beethoven,,,,,5
Love Goes,Sam Smith,Sam Smith,,,,,5
Anyone,Justin Bieber,Justin Bieber,,,,,5
Vibez,ZAYN,ZAYN,,,,,5
Aisi Raaton,Anupam Roy,Anupam Roy,,,,,5
3,Alev Lenz,Alev Lenz,,,,,5
Going To Where The Tea Trees Are,Peter von Poehl,Peter von Poehl,,,,,5
Hate Dah,Super Silly,Super Silly,,,,,5
Pink Moon,Nick Drake,Nick Drake,,,,,5
Radioactive,Imagine Dragons,Imagine Dragons,,,,,5
Gordon Jenkins Presents Marshall Royal,Gordon Jenkins,Gordon Jenkins,,,,,5
"Oldies - Popcorn - Cha Cha, Vol. 1",Rinky Dink,Rinky Dink,,,,,5
Leave Before You Love Me,Marshmello,Marshmello,,,,,5
Tamasha,Mohit Chauhan,Mohit Chauhan,,,,,5
The Essentials,Marilyn Monroe,Marilyn Monroe,,,,,5
Bye Bye Birdie (Original Motion Picture Soundtrack),Ann-Margret,Ann-Margret,,,,,5
Bob Dylan,Bob Dylan,Bob Dylan,,,,,5
"Skeeter Davis: The Pop Hits Collection, Volume 1",Skeeter Davis,Skeeter Davis,,,,,5
The Classic Collection,Petula Clark,Petula Clark,,,,,5
Revolver,The Beatles,The Beatles,,,,,5
"Cult Hits of the 1960's, Vol. 4",Leaves of Grass,Leaves of Grass,,,,,5
Head,The Monkees,The Monkees,,,,,5
The Night We Met,Lord Huron,Lord Huron,,,,,5
OK,Wallows,Wallows,,,,,5
Animal Kingdom,Cavetown,Cavetown,,,,,5
Bo Diddley,Bo Diddley,Bo Diddley,,,,,5
20/20,George Benson,George Benson,,,,,5
Inside (The Songs),Bo Burnham,Bo Burnham,,,,,5
So Good,OAFF,OAFF,,,,,5
Songs from the Valley,John Vincent III,John Vincent III,,,,,5
The Off-Season,J. Cole,J. Cole,,,,,5
Yuvvraaj,Benny Dayal,Benny Dayal,,,,,5
Next Thing,Frankie Cosmos,Frankie Cosmos,,,,,5
Can I Have the Day With You,Sam Ock,Sam Ock,,,,,5
Let Go,Nada Surf,Nada Surf,,,,,5
Mundo Paralelo,Monsieur Periné,Monsieur Periné,,,,,5
The Melodic Blue,Baby Keem,Baby Keem,,,,,5
Peru,Fireboy DML,Fireboy DML,,,,,5
No Love Lost,Blxst,Blxst,,,,,5
Jab Tak Hai Jaan,A.R. Rahman,A.R. Rahman,,,,,5
Doobey,OAFF,OAFF,,,,,5
Eenie Meenie,Sean Kingston,Sean Kingston,,,,,5
Gumsum,Akanksha Bhandari,Akanksha Bhandari,,,,,5
Aarzu,Hasan Raheem,Hasan Raheem,,,,,5
Zindagi Ki Goud Mein,Dream Note,Dream Note,,,,,5
Droptop,AP Dhillon,AP Dhillon,,,,,5
All Over The Place,KSI,KSI,,,,,5
Montgomery Ricky,Ricky Montgomery,Ricky Montgomery,,,,,5
Hum Tum,Jatin-Lalit,Jatin-Lalit,,,,,5
Kyun! Ho Gaya Na - Original Motion Picture Soundtrack,Sadhana Sargam,Sadhana Sargam,,,,,5
Love Grows (Where My Rosemary Goes) & Other Gems,Edison Lighthouse,Edison Lighthouse,,,,,5
Roy Pablo,boy pablo,boy pablo,,,,,5
The Train,Mithoon,Mithoon,,,,,5
LET THE GRASS GROW,Ruel,Ruel,,,,,5
All Over The World: The Very Best Of ELO,Electric Light Orchestra,Electric Light Orchestra,,,,,5
II,Bad Books,Bad Books,,,,,5
Faraar,Gurinder Gill,Gurinder Gill,,,,,5
Arrogant,AP Dhillon,AP Dhillon,,,,,5
Still Here,KR$NA,KR$NA,,,,,5
African Giant,Burna Boy,Burna Boy,,,,,5
Alag Aasmaan (Acoustic),Anuv Jain,Anuv Jain,,,,,5
Khana Badosh,Jokhay,Jokhay,,,,,5
Anime Lofi Beats 4,Kayou. Beats,Kayou. Beats,,,,,5
Doppelgänger,Joshua Bassett,Joshua Bassett,,,,,5
I Can Help,Billy Swan,Billy Swan,,,,,5
Hallelujah & Songs from His Albums,Leonard Cohen,Leonard Cohen,,,,,5
gfy (with Machine Gun Kelly),blackbear,blackbear,,,,,5
Gory Love,Calabasas,Calabasas,,,,,5
"Stranger Things: Soundtrack from the Netflix Series, Season 4",Dead Or Alive,Dead Or Alive,,,,,5
Carolina,Taylor Swift,Taylor Swift,,,,,5
I Ain’t Worried,OneRepublic,OneRepublic,,,,,5
Le Chal,Himonshu Parikh,Himonshu Parikh,,,,,5
Evergreen Hits Of K.K.,KK,KK,,,,,5
Settle - Special Edition,Disclosure,Disclosure,,,,,5
Kya Karein,Aditya Rikhari,Aditya Rikhari,,,,,5
Tu Rehti Hai,Aditya Rikhari,Aditya Rikhari,,,,,5
Strange Desire,Bleachers,Bleachers,,,,,5
Talk It Out,dwsdmusic,dwsdmusic,,,,,5
When It's All Said And Done... Take Time,Giveon,Giveon,,,,,5
"Debussy: Suite bergamasque, L. 75, 3. Clair de lune",Claude Debussy,Claude Debussy,,,,,5
Mismatched: Season 2 (Music from the Netflix Series),Taaruk Raina,Taaruk Raina,,,,,5
Jo Jeeta Wohi Sikandar,Udit Narayan,Udit Narayan,,,,,5
Black Panther: Wakanda Forever - Music From and Inspired By,Burna Boy,Burna Boy,,,,,5
Black Panther: Wakanda Forever - Music From and Inspired By,Tems,Tems,,,,,5
Black Panther: Wakanda Forever - Music From and Inspired By,OG DAYV,OG DAYV,,,,,5
Black Panther: Wakanda Forever - Music From and Inspired By,CKay,CKay,,,,,5
Indigo,RM,RM,,,,,5
SMITHEREENS,Joji,Joji,,,,,5
Welcome To The Madhouse,Tones And I,Tones And I,,,,,5
HDTV,Tai Verdes,Tai Verdes,,,,,5
Ghodey Pe Sawaar,Amit Trivedi,Amit Trivedi,,,,,5
Meditation Zone,Meditation Music Zone,Meditation Music Zone,,,,,5
THE SECOND STEP : CHAPTER ONE,TREASURE,TREASURE,,,,,5
The Papercut Chronicles II,Gym Class Heroes,Gym Class Heroes,,,,,5
Aaja Nindiya,Ankur Tewari,Ankur Tewari,,,,,5
Muchacho,Phosphorescent,Phosphorescent,,,,,5
Just As Easily,Frizzell D'souza,Frizzell D'souza,,,,,5
Duniyadari,Shikha Jain,Shikha Jain,,,,,5
"London, Paris, New York (Original Motion Picture Soundtrack)",Ali Zafar,Ali Zafar,,,,,5
We Are Family (Original Motion Picture Soundtrack),Shankar-Ehsaan-Loy,Shankar-Ehsaan-Loy,,,,,5
Daastaan,Ramil Ganjoo,Ramil Ganjoo,,,,,5
Flower Boy,"Tyler, The Creator","Tyler, The Creator",,,,,5
Past Lives,creamy,creamy,,,,,5
Yaariyan,Mohammed Irfan,Mohammed Irfan,,,,,5
English Vinglish (Original Motion Picture Soundtrack),Amit Trivedi,Amit Trivedi,,,,,5
Honeymoon,Beach Bunny,Beach Bunny,,,,,5
Naa Ready,Anirudh Ravichander,Anirudh Ravichander,,,,,5
Alfaazo,Mitraz,Mitraz,,,,,5
The Highlights,The Weeknd,The Weeknd,,,,,5
꽃보다 남자 (Original Television Soundtrack),SHINee,SHINee,,,,,5
Blossom Hill,david hugo,david hugo,,,,,5
SKZ-REPLAY,Stray Kids,Stray Kids,,,,,5
GO LIVE,Stray Kids,Stray Kids,,,,,5
Chaand,Brave Wrld,Brave Wrld,,,,,5
Sometimes,AUR,AUR,,,,,5
"Lovely Runner, Pt. 8 (Original Soundtrack)",10CM,10CM,,,,,5
feelslikeimfallinginlove,Coldplay,Coldplay,,,,,5
HIT ME HARD AND SOFT,Billie Eilish,Billie Eilish,,,,,5
Pleaser,Wallows,Wallows,,,,,5
Still Bill,Bill Withers,Bill Withers,,,,,5
Baban,Onkarswaroop,Onkarswaroop,,,,,5
Silver Crane (Deluxe),Fly By Midnight,Fly By Midnight,,,,,5
"Naina (From ""Crew"")",Diljit Dosanjh,Diljit Dosanjh,,,,,5
Ajay - Atul Hits,Ajay Gogavale,Ajay Gogavale,,,,,5
Katyar Kaljat Ghusli,Arijit Singh,Arijit Singh,,,,,5
Sairat,Shreya Ghoshal,Shreya Ghoshal,,,,,5
Smart (Remixes),LE SSERAFIM,LE SSERAFIM,,,,,5
The Bang Years 1966-1968,Neil Diamond,Neil Diamond,,,,,5
French Exit,TV Girl,TV Girl,,,,,5
Baawra,Kushagra,Kushagra,,,,,5
Band Baaja Baaraat,Salim–Sulaiman,Salim–Sulaiman,,,,,5
Me Vasantrao,Rahul Deshpande,Rahul Deshpande,,,,,5
Par Ab Jo Aayegi Tu,AUR,AUR,,,,,5
V,Adam Levine,Adam Levine,,,,,5
Sling,Clairo,Clairo,,,,,5
"Zamaana Lage (From ""Metro ... In Dino"")",Pritam,Pritam,,,,,5
Dhadak 2,Jubin Nautiyal,Jubin Nautiyal,,,,,5
In The Lonely Hour,Sam Smith,Sam Smith,,,,,4
When You Love Someone,James TW,James TW,,,,,4
I Found You,Kina Grannis,Kina Grannis,,,,,4
I Want to Hide My Face & Die,Acid Ghost,Acid Ghost,,,,,4
Vacation II,Acid Ghost,Acid Ghost,,,,,4
A Real Hero,Smallpools,Smallpools,,,,,4
The Nashville Sound,Jason Isbell and the 400 Unit,Jason Isbell and the 400 Unit,,,,,4
Stay,Zedd,Zedd,,,,,4
Laal Bindi,Akull,Akull,,,,,4
Immortal Love,Ed Sheeran,Ed Sheeran,,,,,4
Natural,Maygen Lacey,Maygen Lacey,,,,,4
Heavy,Birdtalker,Birdtalker,,,,,4
Wendigo,Penny and Sparrow,Penny and Sparrow,,,,,4
All The Stars,Sofia Karlberg,Sofia Karlberg,,,,,4
Kind Of Blue,Miles Davis,Miles Davis,,,,,4
Hello,Parekh & Singh,Parekh & Singh,,,,,4
Tiger Zinda Hai,Vishal-Shekhar,Vishal-Shekhar,,,,,4
Tera Zikr,Darshan Raval,Darshan Raval,,,,,4
Namaste England,Badshah,Badshah,,,,,4
Uri - The Surgical Strike,Yasser Desai,Yasser Desai,,,,,4
Better Than It All,Raghav Meattle,Raghav Meattle,,,,,4
Ocean (Deluxe),Parekh & Singh,Parekh & Singh,,,,,4
Tapestry,Carole King,Carole King,,,,,4
Voice in the Silence,Mutemath,Mutemath,,,,,4
Glory Sound Prep,Jon Bellion,Jon Bellion,,,,,4
The Nights,Chlara,Chlara,,,,,4
Volume 1,Pink Sweat$,Pink Sweat$,,,,,4
Barry Manilow II,Barry Manilow,Barry Manilow,,,,,4
Take My Breath Away,Berlin,Berlin,,,,,4
The Essential Cyndi Lauper,Cyndi Lauper,Cyndi Lauper,,,,,4
Let's Talk About Love,Céline Dion,Céline Dion,,,,,4
Gladiator - Music From The Motion Picture,Klaus Badelt,Klaus Badelt,,,,,4
Backspacer,Pearl Jam,Pearl Jam,,,,,4
Gladiator - Music From The Motion Picture,Hans Zimmer,Hans Zimmer,,,,,4
The Wilds,Henry Jamison,Henry Jamison,,,,,4
An Awesome Wave,alt-J,alt-J,,,,,4
Dusk Till Dawn (The Remixes) (feat. Sia),ZAYN,ZAYN,,,,,4
Mr. Tambourine Man,The Byrds,The Byrds,,,,,4
Flowers,Jacob Tillberg,Jacob Tillberg,,,,,4
Quadrophenia - Live In London,The Who,The Who,,,,,4
Live In Japan,George Harrison,George Harrison,,,,,4
Karwaan,Arijit Singh,Arijit Singh,,,,,4
Showcase,Patsy Cline,Patsy Cline,,,,,4
The Breakfast Club,Keith Forsey,Keith Forsey,,,,,4
Weezer,Weezer,Weezer,,,,,4
Pandora's Box,ChainReaction,ChainReaction,,,,,4
Now And Forever: 25 Songs Of Love,Coldplay,Coldplay,,,,,4
Willy And The Poor Boys,Creedence Clearwater Revival,Creedence Clearwater Revival,,,,,4
In Tongues (Deluxe),Joji,Joji,,,,,4
Heaven Tonight,Cheap Trick,Cheap Trick,,,,,4
Warm Drag,Warm Drag,Warm Drag,,,,,4
Eccentric Soul: The Forte Label,The Ray-Ons,The Ray-Ons,,,,,4
Going Back: A Collection Of Rhythm & Blues,Little Alice,Little Alice,,,,,4
Tribal Thunder,Dick Dale,Dick Dale,,,,,4
We Appreciate Power,Grimes,Grimes,,,,,4
Every Where Is Some Where,K.Flay,K.Flay,,,,,4
Future Eye,James Burke,James Burke,,,,,4
Joy,Bastille,Bastille,,,,,4
Back To Front,Lionel Richie,Lionel Richie,,,,,4
Are You Experienced,Jimi Hendrix,Jimi Hendrix,,,,,4
You Belong to Me,Cat Pierce,Cat Pierce,,,,,4
Chapters,James TW,James TW,,,,,4
Hurts Like Hell (feat. Offset),Madison Beer,Madison Beer,,,,,4
Habits (Stay High),Darnell Smith,Darnell Smith,,,,,4
Gravity,Against The Current,Against The Current,,,,,4
Lemonade,Beyoncé,Beyoncé,,,,,4
Fallen Down,Michelle Featherstone,Michelle Featherstone,,,,,4
Femme Fatale (Deluxe Version),Britney Spears,Britney Spears,,,,,4
Unapologetic - Deluxe,Rihanna,Rihanna,,,,,4
Power Hits 2017,Ariana Grande,Ariana Grande,,,,,4
Young And Beautiful,Lana Del Rey,Lana Del Rey,,,,,4
Lust For Life,Lana Del Rey,Lana Del Rey,,,,,4
For You,Selena Gomez,Selena Gomez,,,,,4
Music From Chasing Happiness,Jonas Brothers,Jonas Brothers,,,,,4
Not Ok,Kygo,Kygo,,,,,4
Deja Vu,"Crosby, Stills, Nash & Young","Crosby, Stills, Nash & Young",,,,,4
Spider-Man: Into the Spider-Verse,Juice WRLD,Juice WRLD,,,,,4
Sueños,Sech,Sech,,,,,4
Boy In The Box,Corey Hart,Corey Hart,,,,,4
Stray Cats,Stray Cats,Stray Cats,,,,,4
Circuital,My Morning Jacket,My Morning Jacket,,,,,4
"Stranger Things: Soundtrack from the Netflix Original Series, Season 3",Gaten Matarazzo,Gaten Matarazzo,,,,,4
Hotel Diablo,mgk,mgk,,,,,4
Satchurated: Live In Montreal,Joe Satriani,Joe Satriani,,,,,4
Ready,Ruel,Ruel,,,,,4
Kadak Ban,Emiway Bantai,Emiway Bantai,,,,,4
1981 Extended Play,I DONT KNOW HOW BUT THEY FOUND ME,I DONT KNOW HOW BUT THEY FOUND ME,,,,,4
"Rula Diya (From ""Batla House"")",Ankit Tiwari,Ankit Tiwari,,,,,4
Naive Spin,Aaron Lansing,Aaron Lansing,,,,,4
Lost But Not Forgotten,Pacific Humble,Pacific Humble,,,,,4
Tone of Love,Charles Bolt,Charles Bolt,,,,,4
KARMA,Raja Kumari,Raja Kumari,,,,,4
Her Allure,Porch Upright,Porch Upright,,,,,4
Where the Light Is,Surfaces,Surfaces,,,,,4
All For Us,Labrinth,Labrinth,,,,,4
Misli na tebe,Frano Stanić,Frano Stanić,,,,,4
The Spirit of Bhaag Milkha Bhaag,Shankar-Ehsaan-Loy,Shankar-Ehsaan-Loy,,,,,4
Revenge,XXXTENTACION,XXXTENTACION,,,,,4
"Come Over When You're Sober, Pt. 2",Lil Peep,Lil Peep,,,,,4
HIGHEST IN THE ROOM,Travis Scott,Travis Scott,,,,,4
RAAZ - The Mystery Continues (Original Motion Picture Soundtrack),Raju Singh,Raju Singh,,,,,4
Kurbaan (Original Motion Picture Soundtrack),Salim–Sulaiman,Salim–Sulaiman,,,,,4
Agneepath (Original Motion Picture Soundtrack),Ajay-Atul,Ajay-Atul,,,,,4
Sunflower,Rex Orange County,Rex Orange County,,,,,4
EVOL,Future,Future,,,,,4
The Complete Ella And Louis On Verve,Ella Fitzgerald,Ella Fitzgerald,,,,,4
Breakaway,Kelly Clarkson,Kelly Clarkson,,,,,4
Action! The Ultimate Story,Sweet,Sweet,,,,,4
Lonely,Diplo,Diplo,,,,,4
Self Portrait,Sasha Alex Sloan,Sasha Alex Sloan,,,,,4
Hot Fuss,The Killers,The Killers,,,,,4
Fiesta Macarena,Los Del Rio,Los Del Rio,,,,,4
Matt Sharp,Matt Sharp,Matt Sharp,,,,,4
Missing You - EP,The Vamps,The Vamps,,,,,4
Charlie's Angels,Ariana Grande,Ariana Grande,,,,,4
Shivaay,Mithoon,Mithoon,,,,,4
"Bach: Cello Suites Nos. 1, 5 & 6",Johann Sebastian Bach,Johann Sebastian Bach,,,,,4
Complete Strangers,Vetiver,Vetiver,,,,,4
Songs Of Leonard Cohen,Leonard Cohen,Leonard Cohen,,,,,4
"Whoa, Nelly!",Nelly Furtado,Nelly Furtado,,,,,4
Jeet 2.0,Ritviz,Ritviz,,,,,4
If You Need Me,Julia Michaels,Julia Michaels,,,,,4
"12"" 80s Classics",Animotion,Animotion,,,,,4
Nancy & Lee,Nancy Sinatra,Nancy Sinatra,,,,,4
dont smile at me,Billie Eilish,Billie Eilish,,,,,4
Billy Ocean (Expanded Edition),Billy Ocean,Billy Ocean,,,,,4
Pleasure to Kill,Kreator,Kreator,,,,,4
Blood Harmony,FINNEAS,FINNEAS,,,,,4
portraits,Greyson Chance,Greyson Chance,,,,,4
Om Shanti Om,Shreya Ghoshal,Shreya Ghoshal,,,,,4
Main Hoon Na,Ranjit Barot,Ranjit Barot,,,,,4
Uyire (Original Motion Picture Soundtrack),Sukhwinder Singh,Sukhwinder Singh,,,,,4
"Radha (From ""Jab Harry Met Sejal"")",Pritam,Pritam,,,,,4
Ra-One,Shafqat Amanat Ali,Shafqat Amanat Ali,,,,,4
Ra-One,Vishal-Shekhar,Vishal-Shekhar,,,,,4
Baazigar,Vinod Rathod,Vinod Rathod,,,,,4
Beethoven: Symphonies Nos.5 & 7,Ludwig van Beethoven,Ludwig van Beethoven,,,,,4
3 Idiots,Suraj Jagan,Suraj Jagan,,,,,4
Shayad,Pritam,Pritam,,,,,4
Begin Again - Music From And Inspired By The Original Motion Picture,Adam Levine,Adam Levine,,,,,4
The Ember,Albie Monroy,Albie Monroy,,,,,4
Alene uden dig,Tosh Møller,Tosh Møller,,,,,4
La vérité,Mano Vecina,Mano Vecina,,,,,4
If Only,Jamie Bendrodt,Jamie Bendrodt,,,,,4
The Fisherman's Daughter,Alexander Bennet,Alexander Bennet,,,,,4
Roses,SAINt JHN,SAINt JHN,,,,,4
No Judgement,Niall Horan,Niall Horan,,,,,4
"Songs from France: ô Corse, ile d'amour",Tino Rossi,Tino Rossi,,,,,4
The Singles,Phil Collins,Phil Collins,,,,,4
...But Seriously,Phil Collins,Phil Collins,,,,,4
Tamasha,Lucky Ali,Lucky Ali,,,,,4
Sifar,Lucky Ali,Lucky Ali,,,,,4
Nation of Two,Vance Joy,Vance Joy,,,,,4
#1 Record,Big Star,Big Star,,,,,4
The Train,KK,KK,,,,,4
I Remember,GÅEL,GÅEL,,,,,4
80s Ballads,Belinda Carlisle,Belinda Carlisle,,,,,4
Mozart: Kleine Nachtmusik (Eine) / Serenata Notturna / Divertimento No. 10,Wolfgang Amadeus Mozart,Wolfgang Amadeus Mozart,,,,,4
Bajirao Mastani (Original Motion Picture Soundtrack),Arijit Singh,Arijit Singh,,,,,4
Good Girl Gone Bad: Reloaded,Maroon 5,Maroon 5,,,,,4
Everything Is 4,Jason Derulo,Jason Derulo,,,,,4
Future History,Jason Derulo,Jason Derulo,,,,,4
Confessions on a Dance Floor,Madonna,Madonna,,,,,4
Killer Love,Nicole Scherzinger,Nicole Scherzinger,,,,,4
...Baby One More Time (Digital Deluxe Version),Britney Spears,Britney Spears,,,,,4
head or heart,Christina Perri,Christina Perri,,,,,4
Meat Is Murder,The Smiths,The Smiths,,,,,4
Oops!... I Did It Again,Britney Spears,Britney Spears,,,,,4
Poetry Ceylon,Ditty,Ditty,,,,,4
Kaisi Ye Jagah Hai - Single,Dream Note,Dream Note,,,,,4
+,Ed Sheeran,Ed Sheeran,,,,,4
OK KID,OK KID,OK KID,,,,,4
Single Boa Noite,Karol Conká,Karol Conká,,,,,4
Perception,NF,NF,,,,,4
Replay,Iyaz,Iyaz,,,,,4
Young & Alive,Bazzi,Bazzi,,,,,4
Tomorrow,Sean Kingston,Sean Kingston,,,,,4
Songs In A Minor (Expanded Edition),Alicia Keys,Alicia Keys,,,,,4
Shock Value,Timbaland,Timbaland,,,,,4
Melophobia,Cage The Elephant,Cage The Elephant,,,,,4
DÁKITI,Bad Bunny,Bad Bunny,,,,,4
Blush,Taba Chake,Taba Chake,,,,,4
Melt (Deluxe),SHAED,SHAED,,,,,4
Chuck,Sum 41,Sum 41,,,,,4
Baila Conmigo (with Rauw Alejandro),Selena Gomez,Selena Gomez,,,,,4
Up,Cardi B,Cardi B,,,,,4
rubberband,Tate McRae,Tate McRae,,,,,4
Good Days,SZA,SZA,,,,,4
Heaven & Hell,Ava Max,Ava Max,,,,,4
Jashn-E-Bahara,Viepsa Arora,Viepsa Arora,,,,,4
Patang,Umer Farooq,Umer Farooq,,,,,4
Reruns,SUGR?,SUGR?,,,,,4
80%,Alex Gough,Alex Gough,,,,,4
Every Open Eye,CHVRCHES,CHVRCHES,,,,,4
redlight,Uly,Uly,,,,,4
Shame About Lucy Moonhead,Aslan,Aslan,,,,,4
Percy Faith'S Greatest Hits,Percy Faith & His Orchestra,Percy Faith & His Orchestra,,,,,4
WITHOUT YOU (with Miley Cyrus),The Kid LAROI,The Kid LAROI,,,,,4
Dino: The Essential Dean Martin,Dean Martin,Dean Martin,,,,,4
Lost Hits Of The 60's,Kyu Sakamoto,Kyu Sakamoto,,,,,4
Today & Yesterday,Perry Como,Perry Como,,,,,4
The History Of Jazz Vol. 1 (Jazz Club),Ben Webster,Ben Webster,,,,,4
Love Potion No. 9,The Clovers,The Clovers,,,,,4
"Amazing Hits Of The Transistor Era, Vol. 1",Dave Lowe,Dave Lowe,,,,,4
"Jay Ramsey Anthology, Vol. 1",Jay Ramsey,Jay Ramsey,,,,,4
The Beat Goes On: Best Of,Sonny & Cher,Sonny & Cher,,,,,4
Kinks,The Kinks,The Kinks,,,,,4
Retrospective: The Music Of Mad Men - Original Series Soundtrack,Nancy Sinatra,Nancy Sinatra,,,,,4
Soul Legend,Lou Johnson,Lou Johnson,,,,,4
The South Side of Soul Street: The Minaret Soul Singles 1967-1976,Big John Hamilton,Big John Hamilton,,,,,4
Part of Me,Gold Brother,Gold Brother,,,,,4
La Peste,Alabama 3,Alabama 3,,,,,4
Refried Treats,Land of the Loops,Land of the Loops,,,,,4
Who Can You Trust?,Morcheeba,Morcheeba,,,,,4
Piku,Anupam Roy,Anupam Roy,,,,,4
Life of Grant,The Impersonators,The Impersonators,,,,,4
Manto,Raftaar,Raftaar,,,,,4
Latest Songs Of Ayushmann Khurrana,Falak Shabbir,Falak Shabbir,,,,,4
Masaan,Swanand Kirkire,Swanand Kirkire,,,,,4
Saw You in a Dream,The Japanese House,The Japanese House,,,,,4
JORDI,Maroon 5,Maroon 5,,,,,4
Why Not Meri Jaan,Young Stunners,Young Stunners,,,,,4
Ill,Talhah Yunus,Talhah Yunus,,,,,4
Why,Young Stunners,Young Stunners,,,,,4
The Life Of Pablo,Kanye West,Kanye West,,,,,4
Tere Jaane Se,Anurag Vashisht,Anurag Vashisht,,,,,4
Wildest Dreams (Taylor's Version),Taylor Swift,Taylor Swift,,,,,4
Dou Pal,Taha G,Taha G,,,,,4
2hrs,tobi lou,tobi lou,,,,,4
The Harptones,The Harptones,The Harptones,,,,,4
One Right Now,Post Malone,Post Malone,,,,,4
New Normal,Khalid,Khalid,,,,,4
Punk,Young Thug,Young Thug,,,,,4
Ykwim,Karan Aujla,Karan Aujla,,,,,4
Happy Fucking Birthday,Rhys Lewis,Rhys Lewis,,,,,4
The Band CAMINO,The Band CAMINO,The Band CAMINO,,,,,4
Glitterbug,The Wombats,The Wombats,,,,,4
Take the Sadness Out of Saturday Night,Bleachers,Bleachers,,,,,4
Karthik Calling Karthik,KK,KK,,,,,4
in my sleep,Mahak Qayyum,Mahak Qayyum,,,,,4
Delhi-6,Javed Ali,Javed Ali,,,,,4
In My Head,Bedroom,Bedroom,,,,,4
Eleanor,Samuel Lim,Samuel Lim,,,,,4
True Love,Kanye West,Kanye West,,,,,4
"Stranger Things: Soundtrack from the Netflix Series, Season 4",The Beach Boys,The Beach Boys,,,,,4
"Stranger Things: Soundtrack from the Netflix Series, Season 4",Talking Heads,Talking Heads,,,,,4
"Stranger Things: Soundtrack from the Netflix Series, Season 4",KISS,KISS,,,,,4
"Stranger Things: Soundtrack from the Netflix Series, Season 4",The Cramps,The Cramps,,,,,4
"Stranger Things: Soundtrack from the Netflix Series, Season 4",Musical Youth,Musical Youth,,,,,4
Nectar,Joji,Joji,,,,,4
"Cannot Be, Whatsoever",Novo Amor,Novo Amor,,,,,4
Last Minute,Sam MacPherson,Sam MacPherson,,,,,4
Imagination & the Misfit Kid,Labrinth,Labrinth,,,,,4
Is It Just Me? (feat. Charlie Puth),Sasha Alex Sloan,Sasha Alex Sloan,,,,,4
Khabar,Twin Strings,Twin Strings,,,,,4
"Hoor (From ""Hindi Medium"")",Sachin-Jigar,Sachin-Jigar,,,,,4
Bareilly Ki Barfi,Arko,Arko,,,,,4
You,Yunan,Yunan,,,,,4
Vicky Donor (Original Motion Picture Soundtrack),Ayushmann Khurrana,Ayushmann Khurrana,,,,,4
Texas Sensation,Freddie King,Freddie King,,,,,4
I Just Want To Thank You,Big John Hamilton,Big John Hamilton,,,,,4
Boondein,Silk Route,Silk Route,,,,,4
October,Shantanu Moitra,Shantanu Moitra,,,,,4
Tu Kahan,Aditya Rikhari,Aditya Rikhari,,,,,4
Chauffeur,Diljit Dosanjh,Diljit Dosanjh,,,,,4
Superbloom,Ashton Irwin,Ashton Irwin,,,,,4
Hindi Gaane,NAALAYAK,NAALAYAK,,,,,4
Songs from the Arc of Life,Camille Saint-Saëns,Camille Saint-Saëns,,,,,4
Fracture,Stephan Moccio,Stephan Moccio,,,,,4
"Schumann: Kinderszenen, Op. 15: Träumerei (Arr. Lewin for Guitar)",Robert Schumann,Robert Schumann,,,,,4
Hailstork: Orchestral Music,Adolphus Hailstork,Adolphus Hailstork,,,,,4
Schoenberg: Notturno for Strings and Harp,Arnold Schoenberg,Arnold Schoenberg,,,,,4
Natural Light,Ludovico Einaudi,Ludovico Einaudi,,,,,4
Tchaikovsky: Piano Concerto No. 1,Franz Schubert,Franz Schubert,,,,,4
Citizen,William Grant Still,William Grant Still,,,,,4
Humanity,Johann Sebastian Bach,Johann Sebastian Bach,,,,,4
Na Kehna Tum,Dream Note,Dream Note,,,,,4
Pen Down With Amitabh Bhattacharya,Mohan Kannan,Mohan Kannan,,,,,4
50th Anniversary Collection,The Andrews Sisters,The Andrews Sisters,,,,,4
Delhi-6,Mohit Chauhan,Mohit Chauhan,,,,,4
"Bollywood Music - Kumar Sanu At His Best, Vol. 2",Kumar Sanu,Kumar Sanu,,,,,4
Yahin Hoon Main,Rochak Kohli,Rochak Kohli,,,,,4
Black Panther: Wakanda Forever - Music From and Inspired By,Fireboy DML,Fireboy DML,,,,,4
Black Panther: Wakanda Forever - Music From and Inspired By,Adn Maya Colectivo,Adn Maya Colectivo,,,,,4
Black Panther: Wakanda Forever - Music From and Inspired By,Bloody Civilian,Bloody Civilian,,,,,4
Black Panther: Wakanda Forever - Music From and Inspired By,Alemán,Alemán,,,,,4
Black Panther: Wakanda Forever - Music From and Inspired By,Blue Rojo,Blue Rojo,,,,,4
Falak,Ravator,Ravator,,,,,4
Badrinath Ki Dulhania,Akhil Sachdeva,Akhil Sachdeva,,,,,4
Dhadkan - Original Motion Picture Soundtrack,Udit Narayan,Udit Narayan,,,,,4
Love Aaj Kal (Original Motion Picture Soundtrack),Mohit Chauhan,Mohit Chauhan,,,,,4
Flowers,Miley Cyrus,Miley Cyrus,,,,,4
Escapism. / The Thrill Is Gone.,RAYE,RAYE,,,,,4
Yoga Prima di Coricarsi: Superare l'Insonnia e Dormire Profondamente con 15 Canzoni Rilassanti di Meditazione e Yoga,Meditation Music Zone,Meditation Music Zone,,,,,4
Khakee,Sonu Nigam,Sonu Nigam,,,,,4
Busted,Busted,Busted,,,,,4
A Present For Everyone,Busted,Busted,,,,,4
"Tere Hawaale (From ""Laal Singh Chaddha"")",Pritam,Pritam,,,,,4
Mast Magan,TEMPEREX,TEMPEREX,,,,,4
Groove With Arijit Singh,Arijit Singh,Arijit Singh,,,,,4
SEVENTEEN 4th Album 'Face the Sun',SEVENTEEN,SEVENTEEN,,,,,4
emails i can’t send fwd:,Sabrina Carpenter,Sabrina Carpenter,,,,,4
I'm Good (Blue),David Guetta,David Guetta,,,,,4
CHARLIE,Charlie Puth,Charlie Puth,,,,,4
Heartworms,The Shins,The Shins,,,,,4
Badmaash Company,Pritam,Pritam,,,,,4
Aashiqui 2,Mithoon,Mithoon,,,,,4
2 States,Shankar Mahadevan,Shankar Mahadevan,,,,,4
If You're Reading This It's Too Late,Drake,Drake,,,,,4
SNAP,Rosa Linn,Rosa Linn,,,,,4
Dil Dhadakne Do,Yashita Sharma,Yashita Sharma,,,,,4
golden hour,JVKE,JVKE,,,,,4
"unfortunately yours,",GenriX,GenriX,,,,,4
Best Friend,Rex Orange County,Rex Orange County,,,,,4
Foreign Ororo (Special Edition),Riton,Riton,,,,,4
In My Room,Frank Ocean,Frank Ocean,,,,,4
Seven Inches Of Satanic Panic,Ghost,Ghost,,,,,4
METRO BOOMIN PRESENTS SPIDER-MAN: ACROSS THE SPIDER-VERSE,Offset,Offset,,,,,4
Madhusudana-Shree Krishna Dhun,Jagjit Singh,Jagjit Singh,,,,,4
Kushi,Srinivas,Srinivas,,,,,4
Dancing On The Ceiling,Lionel Richie,Lionel Richie,,,,,4
I Love...,OFFICIAL HIGE DANDISM,OFFICIAL HIGE DANDISM,,,,,4
"Alfaaz Aur Awaaz,Vol. 2 (Live)",Rajesh Singh,Rajesh Singh,,,,,4
Big Boy (SZA),ViralityX,ViralityX,,,,,4
You're Losing Me (From The Vault),Taylor Swift,Taylor Swift,,,,,4
Wonder Woman 1984 (Sketches from the Soundtrack),Hans Zimmer,Hans Zimmer,,,,,4
You Are Everything and More Live Greats from The Trammps (Remastered 2023),The Trammps,The Trammps,,,,,4
Before the Dawn Heals Us,M83,M83,,,,,4
Greenback Boogie - Suits Theme Song,The Swinging Suits,The Swinging Suits,,,,,4
DECIDE,Djo,Djo,,,,,4
Miracles in December,EXO,EXO,,,,,4
Pour Me A Drink,Post Malone,Post Malone,,,,,4
Somebody To You,The Vamps,The Vamps,,,,,4
KYGO,Kygo,Kygo,,,,,4
Barry White's Greatest Hits,Barry White,Barry White,,,,,4
ITAEWON CLASS (Original Television Soundtrack) Pt.2,Gaho,Gaho,,,,,4
"Akhiyaan Gulaab (From ""Teri Baaton Mein Aisa Uljha Jiya"")",Mitraz,Mitraz,,,,,4
Ek Tha Raja,Badshah,Badshah,,,,,4
Never Let Go,Jung Kook,Jung Kook,,,,,4
Beautiful (feat. Camila Cabello),Bazzi,Bazzi,,,,,4
Bol,Atif Aslam,Atif Aslam,,,,,4
International Villager,Yo Yo Honey Singh,Yo Yo Honey Singh,,,,,4
Simple Dreams,Linda Ronstadt,Linda Ronstadt,,,,,4
next to you,JVKE,JVKE,,,,,4
PHASES,Chase Atlantic,Chase Atlantic,,,,,4
Premachi Goshta,Bela Shende,Bela Shende,,,,,4
Nilkanth Master,Shreya Ghoshal,Shreya Ghoshal,,,,,4
Mitwaa (Original Motion Picture Soundtrack),Shankar Mahadevan,Shankar Mahadevan,,,,,4
Houston,Dean Martin,Dean Martin,,,,,4
The Rise and Fall of a Midwest Princess,Chappell Roan,Chappell Roan,,,,,4
Christmas,Michael Bublé,Michael Bublé,,,,,4
Backless,Eric Clapton,Eric Clapton,,,,,4
Feel It,d4vd,d4vd,,,,,4
Ti Saddhya Kay Karte,Hrishikesh Ranade,Hrishikesh Ranade,,,,,4
2 Scorpios,Ana Shine,Ana Shine,,,,,4
u and i,vhs ghost,vhs ghost,,,,,4
Bubble Gum,Clairo,Clairo,,,,,4
Truth or Dare,Ana Shine,Ana Shine,,,,,4
Taal,Asha Bhosle,Asha Bhosle,,,,,4
Sapphire,Ed Sheeran,Ed Sheeran,,,,,4
Bloom Mountain,Hazlett,Hazlett,,,,,4
Ordinary,Alex Warren,Alex Warren,,,,,4
Sahiba,Aditya Rikhari,Aditya Rikhari,,,,,4
Sorry I'm Here For Someone Else,Benson Boone,Benson Boone,,,,,4
Nightingale Shreya Ghoshal,Shreya Ghoshal,Shreya Ghoshal,,,,,4
Dhadak 2,Arijit Singh,Arijit Singh,,,,,4
Intense Focus,Brainy,Brainy,,,,,4
Drum Show,Twenty One Pilots,Twenty One Pilots,,,,,4
The Life of a Showgirl,Taylor Swift,Taylor Swift,,,,,4
On Tap,Last Call,Last Call,,,,,4
Homesick,Kane Brown,Kane Brown,,,,,3
Hands,Mike Perry,Mike Perry,,,,,3
Fix You,Coldplay,Coldplay,,,,,3
So I Met Someone,VHS Collection,VHS Collection,,,,,3
Fire Escape,Imaginary Future,Imaginary Future,,,,,3
Inside Wants Out,John Mayer,John Mayer,,,,,3
"Mountains Of Sorrow, Rivers Of Song",Amos Lee,Amos Lee,,,,,3
Beyond The Sea,Kina Grannis,Kina Grannis,,,,,3
All My Love,Imaginary Future,Imaginary Future,,,,,3
How Far I'll Go,Alessia Cara,Alessia Cara,,,,,3
Warhol,Acid Ghost,Acid Ghost,,,,,3
Thaam Lo,Atif Aslam,Atif Aslam,,,,,3
True,Hannah Diamond,Hannah Diamond,,,,,3
My Girl,Imaginary Future,Imaginary Future,,,,,3
Wings,BTS,BTS,,,,,3
Love Yourself 承 'Her',BTS,BTS,,,,,3
Build Me Up From Bones,Sarah Jarosz,Sarah Jarosz,,,,,3
Let's Stay Together,Imaginary Future,Imaginary Future,,,,,3
Enough - EP,Jemma Johnson,Jemma Johnson,,,,,3
Blowin' Your Mind!,Van Morrison,Van Morrison,,,,,3
Point Of Know Return,Kansas,Kansas,,,,,3
Grace (Legacy Edition),Jeff Buckley,Jeff Buckley,,,,,3
The Avengers,Alan Silvestri,Alan Silvestri,,,,,3
Souvenirs,John Prine,John Prine,,,,,3
Cry To Me-The Best Of Freddie Scott,Freddie Scott,Freddie Scott,,,,,3
Patsy Cline Showcase With The Jordanaires,Patsy Cline,Patsy Cline,,,,,3
"Through The Morning, Through The Night",Dillard & Clark,Dillard & Clark,,,,,3
extra,freshgoodies,freshgoodies,,,,,3
"Hawayein (From ""Jab Harry Met Sejal"")",Pritam,Pritam,,,,,3
Love Dose Arijit Singh,Arijit Singh,Arijit Singh,,,,,3
Ocean,Parekh & Singh,Parekh & Singh,,,,,3
Bang Bang (Original Motion Picture Soundtrack),Vishal-Shekhar,Vishal-Shekhar,,,,,3
Side A,Ankur Tewari,Ankur Tewari,,,,,3
Who Do You Love,The Chainsmokers,The Chainsmokers,,,,,3
Sakhiyaan,Maninder Buttar,Maninder Buttar,,,,,3
"Dekhte Dekhte (From ""Batti Gul Meter Chalu"")",Atif Aslam,Atif Aslam,,,,,3
Uri - The Surgical Strike,Daler Mehndi,Daler Mehndi,,,,,3
Kedarnath,Amit Trivedi,Amit Trivedi,,,,,3
Breach,Lewis Capaldi,Lewis Capaldi,,,,,3
Faking It,Sasha Alex Sloan,Sasha Alex Sloan,,,,,3
Lights Down Low - EP,MAX,MAX,,,,,3
Phir Dhoom,Palash Sen,Palash Sen,,,,,3
Chillhop Raw Cuts,Juan Rios,Juan Rios,,,,,3
"Dunia - Into A New World, Pt. 1 (Original Soundtrack)",AILEE,AILEE,,,,,3
Aaja Ve,Sona Mohapatra,Sona Mohapatra,,,,,3
Samjhawan,Jawad Ahmad,Jawad Ahmad,,,,,3
Neptune,Tall Heights,Tall Heights,,,,,3
Ruin My Life,Zara Larsson,Zara Larsson,,,,,3
Commodores,Commodores,Commodores,,,,,3
0+1=1 (I PROMISE YOU),Wanna One,Wanna One,,,,,3
Le cœur des hommes,Pretenders,Pretenders,,,,,3
Baarish Lete Aana,Darshan Raval,Darshan Raval,,,,,3
BADLANDS,Halsey,Halsey,,,,,3
The D Train (Original Motion Picture Soundtrack),Foreigner,Foreigner,,,,,3
Love's Greatest Hits,Lionel Richie,Lionel Richie,,,,,3
The Final,George Michael,George Michael,,,,,3
80s 100 Hits,Marvin Gaye,Marvin Gaye,,,,,3
Surfing With The Alien,Joe Satriani,Joe Satriani,,,,,3
Enough for You,Saint Claire,Saint Claire,,,,,3
Extreme II - Pornograffitti,Extreme,Extreme,,,,,3
Hannah Montana 2 / Meet Miley Cyrus,Hannah Montana,Hannah Montana,,,,,3
Hannah Montana 3,Hannah Montana,Hannah Montana,,,,,3
1000 Years,Allman Brown,Allman Brown,,,,,3
War,U2,U2,,,,,3
The Bends,Radiohead,Radiohead,,,,,3
All The Little Lights,Passenger,Passenger,,,,,3
Electric Light,James Bay,James Bay,,,,,3
Baras Ja,Mohit Chauhan,Mohit Chauhan,,,,,3
MTV Unplugged,Shawn Mendes,Shawn Mendes,,,,,3
Greatest Hits,The Police,The Police,,,,,3
Karwaan,Papon,Papon,,,,,3
Signs of Life,Poets of the Fall,Poets of the Fall,,,,,3
Far from the Madding Crowd (Original Motion Picture Soundtrack),Craig Armstrong,Craig Armstrong,,,,,3
PILLOWTALK REMIX (feat. Lil Wayne),ZAYN,ZAYN,,,,,3
Ghostbusters (Original Motion Picture Soundtrack) - 2016,ZAYN,ZAYN,,,,,3
Seventh Dream of Teenage Heaven,Love and Rockets,Love and Rockets,,,,,3
Pursuit,Stuck in the Sound,Stuck in the Sound,,,,,3
Only By The Night,Kings of Leon,Kings of Leon,,,,,3
Supposed to Be,Solomon Burke,Solomon Burke,,,,,3
"For Emma, Forever Ago",Bon Iver,Bon Iver,,,,,3
First Collection 2006-2009,Fleet Foxes,Fleet Foxes,,,,,3
How to Leave Town,Car Seat Headrest,Car Seat Headrest,,,,,3
Mustt Mustt,Nusrat Fateh Ali Khan,Nusrat Fateh Ali Khan,,,,,3
Pandora's Box,The Joe Perry Project,The Joe Perry Project,,,,,3
Twenty One Pilots,Twenty One Pilots,Twenty One Pilots,,,,,3
Pressure,The Score,The Score,,,,,3
"Hurry up, We're Dreaming",M83,M83,,,,,3
Spider-Man: Homecoming (Original Motion Picture Soundtrack),Michael Giacchino,Michael Giacchino,,,,,3
Be Alright,Dean Lewis,Dean Lewis,,,,,3
Funkentelechy Vs. The Placebo Syndrome,Parliament,Parliament,,,,,3
Guardians Inferno,The Sneepers,The Sneepers,,,,,3
Jailbreak,Thin Lizzy,Thin Lizzy,,,,,3
Sick Boy,The Chainsmokers,The Chainsmokers,,,,,3
I Think We're Alone Now,Indiana Massara,Indiana Massara,,,,,3
Moving Reckless,SASH,SASH,,,,,3
X 100PRE,Bad Bunny,Bad Bunny,,,,,3
Mystic Woman,Brooklynn,Brooklynn,,,,,3
It Was Metal,A Sound of Thunder,A Sound of Thunder,,,,,3
Ullages,Eagulls,Eagulls,,,,,3
Lost River Original Motion Picture Score,Johnny Jewel,Johnny Jewel,,,,,3
The OMD Singles,Orchestral Manoeuvres In The Dark,Orchestral Manoeuvres In The Dark,,,,,3
Tell Me I'm Pretty,Cage The Elephant,Cage The Elephant,,,,,3
Overthinking,shy martin,shy martin,,,,,3
Midnight Waves,Canyon City,Canyon City,,,,,3
Bored,Billie Eilish,Billie Eilish,,,,,3
Various Positions,Leonard Cohen,Leonard Cohen,,,,,3
Kiss & Tell - European Version,Selena Gomez & The Scene,Selena Gomez & The Scene,,,,,3
Greatest Hits: My Prerogative,Britney Spears,Britney Spears,,,,,3
Thank You,Meghan Trainor,Meghan Trainor,,,,,3
OMG,Wiktoria,Wiktoria,,,,,3
Phir Mohabbat,Kaljan Kedar,Kaljan Kedar,,,,,3
Best of Me Vishal Shekhar,Vishal-Shekhar,Vishal-Shekhar,,,,,3
Tu Jo Mila,Anupam Bhowmick,Anupam Bhowmick,,,,,3
Glad He's Gone,Tove Lo,Tove Lo,,,,,3
Spider-Man: Into the Spider-Verse,Aminé,Aminé,,,,,3
Spider-Man: Into the Spider-Verse,Nicki Minaj,Nicki Minaj,,,,,3
Spider-Man: Into the Spider-Verse,Duckwrth,Duckwrth,,,,,3
Spider-Man: Into the Spider-Verse,Beau Young Prince,Beau Young Prince,,,,,3
Spider-Man: Into the Spider-Verse,Thutmose,Thutmose,,,,,3
Love Aaj Kal,Mohit Chauhan,Mohit Chauhan,,,,,3
Cocktail,Mohan Kannan,Mohan Kannan,,,,,3
Best of Bollywood: Arijit Singh,Pritam,Pritam,,,,,3
Jeena Jeena,Atif Aslam,Atif Aslam,,,,,3
Sun Mere Humsafar,Arpit G,Arpit G,,,,,3
Cocktail,Sunidhi Chauhan,Sunidhi Chauhan,,,,,3
"Tu Jo Hain (From ""Mr. X"")",Ankit Tiwari,Ankit Tiwari,,,,,3
Callaita,Bad Bunny,Bad Bunny,,,,,3
Piece Of Your Heart,MEDUZA,MEDUZA,,,,,3
Ransom,Lil Tecca,Lil Tecca,,,,,3
I See You,The xx,The xx,,,,,3
Sadnecessary,Milky Chance,Milky Chance,,,,,3
Straight Up,Badfinger,Badfinger,,,,,3
Sentimentally Yours,Patsy Cline,Patsy Cline,,,,,3
Wheels Are Turnin',REO Speedwagon,REO Speedwagon,,,,,3
Dream Into Action,Howard Jones,Howard Jones,,,,,3
Life By Night,Life By Night,Life By Night,,,,,3
Lady Bird (Original Motion Picture Soundtrack),Jon Brion,Jon Brion,,,,,3
Dreamin' Wild,Donnie & Joe Emerson,Donnie & Joe Emerson,,,,,3
Sound Stage,Chicago,Chicago,,,,,3
"We'll Meet Again, The Very Best Of Vera Lynn",Ross C. Parker,Ross C. Parker,,,,,3
Glass: Satyagraha,Philip Glass,Philip Glass,,,,,3
Because the Internet,Childish Gambino,Childish Gambino,,,,,3
i think you think too much of me,EDEN,EDEN,,,,,3
That Was Yesterday,Leon Bridges,Leon Bridges,,,,,3
Unstoppable Momentum,Joe Satriani,Joe Satriani,,,,,3
Distance Over Time,Dream Theater,Dream Theater,,,,,3
Malibu Nights,LANY,LANY,,,,,3
Summer Beach,Rupert Holmes,Rupert Holmes,,,,,3
Most Wanted,M.C. Azad,M.C. Azad,,,,,3
The La's,The La's,The La's,,,,,3
When I Die,Swadesi,Swadesi,,,,,3
Carte Blanche,DJ Snake,DJ Snake,,,,,3
Frank Sinatra: The Complete Capitol Singles Collection,Frank Sinatra,Frank Sinatra,,,,,3
Close To You And More,Frank Sinatra,Frank Sinatra,,,,,3
Back To Sleep REMIX (feat. Usher & ZAYN),Chris Brown,Chris Brown,,,,,3
Khamoshiyan (Original Motion Picture Soundtrack),Jeet Gannguli,Jeet Gannguli,,,,,3
Manmarziyaan (Original Motion Picture Soundtrack),Ammy Virk,Ammy Virk,,,,,3
어스름,Woong Sun Hee,Woong Sun Hee,,,,,3
Sycamore,Léonie Deval,Léonie Deval,,,,,3
Cassiopeia,S.A. Karl,S.A. Karl,,,,,3
Fragment,Ever So Blue,Ever So Blue,,,,,3
Jeremy and Maureen,Franz Gordon,Franz Gordon,,,,,3
How Did We Wind Up Here?,Jen Brook,Jen Brook,,,,,3
Pas de deux,Lucas Vendrai,Lucas Vendrai,,,,,3
When in doubt,Carl Easterling,Carl Easterling,,,,,3
Heading West,Luna Meguise,Luna Meguise,,,,,3
"New Night, New Dream",Charles Bolt,Charles Bolt,,,,,3
Legato,Sigrid Vass,Sigrid Vass,,,,,3
Les glaçons qui pendent du toit,Prewitt Massé,Prewitt Massé,,,,,3
American Beauty/American Psycho,Fall Out Boy,Fall Out Boy,,,,,3
Joanne,Lady Gaga,Lady Gaga,,,,,3
Heavenly,Cigarettes After Sex,Cigarettes After Sex,,,,,3
Motivation,Normani,Normani,,,,,3
The Rules of Attraction (Original Motion Picture Soundtrack),Starland Vocal Band,Starland Vocal Band,,,,,3
Recurring Memory,Robin Bennich,Robin Bennich,,,,,3
Human,Leyton Stills,Leyton Stills,,,,,3
Princess Elvira,Ana Olgica,Ana Olgica,,,,,3
Badlapur (Original Motion Picture Soundtrack),Rekha Bhardwaj,Rekha Bhardwaj,,,,,3
Jaani & B Praak Hits,B Praak,B Praak,,,,,3
Best Of Shraddha Kapoor,Ankit Tiwari,Ankit Tiwari,,,,,3
Made For Each Other,Kunal Ganjawala,Kunal Ganjawala,,,,,3
Bliss,Sufi Ellman,Sufi Ellman,,,,,3
Finally Free,Niall Horan,Niall Horan,,,,,3
Talaash,Ram Sampath,Ram Sampath,,,,,3
Putumayo Presents Indian Groove,Ayushmann Khurrana,Ayushmann Khurrana,,,,,3
Anjaana Anjaani,Rahat Fateh Ali Khan,Rahat Fateh Ali Khan,,,,,3
Mat Aazma Re,Pritam,Pritam,,,,,3
Sitaare - Single,Nikhil D'Souza,Nikhil D'Souza,,,,,3
Fukrey,Sona Mohapatra,Sona Mohapatra,,,,,3
One By One (Expanded Edition),Foo Fighters,Foo Fighters,,,,,3
Wasting Light,Foo Fighters,Foo Fighters,,,,,3
3 Idiots,Shaan,Shaan,,,,,3
Revival,Vancouver Sleep Clinic,Vancouver Sleep Clinic,,,,,3
Middle of Somewhere,The Neighbourhood,The Neighbourhood,,,,,3
Hope,Christian Leave,Christian Leave,,,,,3
Wallflower,Diana Krall,Diana Krall,,,,,3
Slow Hands,Niall Horan,Niall Horan,,,,,3
Closer,The Chainsmokers,The Chainsmokers,,,,,3
Songs From The Big Chair,Tears For Fears,Tears For Fears,,,,,3
Fifty Shades Freed,Liam Payne,Liam Payne,,,,,3
Be Honest (feat. Burna Boy),Jorja Smith,Jorja Smith,,,,,3
Friendly,Will Taylor James,Will Taylor James,,,,,3
Take Me Out,Young Summer,Young Summer,,,,,3
Monster Mash,"Bobby ""Boris"" Pickett","Bobby ""Boris"" Pickett",,,,,3
JESUS IS KING,Kanye West,Kanye West,,,,,3
Live At Thomas Read,The Rockhouse Brothers,The Rockhouse Brothers,,,,,3
Khudi - Single,The Local Train,The Local Train,,,,,3
Sajna Ve,Vishal Mishra,Vishal Mishra,,,,,3
Traffic Jam Jams,DNCE,DNCE,,,,,3
Kailasa,Kailash Kher,Kailash Kher,,,,,3
Up All Night,Khalid,Khalid,,,,,3
Mean It,Gracie Abrams,Gracie Abrams,,,,,3
golden thing,Cody Simpson,Cody Simpson,,,,,3
Home To You,Sigrid,Sigrid,,,,,3
Downtown And Brooklyn: The Complete Recordings,Just Water,Just Water,,,,,3
Dreaming Free,Bora York,Bora York,,,,,3
Double Fantasy,John Lennon,John Lennon,,,,,3
Yummy,Justin Bieber,Justin Bieber,,,,,3
No Shape,Perfume Genius,Perfume Genius,,,,,3
Her,eery,eery,,,,,3
Gone Girl (Soundtrack from the Motion Picture),Trent Reznor and Atticus Ross,Trent Reznor and Atticus Ross,,,,,3
What A Man Gotta Do,Jonas Brothers,Jonas Brothers,,,,,3
"Best Songmix of the 60´s, Vol.2: Soul Man",Clarence Carter,Clarence Carter,,,,,3
Songs By Others,Ezra Furman,Ezra Furman,,,,,3
Everybody,Ingrid Michaelson,Ingrid Michaelson,,,,,3
Karwaan,SlowCheeta,SlowCheeta,,,,,3
Eccentric Soul: The 4-J Label,Little Alice,Little Alice,,,,,3
I Am Not A Human Being II,Lil Wayne,Lil Wayne,,,,,3
Om Shanti Om,Shaan,Shaan,,,,,3
Om Shanti Om,Rahat Fateh Ali Khan,Rahat Fateh Ali Khan,,,,,3
Om Shanti Om,Vishal-Shekhar,Vishal-Shekhar,,,,,3
Dil Se,Udit Narayan,Udit Narayan,,,,,3
Josh - Original Motion Picture Soundtrack,Suresh Peters,Suresh Peters,,,,,3
Baazigar,Pankaj Udhas,Pankaj Udhas,,,,,3
Beethoven: Symphony No.9,Ludwig van Beethoven,Ludwig van Beethoven,,,,,3
Mr. Blue (feat. Catherine Feeny) - Single,Chris O,Chris O,,,,,3
Zindagi Na Milegi Dobara,Shankar Mahadevan,Shankar Mahadevan,,,,,3
Taare Zameen Par,Shankar-Ehsaan-Loy,Shankar-Ehsaan-Loy,,,,,3
Put A Little Love On Me,Niall Horan,Niall Horan,,,,,3
Joy Cycle,Felted Mind,Felted Mind,,,,,3
Heart of Hearts,Eliza Kloppers,Eliza Kloppers,,,,,3
A Perceptual Process,Dominique Marais,Dominique Marais,,,,,3
Certified Hitmaker,Lil Mosey,Lil Mosey,,,,,3
Distant Lapse,Jase Moran,Jase Moran,,,,,3
Aquatic,Sigrid Vass,Sigrid Vass,,,,,3
On The Loose,Niall Horan,Niall Horan,,,,,3
What Do You Think About the Car?,Declan McKenna,Declan McKenna,,,,,3
What if we never met,Santo Trevisani,Santo Trevisani,,,,,3
Ricky Sings Again,Ricky Nelson,Ricky Nelson,,,,,3
Oh My Messy Mind,James Bay,James Bay,,,,,3
I Lost a Friend,FINNEAS,FINNEAS,,,,,3
Get Me,Justin Bieber,Justin Bieber,,,,,3
Gori Teri Aankhen,Lucky Ali,Lucky Ali,,,,,3
Kabhi Aisa Lagta Hai,Lucky Ali,Lucky Ali,,,,,3
McCartney,Paul McCartney,Paul McCartney,,,,,3
Wildflowers,Tom Petty,Tom Petty,,,,,3
Thoughts,Sunshine Recorder,Sunshine Recorder,,,,,3
Bartram's Garden,Zachary Patel,Zachary Patel,,,,,3
Secrets of the Earth,Lama House,Lama House,,,,,3
Inner Peaces,Nelson Haynes,Nelson Haynes,,,,,3
Moral of the Story,Ashe,Ashe,,,,,3
IDK You Yet,Alexander 23,Alexander 23,,,,,3
Don't Start Now,Dua Lipa,Dua Lipa,,,,,3
Sing To Me Instead,Ben Platt,Ben Platt,,,,,3
The Northern Fairy,Ingeborg,Ingeborg,,,,,3
We Will Remain,Charlie Key,Charlie Key,,,,,3
La Fleur,Blithe Youth,Blithe Youth,,,,,3
You've Got a Friend In Me,Cavetown,Cavetown,,,,,3
The Search,NF,NF,,,,,3
Dua Lipa,Dua Lipa,Dua Lipa,,,,,3
Doldrums,Franz Becker,Franz Becker,,,,,3
TALKING IS HARD,WALK THE MOON,WALK THE MOON,,,,,3
Some Nights,fun.,fun.,,,,,3
Real Estate,Adam Melchor,Adam Melchor,,,,,3
Fortress,Mire Kay,Mire Kay,,,,,3
Sugarbread,Soap&Skin,Soap&Skin,,,,,3
Gliss Riffer,Dan Deacon,Dan Deacon,,,,,3
Falco 3,Falco,Falco,,,,,3
SHUTDOWN,DIVINE,DIVINE,,,,,3
Chromatica,Lady Gaga,Lady Gaga,,,,,3
good guys,LANY,LANY,,,,,3
The Sailor,Rich Brian,Rich Brian,,,,,3
Youthquake,Dead Or Alive,Dead Or Alive,,,,,3
Best of SEL,Shankar-Ehsaan-Loy,Shankar-Ehsaan-Loy,,,,,3
xx,The xx,The xx,,,,,3
People - Single,Nikhil D'Souza,Nikhil D'Souza,,,,,3
"Strangeways, Here We Come",The Smiths,The Smiths,,,,,3
"Darasal (From ""Raabta"")",Atif Aslam,Atif Aslam,,,,,3
Main Aur Tum - Single,Rono,Rono,,,,,3
Naïve,Andy Grammer,Andy Grammer,,,,,3
Evil Genius,Gucci Mane,Gucci Mane,,,,,3
Mozart Horn Concertos,Wolfgang Amadeus Mozart,Wolfgang Amadeus Mozart,,,,,3
Falling Into Place,David Dallas,David Dallas,,,,,3
Endless Love - Original Motion Picture Soundtrack,Guards,Guards,,,,,3
Episode III,Olympic Ayres,Olympic Ayres,,,,,3
Settle - Deluxe Version,Disclosure,Disclosure,,,,,3
From Under The Cork Tree,Fall Out Boy,Fall Out Boy,,,,,3
Only One Flo (Part 1),Flo Rida,Flo Rida,,,,,3
"10,000 Hours (with Justin Bieber)",Dan + Shay,Dan + Shay,,,,,3
Renee's Song,Bazzi,Bazzi,,,,,3
ANONYMOUS,blackbear,blackbear,,,,,3
Mood (feat. iann dior),24kGoldn,24kGoldn,,,,,3
Head & Heart (feat. MNEK),Joel Corry,Joel Corry,,,,,3
Dwayne Johnson Workout,Dwayne Johnson,Dwayne Johnson,,,,,3
Elephunk,Black Eyed Peas,Black Eyed Peas,,,,,3
Girl on Fire (Remixes) - EP,Alicia Keys,Alicia Keys,,,,,3
Bad Blood,Bastille,Bastille,,,,,3
Daisy,Ashnikko,Ashnikko,,,,,3
Greatest Hits: God's Favorite Band,Green Day,Green Day,,,,,3
Amazing Beethoven,Ludwig van Beethoven,Ludwig van Beethoven,,,,,3
Fun with Beethoven,Ludwig van Beethoven,Ludwig van Beethoven,,,,,3
"Tu Hi Yaar Mera (From ""Pati Patni Aur Woh"")",Rochak Kohli,Rochak Kohli,,,,,3
Bedtime Stories Pt. 3,brillion.,brillion.,,,,,3
"Lemonade (feat. Gunna, Don Toliver & NAV)",Internet Money,Internet Money,,,,,3
Paradise,MEDUZA,MEDUZA,,,,,3
Khoya,Zariya,Zariya,,,,,3
Black & Blue,Backstreet Boys,Backstreet Boys,,,,,3
"bye, sad girl.",Hollyn,Hollyn,,,,,3
Fallin’ (Adrenaline),Why Don't We,Why Don't We,,,,,3
Violent,carolesdaughter,carolesdaughter,,,,,3
Innuendo,Queen,Queen,,,,,3
Spider-Man: Into the Spider-Verse (Original Score),Daniel Pemberton,Daniel Pemberton,,,,,3
Mai Ni Meriye,Lost Stories,Lost Stories,,,,,3
Side B,Ankur Tewari,Ankur Tewari,,,,,3
Community (Music from the Original Television Series),The 88,The 88,,,,,3
Mila Hai Jabse Tu,Ashwin Adwani,Ashwin Adwani,,,,,3
Justice,-,-,,,,,3
Idle Mind,Anna Mieke,Anna Mieke,,,,,3
Did It to Myself,Orla Gartland,Orla Gartland,,,,,3
Speak for Yourself,Imogen Heap,Imogen Heap,,,,,3
Oh Lawd,JyellowL,JyellowL,,,,,3
Grim Town,SOAK,SOAK,,,,,3
Hold On,Nerina Pallot,Nerina Pallot,,,,,3
Highs And Lows,August Roads,August Roads,,,,,3
Believer (feat. Lil Wayne),Imagine Dragons,Imagine Dragons,,,,,3
KTMBK,Zaeden,Zaeden,,,,,3
Their Greatest Hits And Finest Performances,The Andrews Sisters,The Andrews Sisters,,,,,3
MONTERO (Call Me By Your Name),Lil Nas X,Lil Nas X,,,,,3
Milon Chala,Ashu Shukla,Ashu Shukla,,,,,3
kya karoon?,Zaeden,Zaeden,,,,,3
Doris Day: Her Life In Music,Doris Day,Doris Day,,,,,3
"The Very Best Of Connie Conway, Vol. 1",Connie Conway,Connie Conway,,,,,3
Build a Bitch,Bella Poarch,Bella Poarch,,,,,3
Loud,Marwa Loud,Marwa Loud,,,,,3
Chip Chrome & The Mono-Tones (Deluxe),The Neighbourhood,The Neighbourhood,,,,,3
En Extasis,Thalia,Thalia,,,,,3
"Oh, Pretty Woman",Roy Orbison,Roy Orbison,,,,,3
Where You Are,Porsche Love,Porsche Love,,,,,3
Ludo,Pritam,Pritam,,,,,3
Fitoor,Amit Trivedi,Amit Trivedi,,,,,3
Jaago,Lifafa,Lifafa,,,,,3
Boht Tej,Badshah,Badshah,,,,,3
Certified Lover Boy,Drake,Drake,,,,,3
Don't Go Yet,Camila Cabello,Camila Cabello,,,,,3
"If I Can’t Have Love, I Want Power",Halsey,Halsey,,,,,3
Skid Row,Skid Row,Skid Row,,,,,3
Lightning Bolt,Pearl Jam,Pearl Jam,,,,,3
Laga Reh,Talha Anjum,Talha Anjum,,,,,3
Lil' Golden Book,Princess Chelsea,Princess Chelsea,,,,,3
Only the Greatest,Waylon Jennings,Waylon Jennings,,,,,3
The Singles Plus,The Animals,The Animals,,,,,3
Bookends,Simon & Garfunkel,Simon & Garfunkel,,,,,3
La Vie En Rose,Emily Watts,Emily Watts,,,,,3
The Shave Experiment (Director's Cut),Q,Q,,,,,3
I've Got Some Living To Do,Jelani Aryeh,Jelani Aryeh,,,,,3
If I Am Only My Thoughts,Loving,Loving,,,,,3
I'd Have to Think About It,Leith Ross,Leith Ross,,,,,3
Sheer Heart Attack,Queen,Queen,,,,,3
"Parsley, Sage, Rosemary And Thyme",Simon & Garfunkel,Simon & Garfunkel,,,,,3
Good Light,Drew Holcomb & The Neighbors,Drew Holcomb & The Neighbors,,,,,3
How I Met Your Music: Deluxe,Cristin Milioti,Cristin Milioti,,,,,3
As Blue As Your Dying Eyes,Haunt,Haunt,,,,,3
Encanto Tropical,Monsieur Periné,Monsieur Periné,,,,,3
Hecho a Mano,Monsieur Periné,Monsieur Periné,,,,,3
It'll Be Okay,Shawn Mendes,Shawn Mendes,,,,,3
Christmas With Nat And Dean,Dean Martin,Dean Martin,,,,,3
Meddle,Pink Floyd,Pink Floyd,,,,,3
F*CK LOVE 3: OVER YOU,The Kid LAROI,The Kid LAROI,,,,,3
The Get Down: Original Soundtrack From The Netflix Original Series (Deluxe Version),ZAYN,ZAYN,,,,,3
New Morning,Bob Dylan,Bob Dylan,,,,,3
Our Song,Anne-Marie,Anne-Marie,,,,,3
Hum Dil De Chuke Sanam,Kavita Krishnamurthy,Kavita Krishnamurthy,,,,,3
Tango In the Night,Fleetwood Mac,Fleetwood Mac,,,,,3
12 Bajay,Talhah Yunus,Talhah Yunus,,,,,3
Tum Tum,Asim Azhar,Asim Azhar,,,,,3
I'm Done,MC STAN,MC STAN,,,,,3
Ghaafil,Adil Sultan,Adil Sultan,,,,,3
Hotel Cabana,Naughty Boy,Naughty Boy,,,,,3
this is what falling in love feels like,JVKE,JVKE,,,,,3
Colonial Cousins,Colonial Cousins,Colonial Cousins,,,,,3
Hum Se Hai Muqabala - Kadalan - Original Motion Picture Soundtrack,Mano,Mano,,,,,3
No Pressure,Logic,Logic,,,,,3
Kai Po Che (Original Motion Picture Soundtrack),Amit Trivedi,Amit Trivedi,,,,,3
Coke Studio Season 9 Episode 2,Faakhir Mehmood,Faakhir Mehmood,,,,,3
Yellow Paper Daisy,When Chai Met Toast,When Chai Met Toast,,,,,3
Rebirth,Talha Anjum,Talha Anjum,,,,,3
Azaad Hain,Young Stunners,Young Stunners,,,,,3
Yaad,Asim Azhar,Asim Azhar,,,,,3
Jo Tu Na Mila,Asim Azhar,Asim Azhar,,,,,3
Choeurs de l'armée rouge - Intégrale,The Red Army Choir,The Red Army Choir,,,,,3
Jurassic Park,John Williams,John Williams,,,,,3
Rocky,Bill Conti,Bill Conti,,,,,3
Cleaner Air,Yeek,Yeek,,,,,3
Tungsten,Healy,Healy,,,,,3
Deadpan Love,Cautious Clay,Cautious Clay,,,,,3
Last Call,Khalid,Khalid,,,,,3
SremmLife,Rae Sremmurd,Rae Sremmurd,,,,,3
let you,iann dior,iann dior,,,,,3
Mean It,Manila Killa,Manila Killa,,,,,3
Still Striving,A$AP Ferg,A$AP Ferg,,,,,3
ATTENTION: MILEY LIVE,Miley Cyrus,Miley Cyrus,,,,,3
New Heights,Ky-Mani Marley,Ky-Mani Marley,,,,,3
Black Coffee,Delacey,Delacey,,,,,3
1980s Horror Film II,Wallows,Wallows,,,,,3
Tell Me That It’s Over,Wallows,Wallows,,,,,3
The Million Masks Of God,Manchester Orchestra,Manchester Orchestra,,,,,3
The Complete Harry Potter Film Music Collection,The City of Prague Philharmonic Orchestra,The City of Prague Philharmonic Orchestra,,,,,3
Simple Math,Manchester Orchestra,Manchester Orchestra,,,,,3
Mean Everything To Nothing,Manchester Orchestra,Manchester Orchestra,,,,,3
Lonely City,Mokita,Mokita,,,,,3
Feels,AP Dhillon,AP Dhillon,,,,,3
Deadly,AP Dhillon,AP Dhillon,,,,,3
Most Wanted,AP Dhillon,AP Dhillon,,,,,3
Here Are the Sonics,The Sonics,The Sonics,,,,,3
Peechay Hutt,Hasan Raheem,Hasan Raheem,,,,,3
Woh Lamhe,KK,KK,,,,,3
Yevadu,KK,KK,,,,,3
No Strings Attached,*NSYNC,*NSYNC,,,,,3
COMPLETE MESS,5 Seconds of Summer,5 Seconds of Summer,,,,,3
Where It All Began,Bo Diddley,Bo Diddley,,,,,3
Once Upon Ay Time In Mumbai Dobaara !,Pritam,Pritam,,,,,3
That's The Spirit,Bring Me The Horizon,Bring Me The Horizon,,,,,3
Medicine,Drew Holcomb & The Neighbors,Drew Holcomb & The Neighbors,,,,,3
Khatta Meetha,Pritam,Pritam,,,,,3
Motherwell,Leith Ross,Leith Ross,,,,,3
A/B,KALEO,KALEO,,,,,3
Separate Ways (Worlds Apart),Journey,Journey,,,,,3
"Stranger Things: Soundtrack from the Netflix Series, Season 4",Mae Arnette,Mae Arnette,,,,,3
"Stranger Things: Soundtrack from the Netflix Series, Season 4",Extreme,Extreme,,,,,3
"Stranger Things: Soundtrack from the Netflix Series, Season 4",The Surfaris,The Surfaris,,,,,3
Rx,ROLE MODEL,ROLE MODEL,,,,,3
golden years,Christian French,Christian French,,,,,3
these words are all for you,Wrabel,Wrabel,,,,,3
Expectations,Bebe Rexha,Bebe Rexha,,,,,3
Haven (from Life Is Strange),Novo Amor,Novo Amor,,,,,3
Aaina,AFKAP,AFKAP,,,,,3
Tum Ho Yahaan,Abhilasha Sinha,Abhilasha Sinha,,,,,3
Stranger Things 4 (Original Score From The Netflix Series),Kyle Dixon & Michael Stein,Kyle Dixon & Michael Stein,,,,,3
Telepath,Conan Gray,Conan Gray,,,,,3
could cry just thinkin about you,Troye Sivan,Troye Sivan,,,,,3
Lootera,Amit Trivedi,Amit Trivedi,,,,,3
Muskurahat,Mitraz,Mitraz,,,,,3
Rahguzar,Adarsh Rao,Adarsh Rao,,,,,3
Pony,Rex Orange County,Rex Orange County,,,,,3
Guitar Songs,Billie Eilish,Billie Eilish,,,,,3
Dum Laga Ke Haisha,Anu Malik,Anu Malik,,,,,3
Intezaar,Lucky Ali,Lucky Ali,,,,,3
This One's for You,Luke Combs,Luke Combs,,,,,3
She's A Rainbow / Dandelion / We Love You,The Rolling Stones,The Rolling Stones,,,,,3
THE E.N.D. (THE ENERGY NEVER DIES) - Deluxe Version,Black Eyed Peas,Black Eyed Peas,,,,,3
Jodi Breakers,Shafqat Amanat Ali,Shafqat Amanat Ali,,,,,3
Sarfarosh - Original Motion Picture Soundtrack,Jagjit Singh,Jagjit Singh,,,,,3
Cave Rave,Crystal Fighters,Crystal Fighters,,,,,3
Jhoomo Re,Kailash Kher,Kailash Kher,,,,,3
Bol - Original Motion Picture Soundtrack,Atif Aslam,Atif Aslam,,,,,3
Thirty,Strings,Strings,,,,,3
Doorie,Twin Strings,Twin Strings,,,,,3
The Complete Decca Masters (Plus),Judy Garland,Judy Garland,,,,,3
Country Church Time,George Jones,George Jones,,,,,3
Woke Up in Love,Kygo,Kygo,,,,,3
Hold on to You (Acoustic),Griffin Peterson,Griffin Peterson,,,,,3
Grow as We Go,Finding Us,Finding Us,,,,,3
True Colors,Mateo Brooks,Mateo Brooks,,,,,3
STANDBY,Leroy Sanchez,Leroy Sanchez,,,,,3
Raahi,Akanksha Bhandari,Akanksha Bhandari,,,,,3
Yeh Kaali Kaali Ankhein,Shivam Sengupta,Shivam Sengupta,,,,,3
Chaap Tilak,Namita Choudhary,Namita Choudhary,,,,,3
Lagaya Dil,Maithili Thakur,Maithili Thakur,,,,,3
I Don’t Think That I Like Her,Charlie Puth,Charlie Puth,,,,,3
rising,mxmtoon,mxmtoon,,,,,3
Journals,Justin Bieber,Justin Bieber,,,,,3
You,Regard,Regard,,,,,3
Dopamine,BØRNS,BØRNS,,,,,3
"Yesterday, Today, Tomorrow - The Greatest Hits Of Kenny Loggins",Kenny Loggins,Kenny Loggins,,,,,3
Kali Kali Zulfon Ke (Lo-Fi),Madhur Sharma,Madhur Sharma,,,,,3
Dhun,Dream Note,Dream Note,,,,,3
Khudaya Khair,Imdad Hussain,Imdad Hussain,,,,,3
Emotions,Erik Satie,Erik Satie,,,,,3
Piano Works,Gabríel Ólafs,Gabríel Ólafs,,,,,3
"Rameau, Ólafsson: The Arts and the Hours",Jean-Philippe Rameau,Jean-Philippe Rameau,,,,,3
Sheku Kanneh-Mason,Gabriel Fauré,Gabriel Fauré,,,,,3
Debussy: Bruyères,Claude Debussy,Claude Debussy,,,,,3
Fauré: Dolly Suite; Nocturnes; Barcarolles; Impromptus,Gabriel Fauré,Gabriel Fauré,,,,,3
Kaldalóns: Ave María (Arr. Víkingur Ólafsson),Sigvaldi Kaldalóns,Sigvaldi Kaldalóns,,,,,3
"ENGLISH STRING MINIATURES, Vol. 4",Frederick Delius,Frederick Delius,,,,,3
II. floating leaf,Konstantia Gourzi,Konstantia Gourzi,,,,,3
Scriabin: 24 Preludes - Sonatas Nos. 4 & 10,Alexander Scriabin,Alexander Scriabin,,,,,3
"Bach: The Goldberg Variations, BWV 988",Johann Sebastian Bach,Johann Sebastian Bach,,,,,3
The Lily,Gabríel Ólafs,Gabríel Ólafs,,,,,3
Schumann & Schubert - Transcriptions for Clarinet & Harp,Clara Schumann,Clara Schumann,,,,,3
En Otra Parte,Leo Brouwer,Leo Brouwer,,,,,3
Kahaani,Dream Note,Dream Note,,,,,3
Hum Kisise Kum Naheen,Sushma Shrestha,Sushma Shrestha,,,,,3
The Cleftones Presenting Heart and Soul,The Cleftones,The Cleftones,,,,,3
Sonic Apothecary,Rosey Chan,Rosey Chan,,,,,3
"Takemitsu, Hindemith, Janáček, Silvestrov: Five Pieces",Valentin Silvestrov,Valentin Silvestrov,,,,,3
Luciano Berio - The Complete Works For Solo Piano,David Arden,David Arden,,,,,3
Mirza,Lost Stories,Lost Stories,,,,,3
Sunset Bird,Yiruma,Yiruma,,,,,3
upsides,Nic D,Nic D,,,,,3
Junoon,Mitraz,Mitraz,,,,,3
Girgit Damroo And The Good Trip,Dream Note,Dream Note,,,,,3
Badra Bahara,Vismay Patel,Vismay Patel,,,,,3
Bhoola na tujhe,Ramil Ganjoo,Ramil Ganjoo,,,,,3
This Is What It Feels Like,Gracie Abrams,Gracie Abrams,,,,,3
Black Panther: Wakanda Forever - Music From and Inspired By,Snow Tha Product,Snow Tha Product,,,,,3
Black Panther: Wakanda Forever - Music From and Inspired By,Stormzy,Stormzy,,,,,3
Shakhsiyat,Raman Negi,Raman Negi,,,,,3
Sanware unplugged,Priyansh Srivastava,Priyansh Srivastava,,,,,3
Vaari Vaari,Shubham Kabra,Shubham Kabra,,,,,3
Brand New,Public Library Commute,Public Library Commute,,,,,3
late nights and lonely,Suriel Hess,Suriel Hess,,,,,3
Rab Ne Bana Di Jodi,Salim–Sulaiman,Salim–Sulaiman,,,,,3
Dhadkan - Original Motion Picture Soundtrack,Abhijeet,Abhijeet,,,,,3
Tune Jo Na Kaha,Sohan Rahman,Sohan Rahman,,,,,3
Man Of The Moon,Guru Randhawa,Guru Randhawa,,,,,3
Born To Die - The Paradise Edition,Lana Del Rey,Lana Del Rey,,,,,3
Tees Maar Khan,Sunidhi Chauhan,Sunidhi Chauhan,,,,,3
"Bhool Bhulaiyaa 2 Title Track (From ""Bhool Bhulaiyaa 2"")",Pritam,Pritam,,,,,3
Dance Ka Bhoot,Pritam,Pritam,,,,,3
"Rait Zara Si (From ""Atrangi Re"")",A.R. Rahman,A.R. Rahman,,,,,3
Duets II,Tony Bennett,Tony Bennett,,,,,3
Pathaan,Sanchit Balhara,Sanchit Balhara,,,,,3
Khakee,Sunidhi Chauhan,Sunidhi Chauhan,,,,,3
Narazi,Taaruk Raina,Taaruk Raina,,,,,3
Hell's Kitchen Angel,MAX,MAX,,,,,3
Qala,Amit Trivedi,Amit Trivedi,,,,,3
Mismatched: Season 1 (Music from the Netflix Original Series),Prateek Kuhad,Prateek Kuhad,,,,,3
"Mere Sohneya (From ""Kabir Singh"")",Sachet Tandon,Sachet Tandon,,,,,3
Who Are You,BamBam,BamBam,,,,,3
Break Ke Baad,Neeraj Shridhar,Neeraj Shridhar,,,,,3
"Makhna (From ""Drive"")",Tanishk Bagchi,Tanishk Bagchi,,,,,3
SHOOTING STAR,XG,XG,,,,,3
NAKAMURA,Aya Nakamura,Aya Nakamura,,,,,3
All We Know,The Chainsmokers,The Chainsmokers,,,,,3
Black Panther: Wakanda Forever - Music From and Inspired By,Calle x Vida,Calle x Vida,,,,,3
Black Panther: Wakanda Forever - Music From and Inspired By,Guadalupe de Jesús Chan Poot,Guadalupe de Jesús Chan Poot,,,,,3
Apna Bana Le,Imran Raza,Imran Raza,,,,,3
Azaad,RapBrahma,RapBrahma,,,,,3
"Manike (From ""Thank God"")",Yohani,Yohani,,,,,3
2 States,Akriti Kakar,Akriti Kakar,,,,,3
"Tu Hi Hai (Ali Zafar Version) [From ""Dear Zindagi""]",Amit Trivedi,Amit Trivedi,,,,,3
Chandramukhi,Ajay-Atul,Ajay-Atul,,,,,3
Sanai Choughade,Sunidhi Chauhan,Sunidhi Chauhan,,,,,3
Duniyadari,Sonu Nigam,Sonu Nigam,,,,,3
2 States,Benny Dayal,Benny Dayal,,,,,3
Bluff Master,Abhishek Bachchan,Abhishek Bachchan,,,,,3
Novacane,Frank Ocean,Frank Ocean,,,,,3
Slide (feat. Frank Ocean & Migos),Calvin Harris,Calvin Harris,,,,,3
English Vinglish (Original Motion Picture Soundtrack),Sunidhi Chauhan,Sunidhi Chauhan,,,,,3
Here Comes The Cowboy,Mac DeMarco,Mac DeMarco,,,,,3
METRO BOOMIN PRESENTS SPIDER-MAN: ACROSS THE SPIDER-VERSE,EI8HT,EI8HT,,,,,3
Sajda,Ijaya Gupta,Ijaya Gupta,,,,,3
Antariksh,Anuv Jain,Anuv Jain,,,,,3
Jai Veeru,omer inayat,omer inayat,,,,,3
Double Dhamaal,Ritu Pathak,Ritu Pathak,,,,,3
There’d Better Be A Mirrorball,Arctic Monkeys,Arctic Monkeys,,,,,3
"Sahiba (From ""Phillauri"")",Shashwat Sachdev,Shashwat Sachdev,,,,,3
Love Aaj Kal (Original Motion Picture Soundtrack),Rahat Fateh Ali Khan,Rahat Fateh Ali Khan,,,,,3
Rocky Aur Rani Kii Prem Kahaani,Pritam,Pritam,,,,,3
"Alfaaz Aur Awaaz,Vol. 2 (Live)",Gyanita Dwivedi,Gyanita Dwivedi,,,,,3
"Get Ready To Fight Reloaded (From ""Baaghi 3"")",Pranaay,Pranaay,,,,,3
Ultimate Hip Hop Mixtape: 40 Party Anthems,Tough Rhymes,Tough Rhymes,,,,,3
40 Legends Of Hip Hop Workout Remixes,Workout Music Tv,Workout Music Tv,,,,,3
Headline,Fulton Lee,Fulton Lee,,,,,3
Shri Ganpati Abhishek Anni Aarti Sangraha,Suresh Wadkar,Suresh Wadkar,,,,,3
Disco,Surf Curse,Surf Curse,,,,,3
Jhankar Beats - Jeetendra,Mohammed Rafi,Mohammed Rafi,,,,,3
Making Memories,Karan Aujla,Karan Aujla,,,,,3
Lata Surili Phuljhadi,Lata Mangeshkar,Lata Mangeshkar,,,,,3
Life Changes,Thomas Rhett,Thomas Rhett,,,,,3
DNK,Aya Nakamura,Aya Nakamura,,,,,3
Dil Maange More,Sonu Nigam,Sonu Nigam,,,,,3
"i need a big boy, give me a big boy",Khlaws,Khlaws,,,,,3
My 21st Century Blues,RAYE,RAYE,,,,,3
Thriller,Michael Jackson,Michael Jackson,,,,,3
Inception,Hans Zimmer,Hans Zimmer,,,,,3
Love Letters,Aaron Neville,Aaron Neville,,,,,3
Figurine,He Xunyou,He Xunyou,,,,,3
Not 4 Sale,Kardinal Offishall,Kardinal Offishall,,,,,3
The Shave Experiment,Q,Q,,,,,3
Graduation,Kanye West,Kanye West,,,,,3
Matangi,M.I.A.,M.I.A.,,,,,3
ANIMAL,Manan Bhardwaj,Manan Bhardwaj,,,,,3
Kho Gaye Hum Kahan,OAFF,OAFF,,,,,3
All At Once,The Airborne Toxic Event,The Airborne Toxic Event,,,,,3
Brothers,The Black Keys,The Black Keys,,,,,3
Every Kingdom,Ben Howard,Ben Howard,,,,,3
Back To Black,Amy Winehouse,Amy Winehouse,,,,,3
Not Sweet Caroline,Neil Diamond,Neil Diamond,,,,,3
Eyes Closed,Imagine Dragons,Imagine Dragons,,,,,3
The Best Of Keane - Deluxe Edition,Keane,Keane,,,,,3
Sling Shot To Heaven (Margot Version),Margot & The Nuclear So And So's,Margot & The Nuclear So And So's,,,,,3
Timro Pratiksa,Shallum Lama,Shallum Lama,,,,,3
Timro Pratiksa - Sped Up,Shallum Lama,Shallum Lama,,,,,3
Jiya Jaise,Raghav Kaushik,Raghav Kaushik,,,,,3
Tanu Weds Manu,Mohit Chauhan,Mohit Chauhan,,,,,3
3 Idiots,Shantanu Moitra,Shantanu Moitra,,,,,3
Best of Romance: Atif Aslam & Pritam,Atif Aslam,Atif Aslam,,,,,3
I've Tried Everything But Therapy (Part 1.5),Teddy Swims,Teddy Swims,,,,,3
Beep Beep Repeat,Isaac Dunbar,Isaac Dunbar,,,,,3
SKZ2020,Stray Kids,Stray Kids,,,,,3
Wherever You Are,Martin Garrix,Martin Garrix,,,,,3
14 minutes,Dominic Fike,Dominic Fike,,,,,3
Definitive Soul: Sam & Dave,Sam & Dave,Sam & Dave,,,,,3
The Motown Anthology,Brenda Holloway,Brenda Holloway,,,,,3
"Nevertheless, (Original Television Soundtrack, Pt. 6)",Sam Kim,Sam Kim,,,,,3
Overcompensate,Twenty One Pilots,Twenty One Pilots,,,,,3
Shor in the City,Sachin-Jigar,Sachin-Jigar,,,,,3
Short n' Sweet,Sabrina Carpenter,Sabrina Carpenter,,,,,3
Mantra,JENNIE,JENNIE,,,,,3
The Great American Bar Scene,Zach Bryan,Zach Bryan,,,,,3
Beautiful Things,Benson Boone,Benson Boone,,,,,3
V,Maroon 5,Maroon 5,,,,,3
Govyachya Kinaryav,Shubhangii Kedar,Shubhangii Kedar,,,,,3
Haal Hi Mein.,Rushil Aswal,Rushil Aswal,,,,,3
New Woman (feat. ROSALÍA),LISA,LISA,,,,,3
Star Wars: Return of the Jedi,John Williams,John Williams,,,,,3
Do You Better,Rohan,Rohan,,,,,3
Meddle About,Chase Atlantic,Chase Atlantic,,,,,3
Ayushyawar Bolu Kahi,Sandeep Khare,Sandeep Khare,,,,,3
Katyar Kaljat Ghusli,Jitendra Abhisheki,Jitendra Abhisheki,,,,,3
Katyar Kaljat Ghusli,Mahesh Kale,Mahesh Kale,,,,,3
"Sajni (From ""Laapataa Ladies"")",Ram Sampath,Ram Sampath,,,,,3
TAKE TIME,GIVĒON,GIVĒON,,,,,3
Get You - Single,Daniel Caesar,Daniel Caesar,,,,,3
Tashan,Vishal-Shekhar,Vishal-Shekhar,,,,,3
SHUTDOWN,Seedhe Maut,Seedhe Maut,,,,,3
TT,Seedhe Maut,Seedhe Maut,,,,,3
I Guess,KR$NA,KR$NA,,,,,3
"Baby, It's Okay",flora cash,flora cash,,,,,3
Dirty Dancing (Original Motion Picture Soundtrack),Patrick Swayze,Patrick Swayze,,,,,3
The Wavy White Noise,Jim Efforts,Jim Efforts,,,,,3
Haal Hi Mein,Rushil Aswal,Rushil Aswal,,,,,3
Kadhi Tu (From Mumbai Pune Mumbai),Avinash Vishwajeet,Avinash Vishwajeet,,,,,3
Mumbai Pune Mumbai 2,Bela Shende,Bela Shende,,,,,3
Dabangg,Sonu Nigam,Sonu Nigam,,,,,3
Sairat,Ajay Gogavale,Ajay Gogavale,,,,,3
Raaz Reboot,Arijit Singh,Arijit Singh,,,,,3
WITHOUT PREJUDICE,Guru Randhawa,Guru Randhawa,,,,,3
Mrs Magic,Strawberry Guy,Strawberry Guy,,,,,3
"You'll Be Alright, Kid (Chapter 1)",Alex Warren,Alex Warren,,,,,3
Atlanta Millionaires Club,Faye Webster,Faye Webster,,,,,3
Souvlaki,Slowdive,Slowdive,,,,,3
Loving Vincent (Original Soundtrack Album),Lianne La Havas,Lianne La Havas,,,,,3
Bird's Eye,Ravyn Lenae,Ravyn Lenae,,,,,3
OKAY STFU,AP Dhillon,AP Dhillon,,,,,3
Water,Diljit Dosanjh,Diljit Dosanjh,,,,,3
Advisory,Diljit Dosanjh,Diljit Dosanjh,,,,,3
Ti Saddhya Kay Karte,Vidhit Patankar,Vidhit Patankar,,,,,3
Mi Fe,Frank Miami,Frank Miami,,,,,3
Vulture Prince,Arooj Aftab,Arooj Aftab,,,,,3
Whoever Broke Your Heart,Murphy Elmore,Murphy Elmore,,,,,2
Born Ready,Steve Moakler,Steve Moakler,,,,,2
Santa's Top 10 Favorites,Bobby Helms,Bobby Helms,,,,,2
Marvel's Spider-Man,John Paesano,John Paesano,,,,,2
Ophelia,The Lumineers,The Lumineers,,,,,2
No Brainer,DJ Khaled,DJ Khaled,,,,,2
Spotify Singles,Welles,Welles,,,,,2
Can't Help Falling in Love With You,Travis Atreo,Travis Atreo,,,,,2
All Alone,Acid Ghost,Acid Ghost,,,,,2
Forget Forgive,Someone,Someone,,,,,2
Lean on Me,Imaginary Future,Imaginary Future,,,,,2
I Guess I Just Feel Like,John Mayer,John Mayer,,,,,2
Everything's Fine,Jamie Drake,Jamie Drake,,,,,2
I Go On,Jillian Edwards,Jillian Edwards,,,,,2
Bohemian Rhapsody,Smile,Smile,,,,,2
Eye In The Sky (Expanded Edition),The Alan Parsons Project,The Alan Parsons Project,,,,,2
Breakfast In America,Supertramp,Supertramp,,,,,2
Wish,The Cure,The Cure,,,,,2
(What's The Story) Morning Glory?,Oasis,Oasis,,,,,2
When I Get Home,Solange,Solange,,,,,2
The Hobbit - The Desolation Of Smaug,Ed Sheeran,Ed Sheeran,,,,,2
Now That's What I Call Music 2012-13,Ed Sheeran,Ed Sheeran,,,,,2
High Voltage,AC/DC,AC/DC,,,,,2
The Fat of the Land - Expanded Edition,The Prodigy,The Prodigy,,,,,2
Motion,Calvin Harris,Calvin Harris,,,,,2
Happy Just to Be Alive,Christopher Blue,Christopher Blue,,,,,2
Penthouse,Wun Two,Wun Two,,,,,2
Departures,Nohidea,Nohidea,,,,,2
other,freshgoodies,freshgoodies,,,,,2
Yuva,Penn Masala,Penn Masala,,,,,2
Frolic Neha Kakkar,Neha Kakkar,Neha Kakkar,,,,,2
ONE - Original Never Ends,Badshah,Badshah,,,,,2
Lamberghini,The Doorbeen,The Doorbeen,,,,,2
wish you were gay,Billie Eilish,Billie Eilish,,,,,2
BIBA,Marshmello,Marshmello,,,,,2
"Photo (From ""Luka Chuppi"")",Karan Sehmbi,Karan Sehmbi,,,,,2
"Taki Taki (with Selena Gomez, Ozuna & Cardi B)",DJ Snake,DJ Snake,,,,,2
"Tere Bin (From ""Simmba"")",Rahat Fateh Ali Khan,Rahat Fateh Ali Khan,,,,,2
Loveyatri - A Journey Of Love,Badshah,Badshah,,,,,2
Giant (with Rag'n'Bone Man),Calvin Harris,Calvin Harris,,,,,2
Uri - The Surgical Strike,Romy,Romy,,,,,2
"Akh Lad Jaave (From ""Loveyatri"")",Badshah,Badshah,,,,,2
Another Tape,Two Another,Two Another,,,,,2
Let a Lover Drown You,Penny and Sparrow,Penny and Sparrow,,,,,2
Younger,Ruel,Ruel,,,,,2
Bare,Rosie Carney,Rosie Carney,,,,,2
Blue Jeans,Sofia Karlberg,Sofia Karlberg,,,,,2
Something Better,Hidinin,Hidinin,,,,,2
me,gnash,gnash,,,,,2
Why Cheat India,Armaan Malik,Armaan Malik,,,,,2
It Was Better Back Then,Misu Beats,Misu Beats,,,,,2
O R B I T,SwuM,SwuM,,,,,2
Fade,Knowmadic,Knowmadic,,,,,2
ep unexpected,eevee,eevee,,,,,2
Untitled_Five,DRWN.,DRWN.,,,,,2
Wherewithal,Bokki,Bokki,,,,,2
Chillhop Essentials Spring 2018,Psalm Trees,Psalm Trees,,,,,2
Interstellar,Arbour,Arbour,,,,,2
heavy hearted,fiji.water,fiji.water,,,,,2
Meditation - EP,Jinsang,Jinsang,,,,,2
La Caffetteria,o k h o,o k h o,,,,,2
LuvnYou,Ian Ewing,Ian Ewing,,,,,2
Flux,Ellie Goulding,Ellie Goulding,,,,,2
The Night We Met,Gavin Mikhail,Gavin Mikhail,,,,,2
Olalla,Blanco White,Blanco White,,,,,2
Wild Rivers,Wild Rivers,Wild Rivers,,,,,2
Nervous System,Julia Michaels,Julia Michaels,,,,,2
Why Haven't I Met You?,Cameron Dallas,Cameron Dallas,,,,,2
Детство,Rauf & Faik,Rauf & Faik,,,,,2
The Best: Loggins & Messina Sittin' In Again,Loggins & Messina,Loggins & Messina,,,,,2
Here You Come Again,Dolly Parton,Dolly Parton,,,,,2
You Never Walk Alone,BTS,BTS,,,,,2
Street Gossip,Lil Baby,Lil Baby,,,,,2
"Revelation (From ""Boy Erased"")",Troye Sivan,Troye Sivan,,,,,2
Here You Are: The Best of Billy Ocean,Billy Ocean,Billy Ocean,,,,,2
Pyres,Dabin,Dabin,,,,,2
Signed Sealed And Delivered,Stevie Wonder,Stevie Wonder,,,,,2
Off the Wall,Michael Jackson,Michael Jackson,,,,,2
Proud To Be Gay Vol.1,The Parade,The Parade,,,,,2
Pass Me By,Peggy Lee,Peggy Lee,,,,,2
Chronicles 1968-1984,Dave Edmunds,Dave Edmunds,,,,,2
Jasmine,DPR LIVE,DPR LIVE,,,,,2
Mad at You (with Gallant),Noah Cyrus,Noah Cyrus,,,,,2
You Deserve Better / At My Weakest,James Arthur,James Arthur,,,,,2
Under Pressure,Shawn Mendes,Shawn Mendes,,,,,2
Team,Noah Cyrus,Noah Cyrus,,,,,2
Can't Slow Down,Lionel Richie,Lionel Richie,,,,,2
California Dreamin' - The Best of The Mamas & The Papas,The Mamas & The Papas,The Mamas & The Papas,,,,,2
For Once In My Life,Stevie Wonder,Stevie Wonder,,,,,2
RnB Slow,All-4-One,All-4-One,,,,,2
Unwritten,Natasha Bedingfield,Natasha Bedingfield,,,,,2
Best Of,Vanessa Carlton,Vanessa Carlton,,,,,2
In And Out Of Consciousness: Greatest Hits 1990 - 2010,Robbie Williams,Robbie Williams,,,,,2
Jimmy Ruffin - Hold On To My Love,Jimmy Ruffin,Jimmy Ruffin,,,,,2
In Motion Pictures,Elvis Costello,Elvis Costello,,,,,2
...By Request,Boyzone,Boyzone,,,,,2
Movie Ballads,Maria McKee,Maria McKee,,,,,2
The Everlasting Love Affair,Love Affair,Love Affair,,,,,2
Whitney Houston,Whitney Houston,Whitney Houston,,,,,2
I Do Not Want What I Haven't Got,Sinéad O'Connor,Sinéad O'Connor,,,,,2
Stripped,Christina Aguilera,Christina Aguilera,,,,,2
Rewind,Madness,Madness,,,,,2
Soul Six Pack,Otis Redding,Otis Redding,,,,,2
The Very Very Best Of Crowded House,Crowded House,Crowded House,,,,,2
Greatest Hits,LeAnn Rimes,LeAnn Rimes,,,,,2
Ravishing - The Best Of,Bonnie Tyler,Bonnie Tyler,,,,,2
808s & Heartbreak,Kanye West,Kanye West,,,,,2
Planet Earth II (Original Television Soundtrack),Hans Zimmer,Hans Zimmer,,,,,2
Next To You,John Vincent III,John Vincent III,,,,,2
All / Alone,Ben Zaidi,Ben Zaidi,,,,,2
Say a Little Prayer,Lianne La Havas,Lianne La Havas,,,,,2
We Belong,Old Sea Brigade,Old Sea Brigade,,,,,2
The EP Collection,Frankie Avalon,Frankie Avalon,,,,,2
Solstice,Richy Mitch & The Coal Miners,Richy Mitch & The Coal Miners,,,,,2
RELAXER,alt-J,alt-J,,,,,2
You're the Dream I Never Wanna Wake Up From,sad boy with a laptop,sad boy with a laptop,,,,,2
Love in the Dark,Leroy Sanchez,Leroy Sanchez,,,,,2
Camp Rock 2: The Final Jam,Nick Jonas,Nick Jonas,,,,,2
Camp Rock 2: The Final Jam,Kevin Jonas,Kevin Jonas,,,,,2
It's Ok,Pandrezz,Pandrezz,,,,,2
Connection,OneRepublic,OneRepublic,,,,,2
Aaftaab - Single,The Local Train,The Local Train,,,,,2
Dreamboat Annie,Heart,Heart,,,,,2
Moving Pictures,Rush,Rush,,,,,2
Born In The U.S.A.,Bruce Springsteen,Bruce Springsteen,,,,,2
Some Things Just Stick In Your Mind,Vashti Bunyan,Vashti Bunyan,,,,,2
The Back To The Future Trilogy,Alan Silvestri,Alan Silvestri,,,,,2
The Da Vinci Code,Hans Zimmer,Hans Zimmer,,,,,2
Band On The Run,Paul McCartney,Paul McCartney,,,,,2
My Generation,The Who,The Who,,,,,2
True Colors,Zedd,Zedd,,,,,2
Rude,MAGIC!,MAGIC!,,,,,2
Writing's On The Wall,Sam Smith,Sam Smith,,,,,2
Nothing Was The Same - Deluxe,Drake,Drake,,,,,2
Stranger Things (Soundtrack from the Netflix Original Series),Cyndi Lauper,Cyndi Lauper,,,,,2
Hittin' the Note,Allman Brothers Band,Allman Brothers Band,,,,,2
The Monkees - 20 Golden Greats,The Monkees,The Monkees,,,,,2
Living In The Material World,George Harrison,George Harrison,,,,,2
The Distance,Bob Seger,Bob Seger,,,,,2
No New Friends,Sia,Sia,,,,,2
Hijas del Tomate,Las Ketchup,Las Ketchup,,,,,2
You & Me,James TW,James TW,,,,,2
Spotify Singles,John Legend,John Legend,,,,,2
"Kindness, A Rebel",River Whyless,River Whyless,,,,,2
How to Train Your Dragon: The Hidden World (Original Motion Picture Soundtrack),John Powell,John Powell,,,,,2
Gangsta Bitch Music Vol 1,Cardi B,Cardi B,,,,,2
Mess,Noah Kahan,Noah Kahan,,,,,2
A Real Good Kid,Mike Posner,Mike Posner,,,,,2
Be Your Man,Rhys Lewis,Rhys Lewis,,,,,2
AIM,M.I.A.,M.I.A.,,,,,2
No Need To Argue,The Cranberries,The Cranberries,,,,,2
Stay Cool,Twinsmith,Twinsmith,,,,,2
Myths 002,Ariel Pink,Ariel Pink,,,,,2
Adolescents,Adolescents,Adolescents,,,,,2
The Exodus Suite,Gemma Ray,Gemma Ray,,,,,2
Anika,Anika,Anika,,,,,2
Surfer Rosa (Remastered),Pixies,Pixies,,,,,2
Morning View,Incubus,Incubus,,,,,2
Disclaimer II,Seether,Seether,,,,,2
Out of Exile,Audioslave,Audioslave,,,,,2
Rain Man: Original Motion Picture Soundtrack,Hans Zimmer,Hans Zimmer,,,,,2
True Romance (Original Motion Picture Score),Hans Zimmer,Hans Zimmer,,,,,2
Quiet Is The New Loud,Kings of Convenience,Kings of Convenience,,,,,2
Up All Night,Razorlight,Razorlight,,,,,2
Funeral,Arcade Fire,Arcade Fire,,,,,2
Teenage Mind,Tate McRae,Tate McRae,,,,,2
Culture II,Migos,Migos,,,,,2
Game of Thrones: Season 4 (Music from the HBO Series),Sigur Rós,Sigur Rós,,,,,2
Game of Thrones: Season 5 (Music from the HBO Series),Ramin Djawadi,Ramin Djawadi,,,,,2
Bouquet,The Chainsmokers,The Chainsmokers,,,,,2
Pandora's Box,Whitford/St. Holmes,Whitford/St. Holmes,,,,,2
A Beautiful Lie,Thirty Seconds To Mars,Thirty Seconds To Mars,,,,,2
TRILOGY,Carpenter Brut,Carpenter Brut,,,,,2
discography [2017],karson,karson,,,,,2
BEAT TAPE 16: 64 BEATS,your best friend jippy,your best friend jippy,,,,,2
3 Hours,Canyon City,Canyon City,,,,,2
Lost In Japan,Shawn Mendes,Shawn Mendes,,,,,2
Doom And Gloom,The Rolling Stones,The Rolling Stones,,,,,2
Avengers: Age of Ultron,Danny Elfman,Danny Elfman,,,,,2
Black Panther,Ludwig Göransson,Ludwig Göransson,,,,,2
Thor: Ragnarok,Mark Mothersbaugh,Mark Mothersbaugh,,,,,2
Girls Like You,Kurt Hugo Schneider,Kurt Hugo Schneider,,,,,2
A Salty Dog,Procol Harum,Procol Harum,,,,,2
Blind Faith,Blind Faith,Blind Faith,,,,,2
Camp Rock 2: The Final Jam,Demi Lovato,Demi Lovato,,,,,2
Greatest Hits,The Jackson 5,The Jackson 5,,,,,2
The Runaways,The Runaways,The Runaways,,,,,2
Spirit In The Sky,Norman Greenbaum,Norman Greenbaum,,,,,2
Boogie Nights #2,Elvin Bishop,Elvin Bishop,,,,,2
Bounce,Maxwell Aden,Maxwell Aden,,,,,2
Ghosted,WALWIN,WALWIN,,,,,2
The Very Best Of The Clickettes,The Clickettes,The Clickettes,,,,,2
Young And On Fire,BEGINNERS,BEGINNERS,,,,,2
John Altman: Silent Screen,John Altman,John Altman,,,,,2
Lylak,Lylak Munk,Lylak Munk,,,,,2
I Can Fool Anybody in This Town,Liily,Liily,,,,,2
Kid Dean,Kid Dean,Kid Dean,,,,,2
Speak and Spell (Deluxe),Depeche Mode,Depeche Mode,,,,,2
Heartbreaker,Girl Pack,Girl Pack,,,,,2
You Got Me Hypnotized,Ghostess,Ghostess,,,,,2
Simple Forms,The Naked And Famous,The Naked And Famous,,,,,2
Blackout,Ananya Birla,Ananya Birla,,,,,2
Trapped,Prajjwal Pandey,Prajjwal Pandey,,,,,2
Axis: Bold As Love,Jimi Hendrix,Jimi Hendrix,,,,,2
Anjunadeep 09,David Hohme,David Hohme,,,,,2
Inversions,The Colourist,The Colourist,,,,,2
Same Kind Of Different,Dean Lewis,Dean Lewis,,,,,2
MTV Unplugged - Summer Solstice,a-ha,a-ha,,,,,2
Millennium,Tarro,Tarro,,,,,2
The King,Conan Gray,Conan Gray,,,,,2
Providence,Hippie Sabotage,Hippie Sabotage,,,,,2
Rush (feat. Jessie Reyez),Lewis Capaldi,Lewis Capaldi,,,,,2
For You,James TW,James TW,,,,,2
Language,Travis Atreo,Travis Atreo,,,,,2
MDRN LV,Picture This,Picture This,,,,,2
Loser,Sasha Alex Sloan,Sasha Alex Sloan,,,,,2
Ghost,Radical Face,Radical Face,,,,,2
Making Mirrors,Gotye,Gotye,,,,,2
The Midsummer Station,Owl City,Owl City,,,,,2
Don't Worry Bout Me,Zara Larsson,Zara Larsson,,,,,2
Legends Never Die (Alan Walker Remix),League of Legends,League of Legends,,,,,2
Pretty Girls,Britney Spears,Britney Spears,,,,,2
Only You (with Little Mix),Cheat Codes,Cheat Codes,,,,,2
Gravity,Timeflies,Timeflies,,,,,2
Susie Suh,Susie Suh,Susie Suh,,,,,2
Chariot - Stripped,Gavin DeGraw,Gavin DeGraw,,,,,2
The Karaoke Channel - In The Style Of Augustana - Vol. 1,The Karaoke Channel,The Karaoke Channel,,,,,2
Rodeo,Travis Scott,Travis Scott,,,,,2
MONOPOLY,Ariana Grande,Ariana Grande,,,,,2
The Best Damn Thing (Expanded Edition),Avril Lavigne,Avril Lavigne,,,,,2
Piece By Piece (Deluxe Version),Kelly Clarkson,Kelly Clarkson,,,,,2
hope is a dangerous thing for a woman like me to have - but i have it,Lana Del Rey,Lana Del Rey,,,,,2
9,Cashmere Cat,Cashmere Cat,,,,,2
1000 Forms Of Fear (Deluxe Version),Sia,Sia,,,,,2
"The Covers, Vol. 2",Madilyn Bailey,Madilyn Bailey,,,,,2
Let It Go,Madilyn Bailey,Madilyn Bailey,,,,,2
Signs,Drake,Drake,,,,,2
Music From Chasing Happiness,Joe Jonas,Joe Jonas,,,,,2
Parents,YUNGBLUD,YUNGBLUD,,,,,2
Who's,Jacquees,Jacquees,,,,,2
Bags,Clairo,Clairo,,,,,2
Front 2 Back,MOTi,MOTi,,,,,2
Waves,Electranumb,Electranumb,,,,,2
The Collection,Three Dog Night,Three Dog Night,,,,,2
American Oxygen,X Ambassadors,X Ambassadors,,,,,2
Teri Justajoo,Kailash Kher,Kailash Kher,,,,,2
это ли счастье?,Rauf & Faik,Rauf & Faik,,,,,2
Spider-Man: Into the Spider-Verse,Ski Mask The Slump God,Ski Mask The Slump God,,,,,2
Spider-Man: Into the Spider-Verse,Vince Staples,Vince Staples,,,,,2
Vicky Donor,Vishal Dadlani,Vishal Dadlani,,,,,2
Badrinath Ki Dulhania,Arijit Singh,Arijit Singh,,,,,2
Hamari Adhuri Kahani (Original Motion Picture Soundtrack),Jeet Gannguli,Jeet Gannguli,,,,,2
Channa Vey,Kunal Ganjawala,Kunal Ganjawala,,,,,2
Spider-Man: Into the Spider-Verse,Jaden,Jaden,,,,,2
Isis,Joyner Lucas,Joyner Lucas,,,,,2
Better,Khalid,Khalid,,,,,2
Soltera (Remix),Lunay,Lunay,,,,,2
Loco Contigo (with J. Balvin & Tyga),DJ Snake,DJ Snake,,,,,2
Famouz,JHAYCO,JHAYCO,,,,,2
11:11,Maluma,Maluma,,,,,2
Shake Sugaree,Elizabeth Cotten and Brenda Evans,Elizabeth Cotten and Brenda Evans,,,,,2
Kissing Strangers,DNCE,DNCE,,,,,2
"20th Century Masters: The Millennium Collection: Best Of The Temptations, Vol. 2 - The '70s, '80s, '90s",The Temptations,The Temptations,,,,,2
Magic Christian Music,Badfinger,Badfinger,,,,,2
If Beale Street Could Talk (Original Motion Picture Score),Nicholas Britell,Nicholas Britell,,,,,2
Al Hazan is B. Bumble - Volume II,Al Hazan,Al Hazan,,,,,2
The Best Of Don McLean,Don McLean,Don McLean,,,,,2
Crime Of The Century,Supertramp,Supertramp,,,,,2
It's A Wonderful Life,Sparklehorse,Sparklehorse,,,,,2
Love Songs On Guitar,John Anthony,John Anthony,,,,,2
Break Out,The Pointer Sisters,The Pointer Sisters,,,,,2
Higher And Higher,Jackie Wilson,Jackie Wilson,,,,,2
Spheres (Original Score),Kyle Dixon & Michael Stein,Kyle Dixon & Michael Stein,,,,,2
Stranger Things 3 (Original Score from the Netflix Original Series),Kyle Dixon & Michael Stein,Kyle Dixon & Michael Stein,,,,,2
Deep,Peter Sandberg,Peter Sandberg,,,,,2
OASIS,J Balvin,J Balvin,,,,,2
Con Altura,ROSALÍA,ROSALÍA,,,,,2
Never Go Back,Dennis Lloyd,Dennis Lloyd,,,,,2
Instagram,Dimitri Vegas & Like Mike,Dimitri Vegas & Like Mike,,,,,2
ORION,X Ambassadors,X Ambassadors,,,,,2
Here With Me,Marshmello,Marshmello,,,,,2
Rippin' Kittin,Tenebrio,Tenebrio,,,,,2
Kauai,Childish Gambino,Childish Gambino,,,,,2
"""Awaken, My Love!""",Childish Gambino,Childish Gambino,,,,,2
Leftoverture,Kansas,Kansas,,,,,2
Frontiers,Journey,Journey,,,,,2
The Essential Roy Orbison,Roy Orbison,Roy Orbison,,,,,2
"My Life Is Going On (Cecilia Krull vs. Gavin Moss) [Música Original de la Serie de TV ""La Casa de Papel""]",Cecilia Krull,Cecilia Krull,,,,,2
Pietà l'è morta - Canti della resistenza italiana 1,"Interpreti dello spettacolo ""Bella Ciao""","Interpreti dello spettacolo ""Bella Ciao""",,,,,2
Random Access Memories,Daft Punk,Daft Punk,,,,,2
Super Colossal,Joe Satriani,Joe Satriani,,,,,2
The Yngwie Malmsteen Collection,Yngwie Malmsteen,Yngwie Malmsteen,,,,,2
Songlines,The Derek Trucks Band,The Derek Trucks Band,,,,,2
Slash,Slash,Slash,,,,,2
"That Was Then, This Is Now",Andy Timmons,Andy Timmons,,,,,2
On An Island,David Gilmour,David Gilmour,,,,,2
The Turn Of A Friendly Card (Expanded Edition),The Alan Parsons Project,The Alan Parsons Project,,,,,2
Bump Ahead [Expanded],Mr. Big,Mr. Big,,,,,2
Theme from a Perfect World,Andy Timmons,Andy Timmons,,,,,2
Philosophy,Jacob Lee,Jacob Lee,,,,,2
Maya,Prabh Deep,Prabh Deep,,,,,2
Machayenge,Emiway Bantai,Emiway Bantai,,,,,2
Naachne Ka Shaunq,Raftaar,Raftaar,,,,,2
Mere Gully Mein (feat. Naezy),DIVINE,DIVINE,,,,,2
Mohali Messiah,Sikander Kahlon,Sikander Kahlon,,,,,2
Swag on 100 (feat. Sady Immortal),Sikander Kahlon,Sikander Kahlon,,,,,2
Aadukalam (Original Motion Picture Soundtrack),G. V. Prakash,G. V. Prakash,,,,,2
FutureSex/LoveSounds Deluxe Edition,Justin Timberlake,Justin Timberlake,,,,,2
B-Sides and Other Things I Forgot,Blue Stahli,Blue Stahli,,,,,2
Hello,Tristan Prettyman,Tristan Prettyman,,,,,2
13 Reasons Why,Brendan Angelides,Brendan Angelides,,,,,2
Soul Mining,The The,The The,,,,,2
Find Me Out,Ronjo V,Ronjo V,,,,,2
Someone You Loved,Lewis Capaldi,Lewis Capaldi,,,,,2
Dancing With A Stranger (With Normani),Sam Smith,Sam Smith,,,,,2
Sinatra/Basie: The Complete Reprise Studio Recordings,Frank Sinatra,Frank Sinatra,,,,,2
A Swingin' Affair! - Remastered / Expanded Edition,Frank Sinatra,Frank Sinatra,,,,,2
Sinatra And Swingin' Brass,Frank Sinatra,Frank Sinatra,,,,,2
Inseparable,Natalie Cole,Natalie Cole,,,,,2
"Bekhayali (From ""Kabir Singh"")",Sachet Tandon,Sachet Tandon,,,,,2
Kyun Rabba (Badla),Armaan Malik,Armaan Malik,,,,,2
Ae Dil Hai Mushkil (Original Motion Picture Soundtrack),Pritam,Pritam,,,,,2
Sativa,DJ SAKI,DJ SAKI,,,,,2
Thunderbolt and Lightning,Marc Martel,Marc Martel,,,,,2
In This Moment,Gavin Luke,Gavin Luke,,,,,2
Unmasked,Adelisé,Adelisé,,,,,2
Forever Vanished,Rick Hagen,Rick Hagen,,,,,2
Lijepo,Danko Debeljak,Danko Debeljak,,,,,2
Flourescent Fields EP,Fiona Elyse,Fiona Elyse,,,,,2
Aureolin,Arden Forest,Arden Forest,,,,,2
And The Flowers Were Gray,Evelyn Stein,Evelyn Stein,,,,,2
Cerulean,Roman Nadler,Roman Nadler,,,,,2
Monschau,Maik Kuefer,Maik Kuefer,,,,,2
Courage,Antoine Minot,Antoine Minot,,,,,2
Area,Vegard,Vegard,,,,,2
Beloved,Mark Mintuny,Mark Mintuny,,,,,2
Lily's Cradle,Benette,Benette,,,,,2
at peace,Matti Aalto,Matti Aalto,,,,,2
Old Habit,Jutila,Jutila,,,,,2
October,Regina Mira,Regina Mira,,,,,2
One With You,Rick Jolt,Rick Jolt,,,,,2
La mariposa,Carmín Aponte,Carmín Aponte,,,,,2
Myrdal-Flam,Jorulf,Jorulf,,,,,2
Solo,Matt Stewart-Evans,Matt Stewart-Evans,,,,,2
Ta Dhom,Viveick Rajagopalan,Viveick Rajagopalan,,,,,2
Faded Dreams,Aaron Lansing,Aaron Lansing,,,,,2
Handwritten - Deluxe,Shawn Mendes,Shawn Mendes,,,,,2
Choke,I DONT KNOW HOW BUT THEY FOUND ME,I DONT KNOW HOW BUT THEY FOUND ME,,,,,2
PAIN & MEMORIES,Rauf & Faik,Rauf & Faik,,,,,2
Sunset Season,Conan Gray,Conan Gray,,,,,2
at least i look cool,Sasha Alex Sloan,Sasha Alex Sloan,,,,,2
"fuck, i'm lonely",Lauv,Lauv,,,,,2
MELT,SHAED,SHAED,,,,,2
Ready,Alessia Cara,Alessia Cara,,,,,2
Section.80,Kendrick Lamar,Kendrick Lamar,,,,,2
Is This The Life We Really Want?,Roger Waters,Roger Waters,,,,,2
Messenger Of The Gods: The Singles Collection,Freddie Mercury,Freddie Mercury,,,,,2
There's Really A Wolf,Russ,Russ,,,,,2
30 Greatest Hits: Portrait of a Legend 1951-1964,Sam Cooke,Sam Cooke,,,,,2
Bad Times At The El Royale,Frankie Valli,Frankie Valli,,,,,2
Sunshine Kitty,Tove Lo,Tove Lo,,,,,2
Lost In The Right Direction,Muriël Bostdorp,Muriël Bostdorp,,,,,2
Bergamo,Nelson Haynes,Nelson Haynes,,,,,2
Sarabande,Sufi Sheman,Sufi Sheman,,,,,2
Your Tale,Hiroshi Yamazaki,Hiroshi Yamazaki,,,,,2
Reed Straw,Jorulf,Jorulf,,,,,2
Carry Me,Peighton,Peighton,,,,,2
Mending,Mark Mintuny,Mark Mintuny,,,,,2
Hopes and Dreams,Emmanuelle Rimbaud,Emmanuelle Rimbaud,,,,,2
Jolly Ll.B 2,Jubin Nautiyal,Jubin Nautiyal,,,,,2
M.S.Dhoni - The Untold Story,Palak Muchhal,Palak Muchhal,,,,,2
Perfect 10: Love Story,Raju Singh,Raju Singh,,,,,2
"Dil Hi Toh Hai (From ""The Sky Is Pink"")",Pritam,Pritam,,,,,2
Qismat,Ammy Virk,Ammy Virk,,,,,2
Carry On,Novo Talos,Novo Talos,,,,,2
Rippling,SIMO,SIMO,,,,,2
In Love,Alec Windt,Alec Windt,,,,,2
Touched,Stephanie Ferrer,Stephanie Ferrer,,,,,2
Floriscope,Floriscope,Floriscope,,,,,2
Sorry Song,Neha Kakkar,Neha Kakkar,,,,,2
Satyamev Jayate,Swanand Kirkire,Swanand Kirkire,,,,,2
"Tum Hi Aana (From ""Marjaavaan"")",Payal Dev,Payal Dev,,,,,2
Andhadhun,Amit Trivedi,Amit Trivedi,,,,,2
Phillauri,Jasleen Royal,Jasleen Royal,,,,,2
Kaminey,Mohit Chauhan,Mohit Chauhan,,,,,2
Half Girlfriend - Original Motion Picture Soundtrack,Mithoon,Mithoon,,,,,2
Concrete and Gold,Foo Fighters,Foo Fighters,,,,,2
There Is Nothing Left To Lose,Foo Fighters,Foo Fighters,,,,,2
"Covers, Vol. 2",Sleeping At Last,Sleeping At Last,,,,,2
The 20/20 Experience - 2 of 2 (Deluxe),Justin Timberlake,Justin Timberlake,,,,,2
The Click,AJR,AJR,,,,,2
Roses (with Juice WRLD feat. Brendon Urie),benny blanco,benny blanco,,,,,2
Fitoor,Arijit Singh,Arijit Singh,,,,,2
Harleys In Hawaii,Katy Perry,Katy Perry,,,,,2
Julie Is Her Name,Julie London,Julie London,,,,,2
Ol' Blue Eyes Is Back,Frank Sinatra,Frank Sinatra,,,,,2
Rocketman,Elton John,Elton John,,,,,2
I Like Me Better,Lauv,Lauv,,,,,2
Hollywood's Bleeding,Mother's Daughter,Mother's Daughter,,,,,2
This Is What You Came For,Calvin Harris,Calvin Harris,,,,,2
When It's Dark Out,G-Eazy,G-Eazy,,,,,2
TROLLS (Original Motion Picture Soundtrack),Justin Timberlake,Justin Timberlake,,,,,2
Encore,DJ Snake,DJ Snake,,,,,2
Classic Eric Clapton,Eric Clapton,Eric Clapton,,,,,2
Savage Garden,Savage Garden,Savage Garden,,,,,2
Aretha Now,Aretha Franklin,Aretha Franklin,,,,,2
Over It,Summer Walker,Summer Walker,,,,,2
Trigger,Major Lazer,Major Lazer,,,,,2
Clap Your Hands Say Yeah,Clap Your Hands Say Yeah,Clap Your Hands Say Yeah,,,,,2
The Execution Of All Things,Rilo Kiley,Rilo Kiley,,,,,2
Instalove,Only Alena,Only Alena,,,,,2
Like You Knew It,Caro Utobarto,Caro Utobarto,,,,,2
Orchids,Smolenka,Smolenka,,,,,2
Seljalandsfoss,Alida Sørby,Alida Sørby,,,,,2
Fin de l'été,Falerina Paquet,Falerina Paquet,,,,,2
The Kimberley,Rory Whitford,Rory Whitford,,,,,2
Fifty Shades Freed,Whethan,Whethan,,,,,2
Bewitching-Lee!,Peggy Lee,Peggy Lee,,,,,2
All Time Greatest Hits,The Mills Brothers,The Mills Brothers,,,,,2
Nonsuch,XTC,XTC,,,,,2
ISOU / Thunder,SHAED,SHAED,,,,,2
Rock & Roll Great Ballads Vol. 1,The Vogues,The Vogues,,,,,2
Because Of You - The Love Songs Collection,Bobby Vinton,Bobby Vinton,,,,,2
Backpack Australia,Rupert Holmes,Rupert Holmes,,,,,2
Good Things Fall Apart (with Jon Bellion),ILLENIUM,ILLENIUM,,,,,2
Curry Sauce Vol. 1,Raja Kumari,Raja Kumari,,,,,2
BLOODLINE,Raja Kumari,Raja Kumari,,,,,2
Phases,PRETTYMUCH,PRETTYMUCH,,,,,2
BoJack Horseman (Music from the Netflix Original Series),Patrick Carney,Patrick Carney,,,,,2
BoJack Horseman (Music from the Netflix Original Series),GROUPLOVE,GROUPLOVE,,,,,2
BoJack Horseman (Music from the Netflix Original Series),Nina Simone,Nina Simone,,,,,2
Poison Arrows,Communiqué,Communiqué,,,,,2
Amir,Tamino,Tamino,,,,,2
Loveholic Arijit Singh,Alka Yagnik,Alka Yagnik,,,,,2
Fire In The Sky,Natalia Lesz,Natalia Lesz,,,,,2
Memories...Do Not Open,The Chainsmokers,The Chainsmokers,,,,,2
SUGA's Interlude,Halsey,Halsey,,,,,2
Aladdin,ZAYN,ZAYN,,,,,2
The Call Of The Wildest,Louis Prima,Louis Prima,,,,,2
"Aankh Marey (From ""Simmba"")",Neha Kakkar,Neha Kakkar,,,,,2
Dream Sequence,Tangerine Dream,Tangerine Dream,,,,,2
By the Way,Jerry Honigman,Jerry Honigman,,,,,2
Steal My Sunshine EP,LEN,LEN,,,,,2
Too Bright,Perfume Genius,Perfume Genius,,,,,2
LP1,FKA twigs,FKA twigs,,,,,2
Bobby Vinton's Greatest Hits,Bobby Vinton,Bobby Vinton,,,,,2
Songs from the Swamp,Ollie MN,Ollie MN,,,,,2
Timeless Vocals: The Golden Years,Jay Graydon & Timothy Hosman,Jay Graydon & Timothy Hosman,,,,,2
Tum Se,Samuel - Akanksha,Samuel - Akanksha,,,,,2
Eleven,Khalid,Khalid,,,,,2
Bark At The Moon (Expanded Edition),Ozzy Osbourne,Ozzy Osbourne,,,,,2
Angel Witch,Angel Witch,Angel Witch,,,,,2
~how i'm feeling~ (the extras),Lauv,Lauv,,,,,2
Don't Let It Break Your Heart,Louis Tomlinson,Louis Tomlinson,,,,,2
Blacklisted,Neko Case,Neko Case,,,,,2
Apple Tree,Katie Herzig,Katie Herzig,,,,,2
Once Upon Another Time,Sara Bareilles,Sara Bareilles,,,,,2
Maniac,Conan Gray,Conan Gray,,,,,2
"Garmi (From ""Street Dancer 3D"")",Badshah,Badshah,,,,,2
Ecstasy,Les Deux Love Orchestra,Les Deux Love Orchestra,,,,,2
Aaja Re Moray Saiyaan - Coke Studio Season 9,Zeb Bangash,Zeb Bangash,,,,,2
Coke Studio Season 10: Episode 7,Ali Zafar,Ali Zafar,,,,,2
smiling when i die,Sasha Alex Sloan,Sasha Alex Sloan,,,,,2
The 50 Most Essential Romantic Classics,"Finghin Collins, London Philharmonic Orchestra and David Parry","Finghin Collins, London Philharmonic Orchestra and David Parry",,,,,2
Glitterbitch,Glitterbitch,Glitterbitch,,,,,2
Om Shanti Om,Sukhwinder Singh,Sukhwinder Singh,,,,,2
Zero,Sukhwinder Singh,Sukhwinder Singh,,,,,2
Swades,Madhushree,Madhushree,,,,,2
Chennai Express,S. P. Balasubrahmanyam,S. P. Balasubrahmanyam,,,,,2
Chennai Express,Chinmayi,Chinmayi,,,,,2
Chennai Express,Sunidhi Chauhan,Sunidhi Chauhan,,,,,2
My Name Is Khan (Original Motion Picture Soundtrack),Jatin-Lalit,Jatin-Lalit,,,,,2
"Beech Beech Mein (From ""Jab Harry Met Sejal"")",Pritam,Pritam,,,,,2
Asoka (Original Motion Picture Soundtrack),Anu Malik,Anu Malik,,,,,2
Josh - Original Motion Picture Soundtrack,Shah Rukh Khan,Shah Rukh Khan,,,,,2
Deewana - Original Motion Picture Soundtrack,Vinod Rathod,Vinod Rathod,,,,,2
Beethoven: Symphonies Nos. 7 & 8,Orchestra Di Padova E Del Veneto & Peter Maag,Orchestra Di Padova E Del Veneto & Peter Maag,,,,,2
"Benjamin Grosvenor: Chopin, Liszt, Ravel",Frédéric Chopin,Frédéric Chopin,,,,,2
Mozart: Works for Violin & Orchestra,Wolfgang Amadeus Mozart,Wolfgang Amadeus Mozart,,,,,2
El Piano Romántico,Claude Debussy,Claude Debussy,,,,,2
head first,Christian French,Christian French,,,,,2
3 Idiots,Sonu Nigam,Sonu Nigam,,,,,2
Jwalamukhi,A.R. Rahman,A.R. Rahman,,,,,2
Tum Na Ho,Arjun Kanungo,Arjun Kanungo,,,,,2
Goodpain,Yoke Lore,Yoke Lore,,,,,2
"Nachan Nu Jee Karda (From ""Angrezi Medium"")",Romy,Romy,,,,,2
Notion,Tash Sultana,Tash Sultana,,,,,2
A Star Is Born Soundtrack,Cast,Cast,,,,,2
Celebrate!,Kool & The Gang,Kool & The Gang,,,,,2
ep unknown,eevee,eevee,,,,,2
Hvorhen du end går,VIbeke Holst-Tofte,VIbeke Holst-Tofte,,,,,2
Adamo,Peter Cavallo,Peter Cavallo,,,,,2
Tu brilles,Tyra Lindqvist,Tyra Lindqvist,,,,,2
Incandescence,Rebecca Leonard,Rebecca Leonard,,,,,2
trouvaille,Germain Lesage,Germain Lesage,,,,,2
Standing Sitting Rising Falling,Will Monrose,Will Monrose,,,,,2
Cottonwood Shores,Ray Hutchcraft,Ray Hutchcraft,,,,,2
Garden of Eternal Spring,Evelyn Haidu,Evelyn Haidu,,,,,2
Maybe under some other sky,Shaunta Coburn,Shaunta Coburn,,,,,2
La Sarthe,Antoine Minot,Antoine Minot,,,,,2
Sentiment,Sufi Sheman,Sufi Sheman,,,,,2
Outside,Jim Perkins,Jim Perkins,,,,,2
Sweet dreams my Emily,Rikke Winther,Rikke Winther,,,,,2
Stories,Esperanza,Esperanza,,,,,2
Viens à moi,Joséphine Auclair,Joséphine Auclair,,,,,2
Tulip,Steve Jones Swiff,Steve Jones Swiff,,,,,2
Pillow,Henrietta Kuipers,Henrietta Kuipers,,,,,2
Hopeful,Purple Kees,Purple Kees,,,,,2
Forhåbningsfuld,Bolethe Kristensen,Bolethe Kristensen,,,,,2
Extraordinary Occations,Steven Windhaug,Steven Windhaug,,,,,2
Coal,Arden Forest,Arden Forest,,,,,2
Opus I,Margrete Wiik,Margrete Wiik,,,,,2
Morgensol,Bolethe Kristensen,Bolethe Kristensen,,,,,2
Süda,Jan Thiel,Jan Thiel,,,,,2
This Town,Niall Horan,Niall Horan,,,,,2
Negro Swan,Blood Orange,Blood Orange,,,,,2
VIDA,Luis Fonsi,Luis Fonsi,,,,,2
Isla De Flores,Berlioz,Berlioz,,,,,2
Presto arriverà il sole,Vala Capon,Vala Capon,,,,,2
Variante Alta,Flavio Apicella,Flavio Apicella,,,,,2
Storybook,Mi Soon,Mi Soon,,,,,2
When I Goose-Step,The Shins,The Shins,,,,,2
All this time,Carl Easterling,Carl Easterling,,,,,2
A Place I Know,Jacob LaVallee,Jacob LaVallee,,,,,2
Floating,Way Beyond,Way Beyond,,,,,2
How did it Happen,Tom Holding,Tom Holding,,,,,2
Zala,Pataki Gisella,Pataki Gisella,,,,,2
Amélie,Will Kaufman,Will Kaufman,,,,,2
No Dice,Badfinger,Badfinger,,,,,2
Now,Landon Austin,Landon Austin,,,,,2
Alone In Iz World,Israel Kamakawiwo'ole,Israel Kamakawiwo'ole,,,,,2
Million Ways,HRVY,HRVY,,,,,2
"Hello, I Must Be Going!",Phil Collins,Phil Collins,,,,,2
Chinese Wall (Expanded Edition),Philip Bailey,Philip Bailey,,,,,2
"Ek Tukda Dhoop (From ""Thappad"")",Raghav Chaitanya,Raghav Chaitanya,,,,,2
Anjaana Anjaani,Lucky Ali,Lucky Ali,,,,,2
Solo,Frankie Valli,Frankie Valli,,,,,2
Billie Holiday,Billie Holiday,Billie Holiday,,,,,2
Hello Young Lovers,Jimmy Durante,Jimmy Durante,,,,,2
The Wonder of You: Elvis Presley with the Royal Philharmonic Orchestra,Elvis Presley,Elvis Presley,,,,,2
Led Zeppelin II,Led Zeppelin,Led Zeppelin,,,,,2
Perspectives,Lennon McKenna,Lennon McKenna,,,,,2
The Half Light,Peter Cavallo,Peter Cavallo,,,,,2
Ex Nihilo Nihil Fit,Elder Lockhart,Elder Lockhart,,,,,2
First Sunrise,Haru Kitamura,Haru Kitamura,,,,,2
PARTYMOBILE,PARTYNEXTDOOR,PARTYNEXTDOOR,,,,,2
Virginia,Joanna Haynes,Joanna Haynes,,,,,2
Vinaceous,Ivalu Karlsen,Ivalu Karlsen,,,,,2
Forêt Profonde,Ricard Paul,Ricard Paul,,,,,2
The Beatles 1967 - 1970,The Beatles,The Beatles,,,,,2
Soirées sans toi,Jef Martens,Jef Martens,,,,,2
Palette,Denise Santoz,Denise Santoz,,,,,2
All The Bright Places (Music from the Netflix Film),Keegan DeWitt,Keegan DeWitt,,,,,2
Meant to Stay Hid,SYML,SYML,,,,,2
Chewing Cotton Wool,The Japanese House,The Japanese House,,,,,2
Toosie Slide,Drake,Drake,,,,,2
Dolly,Dolly Parton,Dolly Parton,,,,,2
Aurora,A.S.J.,A.S.J.,,,,,2
Folk Dances,Martin Greenbaum,Martin Greenbaum,,,,,2
Den första snön,Maya Åström,Maya Åström,,,,,2
Trans-Europe Express,Kraftwerk,Kraftwerk,,,,,2
Laajoki,Elsa Enestam,Elsa Enestam,,,,,2
"Quand on a pas ce que l’on aime, il faut aimer ce que l’on a",Florence Bellefeuille,Florence Bellefeuille,,,,,2
Marble Falls,Ray Hutchcraft,Ray Hutchcraft,,,,,2
Dark Lane Demo Tapes,Drake,Drake,,,,,2
BLAME IT ON BABY,DaBaby,DaBaby,,,,,2
Be Kind (with Halsey),Marshmello,Marshmello,,,,,2
Sweet Action,Jack Harlow,Jack Harlow,,,,,2
Inside Out,Derick Carson,Derick Carson,,,,,2
Get You The Moon (feat. Snøw),Kina,Kina,,,,,2
brent,Chelsea Cutler,Chelsea Cutler,,,,,2
Safe.,Sarah Meow,Sarah Meow,,,,,2
Genda Phool (feat. Payal Dev),Badshah,Badshah,,,,,2
Danse Macabre,Naeleck,Naeleck,,,,,2
Roomful of Teeth,Caroline Shaw,Caroline Shaw,,,,,2
Son of a Gun,Sol Seppy,Sol Seppy,,,,,2
Der Alte Laternenanzünder,Detlev Lais,Detlev Lais,,,,,2
Deutsche Schlager 1956 - 1957,Nana Gualdi,Nana Gualdi,,,,,2
Elixir,Marie Vaunt,Marie Vaunt,,,,,2
Lost Dream,MDJ Matthias De Jaeger,MDJ Matthias De Jaeger,,,,,2
GINGER,BROCKHAMPTON,BROCKHAMPTON,,,,,2
slow dancing in the dark,sora.wav,sora.wav,,,,,2
On Your Side,Ragnar Seaholm,Ragnar Seaholm,,,,,2
People Change,Mipso,Mipso,,,,,2
Repetitions,Blueneck,Blueneck,,,,,2
Savage Love (Laxed - Siren Beat),Jawsh 685,Jawsh 685,,,,,2
Departure,Journey,Journey,,,,,2
Flames (The EP),R3HAB,R3HAB,,,,,2
Music Of The Sun,Rihanna,Rihanna,,,,,2
"Alex Goot & Friends, Vol. 1",Alex Goot,Alex Goot,,,,,2
Like a Virgin,Madonna,Madonna,,,,,2
High School Musical 3: Senior Year,High School Musical Cast,High School Musical Cast,,,,,2
I Need A Doctor,Dr. Dre,Dr. Dre,,,,,2
Normandy,Matthew Mor,Matthew Mor,,,,,2
If You Must Go,Larry McDavid,Larry McDavid,,,,,2
Maybe I Can Fly,When Chai Met Toast,When Chai Met Toast,,,,,2
All I Want,Olivia Rodrigo,Olivia Rodrigo,,,,,2
To Be Young (feat. Doja Cat),Anne-Marie,Anne-Marie,,,,,2
Speak Your Mind,Anne-Marie,Anne-Marie,,,,,2
The Twilight Saga: Breaking Dawn - Part 2,Christina Perri,Christina Perri,,,,,2
Breakout,Miley Cyrus,Miley Cyrus,,,,,2
"Mozart: Piano Sonatas K.310, K.311 & K.533/494",Wolfgang Amadeus Mozart,Wolfgang Amadeus Mozart,,,,,2
"Mozart: Piano Concertos No. 20 in D Minor, K. 466 & No. 27 in B-Flat Major, K. 595",Wolfgang Amadeus Mozart,Wolfgang Amadeus Mozart,,,,,2
Mozart: Zauberflöte (Die) (The Magic Flute),Wolfgang Amadeus Mozart,Wolfgang Amadeus Mozart,,,,,2
Just Movement,Robert DeLong,Robert DeLong,,,,,2
Spreading Rumours,GROUPLOVE,GROUPLOVE,,,,,2
Smallpools,Smallpools,Smallpools,,,,,2
In Rolling Waves,The Naked And Famous,The Naked And Famous,,,,,2
Modern Vampires of the City,Vampire Weekend,Vampire Weekend,,,,,2
Don't Forget Who You Are,Miles Kane,Miles Kane,,,,,2
Evil Friends,Portugal. The Man,Portugal. The Man,,,,,2
Mechanical,Oliver,Oliver,,,,,2
Nada Pode Me Parar,Marcelo D2,Marcelo D2,,,,,2
Blueberry Faygo,Lil Mosey,Lil Mosey,,,,,2
Suicidal (Remix) [feat. Juice WRLD],YNW Melly,YNW Melly,,,,,2
Bad Vibes Forever,XXXTENTACION,XXXTENTACION,,,,,2
These Two Windows,Alec Benjamin,Alec Benjamin,,,,,2
Big Plans,Why Don't We,Why Don't We,,,,,2
She Couldn't,Linkin Park,Linkin Park,,,,,2
The Blueprint 3,JAY-Z,JAY-Z,,,,,2
if this is the last time,LANY,LANY,,,,,2
B4 The Storm,Internet Money,Internet Money,,,,,2
How To Kill A Rockstar,MASN,MASN,,,,,2
End of the World,Jay Hoodie,Jay Hoodie,,,,,2
Selfish,Madison Beer,Madison Beer,,,,,2
The Diary Of Alicia Keys,Alicia Keys,Alicia Keys,,,,,2
everything means nothing,blackbear,blackbear,,,,,2
Dynamite,BTS,BTS,,,,,2
Ice Cream (with Selena Gomez),BLACKPINK,BLACKPINK,,,,,2
WAP (feat. Megan Thee Stallion),Cardi B,Cardi B,,,,,2
PAPI JUANCHO,Maluma,Maluma,,,,,2
Laugh Now Cry Later (feat. Lil Durk),Drake,Drake,,,,,2
"WHATS POPPIN (feat. DaBaby, Tory Lanez & Lil Wayne)",Jack Harlow,Jack Harlow,,,,,2
Compton,Dr. Dre,Dr. Dre,,,,,2
Fifty Shades Freed,Ellie Goulding,Ellie Goulding,,,,,2
Finesse (Remix) [feat. Cardi B],Bruno Mars,Bruno Mars,,,,,2
Dil Bechara,A.R. Rahman,A.R. Rahman,,,,,2
Beethoven Piano Hits,Ludwig van Beethoven,Ludwig van Beethoven,,,,,2
Santa Tell Me,Ariana Grande,Ariana Grande,,,,,2
Moonglow,S N U G,S N U G,,,,,2
In Motion,ENRA,ENRA,,,,,2
Sound Asleep,Spencer Hunt,Spencer Hunt,,,,,2
Life Forms,Kupla,Kupla,,,,,2
North Pole,WYS,WYS,,,,,2
Kings & Queens,Ava Max,Ava Max,,,,,2
Until Tomorrow,Towerz,Towerz,,,,,2
"Dean Martin: The Capitol Recordings, Vol. 6 (1955-1956)",Dean Martin,Dean Martin,,,,,2
Hawái,Maluma,Maluma,,,,,2
Whoopty,CJ,CJ,,,,,2
The Business,Tiësto,Tiësto,,,,,2
Tickets To My Downfall,mgk,mgk,,,,,2
At My Worst (Joel Corry Remix),Pink Sweat$,Pink Sweat$,,,,,2
Days of Thunder,The Midnight,The Midnight,,,,,2
All The Lies,Alok,Alok,,,,,2
Leave It Beautiful,Astrid S,Astrid S,,,,,2
Past Life (with Selena Gomez),Trevor Daniel,Trevor Daniel,,,,,2
Three Imaginary Boys,The Cure,The Cure,,,,,2
Hard On Yourself,Charlie Puth,Charlie Puth,,,,,2
Easy (with Kacey Musgraves feat. Mark Ronson),Troye Sivan,Troye Sivan,,,,,2
I'm not Pretty,JESSIA,JESSIA,,,,,2
Skin,Sabrina Carpenter,Sabrina Carpenter,,,,,2
Isabelle,Zach Hood,Zach Hood,,,,,2
Lo Vas A Olvidar (with ROSALÍA),Billie Eilish,Billie Eilish,,,,,2
Live Around The World,Queen,Queen,,,,,2
The Platinum Collection - 2011 Remaster,Queen,Queen,,,,,2
Calling My Phone,Lil Tjay,Lil Tjay,,,,,2
Circles,Mac Miller,Mac Miller,,,,,2
Confident,Demi Lovato,Demi Lovato,,,,,2
Sin Miedo (del Amor y Otros Demonios) ∞,Kali Uchis,Kali Uchis,,,,,2
Taare,Shamoon Ismail,Shamoon Ismail,,,,,2
Noor,Lost Stories,Lost Stories,,,,,2
Sang Rahiyo (feat. Ranveer Allahbadia),Jasleen Royal,Jasleen Royal,,,,,2
Kuch Soona Sa Hai,Ayush Panda,Ayush Panda,,,,,2
Inside My Head,SUGR?,SUGR?,,,,,2
Naalayak EP,NAALAYAK,NAALAYAK,,,,,2
Essential Irish Rebel Songs,Barleycorn,Barleycorn,,,,,2
Old Bear,Cloth,Cloth,,,,,2
One Breath,Anna Calvi,Anna Calvi,,,,,2
Darling Arithmetic,Villagers,Villagers,,,,,2
Dawn,RY X,RY X,,,,,2
Writing of Blues and Yellows (Deluxe Version),Billie Marten,Billie Marten,,,,,2
Upstairs at Eric’s,Yazoo,Yazoo,,,,,2
Overdrive,Conan Gray,Conan Gray,,,,,2
Get Weird,Little Mix,Little Mix,,,,,2
Josslyn,Olivia O'Brien,Olivia O'Brien,,,,,2
Bad Liar – Stripped,Imagine Dragons,Imagine Dragons,,,,,2
Careless Creature,Viepsa Arora,Viepsa Arora,,,,,2
Magnificent City Instrumentals,RJD2,RJD2,,,,,2
Shangri-La,Robert Maxwell,Robert Maxwell,,,,,2
Encore,Santo & Johnny,Santo & Johnny,,,,,2
Archives Volume 7,Wilfred Burns,Wilfred Burns,,,,,2
Kpm Brownsleeves: Kpmlpb 27,Frank Samuels,Frank Samuels,,,,,2
The Essential Rosemary Clooney,Rosemary Clooney,Rosemary Clooney,,,,,2
Solo in Rio 1959,Luiz Bonfá,Luiz Bonfá,,,,,2
A Portrait of Thelonious,Bud Powell,Bud Powell,,,,,2
Sketches Of Spain 50th Anniversary (Legacy Edition),Miles Davis,Miles Davis,,,,,2
Yours Sincerely,The McGuire Sisters,The McGuire Sisters,,,,,2
Your Power,Billie Eilish,Billie Eilish,,,,,2
ghost town (voice memo),Chloe George,Chloe George,,,,,2
Astronomy,Conan Gray,Conan Gray,,,,,2
Phir Se Shuru,Ashu Shukla,Ashu Shukla,,,,,2
Zakir,NAALAYAK,NAALAYAK,,,,,2
Will The Circle Be Unbroken,George Jones,George Jones,,,,,2
Stranger On The Shore,Acker Bilk,Acker Bilk,,,,,2
To Be Loved (Forever),The Pentagons,The Pentagons,,,,,2
Endless Sleep,Jody Reynolds,Jody Reynolds,,,,,2
Lost Christmas - Holiday Rarities,Teresa Brewer,Teresa Brewer,,,,,2
Let's Dance Away And Hide Away,Freddie King,Freddie King,,,,,2
The Doris Day Christmas Album,Doris Day,Doris Day,,,,,2
The Mamas & The Papas,The Mamas & The Papas,The Mamas & The Papas,,,,,2
Les Années Bechet,Sidney Bechet,Sidney Bechet,,,,,2
16 Most Requested Songs,Bobby Vinton,Bobby Vinton,,,,,2
Mood Swing,Cyn,Cyn,,,,,2
Girl,SYML,SYML,,,,,2
Most of Us Are Strangers,Seafret,Seafret,,,,,2
OK ORCHESTRA,AJR,AJR,,,,,2
Bless Its Pointed Little Head,Jefferson Airplane,Jefferson Airplane,,,,,2
Link Wray,Link Wray,Link Wray,,,,,2
working,Tate McRae,Tate McRae,,,,,2
Chinese New Year,SALES,SALES,,,,,2
Greatest Doo Wop Masters,The Elegants,The Elegants,,,,,2
Emotions,Brenda Lee,Brenda Lee,,,,,2
How Can You Mend A Broken Heart,Bee Gees,Bee Gees,,,,,2
I Love How You Love Me,Bobby Vinton,Bobby Vinton,,,,,2
Renegade (feat. Taylor Swift),Big Red Machine,Big Red Machine,,,,,2
Tommy Lee (feat. Post Malone),Tyla Yaweh,Tyla Yaweh,,,,,2
Aankhein,Vilen,Vilen,,,,,2
Coke Studio: Season 9,Rahat Fateh Ali Khan,Rahat Fateh Ali Khan,,,,,2
Coke Studio: Season 9,Momina Mustehsan,Momina Mustehsan,,,,,2
Chidiya,Vilen,Vilen,,,,,2
Dhoom,Call,Call,,,,,2
Kahan Par Hai,MC STAN,MC STAN,,,,,2
You (with Marshmello & Vance Joy),benny blanco,benny blanco,,,,,2
Summer Of Love,Shawn Mendes,Shawn Mendes,,,,,2
Kiss Me More (feat. SZA),Doja Cat,Doja Cat,,,,,2
Wildfire,Rachel Platten,Rachel Platten,,,,,2
Have A Nice day,Roxette,Roxette,,,,,2
Jeremy,Pearl Jam,Pearl Jam,,,,,2
The Pleasure Principle,Gary Numan,Gary Numan,,,,,2
Rather Ripped,Sonic Youth,Sonic Youth,,,,,2
Asc. Scorpio,Oracle Sisters,Oracle Sisters,,,,,2
True That,Michael Cera,Michael Cera,,,,,2
Elephanz,Elephanz,Elephanz,,,,,2
Wichita Lineman,Glen Campbell,Glen Campbell,,,,,2
For a Few Dollars More (Original Motion Picture Soundtrack) - Remastered,Ennio Morricone,Ennio Morricone,,,,,2
Take A Look,Irma Thomas,Irma Thomas,,,,,2
Mohenjo Daro,A.R. Rahman,A.R. Rahman,,,,,2
Parineeta,Sunidhi Chauhan,Sunidhi Chauhan,,,,,2
Words,F.R. David,F.R. David,,,,,2
À peu près,Pomme,Pomme,,,,,2
Submarine - Original Songs From The Film By Alex Turner,Alex Turner,Alex Turner,,,,,2
Yard Sale,The Brook & The Bluff,The Brook & The Bluff,,,,,2
I Need to Start a Garden,Haley Heynderickx,Haley Heynderickx,,,,,2
Twelve Nudes,Ezra Furman,Ezra Furman,,,,,2
Del Water Gap,Del Water Gap,Del Water Gap,,,,,2
How Do You Love?,The Regrettes,The Regrettes,,,,,2
The Loved Ones,Flyte,Flyte,,,,,2
People Watching,Conan Gray,Conan Gray,,,,,2
love + everything else,John K,John K,,,,,2
TOO YOUNG TO BE SAD,Tate McRae,Tate McRae,,,,,2
Positive Girls,Indolore,Indolore,,,,,2
How I Met Your Music: Deluxe,John Swihart,John Swihart,,,,,2
Heaven,The Walkmen,The Walkmen,,,,,2
Castaways and Cutouts,The Decemberists,The Decemberists,,,,,2
The First Noel,Dean Hort Quartet,Dean Hort Quartet,,,,,2
White Christmas,Dem Serenaders,Dem Serenaders,,,,,2
Merry Christmas From Brenda Lee,Brenda Lee,Brenda Lee,,,,,2
Lonely People,Demi Lovato,Demi Lovato,,,,,2
Quietly,Tanmaya Bhatnagar,Tanmaya Bhatnagar,,,,,2
Dream with Dean,Dean Martin,Dean Martin,,,,,2
Welcome to My World,Dean Martin,Dean Martin,,,,,2
"Dean Martin: The Capitol Recordings, Vol. 12 (1961)",Dean Martin,Dean Martin,,,,,2
The Dean Martin Christmas Album,Dean Martin,Dean Martin,,,,,2
The Dean Martin TV Show,Dean Martin,Dean Martin,,,,,2
NIGHTRIDER,Arizona Zervas,Arizona Zervas,,,,,2
Season of the Assassin,Vinnie Paz,Vinnie Paz,,,,,2
"MMG Presents: Self Made, Vol. 1",Meek Mill,Meek Mill,,,,,2
To The Sky,Kevin Rudolf,Kevin Rudolf,,,,,2
Gotta Get Outta Here,Blacklite District,Blacklite District,,,,,2
Unbroken,Demi Lovato,Demi Lovato,,,,,2
r u ok,Tate McRae,Tate McRae,,,,,2
Love Back,Why Don't We,Why Don't We,,,,,2
Greatest Hits,Fleetwood Mac,Fleetwood Mac,,,,,2
BAAZ,JJ47,JJ47,,,,,2
Picture,Hashim Nawaz,Hashim Nawaz,,,,,2
Swimming Pools (Drank),Kendrick Lamar,Kendrick Lamar,,,,,2
CKay The First,CKay,CKay,,,,,2
Wash Us In The Blood,Kanye West,Kanye West,,,,,2
My Year,GASHI,GASHI,,,,,2
Think Like A Man - Music From & Inspired By The Film,John Legend,John Legend,,,,,2
"All The Way Up (Remix) (feat. French Montana, Infared & GLOWINTHEDARK) - Single",Fat Joe,Fat Joe,,,,,2
Waves,Mr. Probz,Mr. Probz,,,,,2
"Lane Switcha (feat. A$AP Rocky, Juicy J & Project Pat)",Skepta,Skepta,,,,,2
Stunnin' (feat. Harm Franklin),Curtis Waters,Curtis Waters,,,,,2
The Documentary,The Game,The Game,,,,,2
Sleep,aswekeepsearching,aswekeepsearching,,,,,2
Strawberry Skies,Kid Travis,Kid Travis,,,,,2
Jodhaa Akbar,A.R. Rahman,A.R. Rahman,,,,,2
Noor,Asim Azhar,Asim Azhar,,,,,2
Jalega,Talhah Yunus,Talhah Yunus,,,,,2
Amar,Prabh Deep,Prabh Deep,,,,,2
Mun Kay Fire,Rap Demon,Rap Demon,,,,,2
Light Switch,Charlie Puth,Charlie Puth,,,,,2
You,Armaan Malik,Armaan Malik,,,,,2
3 Rounds and a Sound,Blind Pilot,Blind Pilot,,,,,2
Sings the Moon,John Mark Nelson,John Mark Nelson,,,,,2
Phone Numbers,Dominic Fike,Dominic Fike,,,,,2
Sunset Lover,Petit Biscuit,Petit Biscuit,,,,,2
Saqi-E-Bawafa,Saakin,Saakin,,,,,2
Singles,Jimmy Khan,Jimmy Khan,,,,,2
Obostha Bujhe Bebostha,Farooque Bhai Project,Farooque Bhai Project,,,,,2
MM005,Miracle Mangal,Miracle Mangal,,,,,2
sophomore sweetheart,sunflower tape machine,sunflower tape machine,,,,,2
Make You Mine,PUBLIC,PUBLIC,,,,,2
Saar,Osho Jain,Osho Jain,,,,,2
Thor: The Dark World,Brian Tyler,Brian Tyler,,,,,2
Loki: Vol. 1 (Episodes 1-3),Natalie Holt,Natalie Holt,,,,,2
The Witcher (Music from the Netflix Original Series),Sonya Belousova,Sonya Belousova,,,,,2
Classics at the Movies: Adventure,John Williams,John Williams,,,,,2
Star Wars: The Clone Wars,Kevin Kiner,Kevin Kiner,,,,,2
The London Symphony Orchestra: The Top 100 of Classical Music,London Symphony Orchestra,London Symphony Orchestra,,,,,2
Star Wars: The Force Awakens,John Williams,John Williams,,,,,2
Let There Be Cello,2CELLOS,2CELLOS,,,,,2
Indiana Jones and the Kingdom of the Crystal Skull,John Williams,John Williams,,,,,2
Kingsman: The Golden Circle,Henry Jackman,Henry Jackman,,,,,2
Godzilla: King of the Monsters (Original Motion Picture Soundtrack),Bear McCreary,Bear McCreary,,,,,2
Iron Man 3,Brian Tyler,Brian Tyler,,,,,2
Cold Cold Night,Raghav Meattle,Raghav Meattle,,,,,2
Silence,Marshmello,Marshmello,,,,,2
Sam's Town,The Killers,The Killers,,,,,2
thought it was,iann dior,iann dior,,,,,2
Drugs,UPSAHL,UPSAHL,,,,,2
Word Of Mouth - Deluxe,The Wanted,The Wanted,,,,,2
New Hope Club,New Hope Club,New Hope Club,,,,,2
I Am Not A Human Being,Lil Wayne,Lil Wayne,,,,,2
Rhythm & Hymns,Mattafix,Mattafix,,,,,2
Dream Widow,Dream Widow,Dream Widow,,,,,2
Higher,Michael Bublé,Michael Bublé,,,,,2
Purple Lamborghini (with Rick Ross),Skrillex,Skrillex,,,,,2
Black Sands,Bonobo,Bonobo,,,,,2
Wicked Games (feat. Anna Naklab),Parra for Cuva,Parra for Cuva,,,,,2
MAYBE,Valley,Valley,,,,,2
Falling into You,Céline Dion,Céline Dion,,,,,2
Girlfriend,THE DRIVER ERA,THE DRIVER ERA,,,,,2
evil twin,Isaac Dunbar,Isaac Dunbar,,,,,2
too many feelings,Ruel,Ruel,,,,,2
Gangsta's Paradise,Coolio,Coolio,,,,,2
Remember,King Henry,King Henry,,,,,2
Lafangey Parindey,R. Anandh,R. Anandh,,,,,2
Bijlee Bijlee,Harrdy Sandhu,Harrdy Sandhu,,,,,2
Easy to Adore You,Mauve,Mauve,,,,,2
Songs for Dads,The Walters,The Walters,,,,,2
All Out Of Love,Air Supply,Air Supply,,,,,2
I Know How To Speak,Manchester Orchestra,Manchester Orchestra,,,,,2
I'm Like a Virgin Losing a Child,Manchester Orchestra,Manchester Orchestra,,,,,2
III,Bad Books,Bad Books,,,,,2
Head In The Clouds,88rising,88rising,,,,,2
In My Head (feat. Travis Barker),24kGoldn,24kGoldn,,,,,2
Foreigns,AP Dhillon,AP Dhillon,,,,,2
Hustlin',Gminxr,Gminxr,,,,,2
Kirsaan,AP Dhillon,AP Dhillon,,,,,2
MIDDLE OF THE NIGHT,Elley Duhé,Elley Duhé,,,,,2
Pasoori,Shae Gill,Shae Gill,,,,,2
Made You Proud,Karma,Karma,,,,,2
The Gorilla Bounce,King,King,,,,,2
ZOL,Max Hurrell,Max Hurrell,,,,,2
Championships,Meek Mill,Meek Mill,,,,,2
YRF Top 10 - Midnight Hour,Sachin-Jigar,Sachin-Jigar,,,,,2
Shuddh Desi Romance,Sachin-Jigar,Sachin-Jigar,,,,,2
Oye,KK,KK,,,,,2
Aashiq Banaya Aapne,KK,KK,,,,,2
Aashiqui 2,Tulsi Kumar,Tulsi Kumar,,,,,2
Dus,Shaan,Shaan,,,,,2
Manasantha Nuvve,KK,KK,,,,,2
Jannat 2 Mash-Up,Pritam,Pritam,,,,,2
Race 2,Pritam,Pritam,,,,,2
Prema Kavali,KK,KK,,,,,2
Lofi Chill Mix,KK,KK,,,,,2
Aarya - 2 (Original Motion Picture Soundtrack),Devi Sri Prasad,Devi Sri Prasad,,,,,2
No Losses,KR$NA,KR$NA,,,,,2
SHE,Hasan Raheem,Hasan Raheem,,,,,2
Tarqeeb,Naezy,Naezy,,,,,2
Ghostlight,Poets of the Fall,Poets of the Fall,,,,,2
Sentio,Martin Garrix,Martin Garrix,,,,,2
Jayeshbhai Jordaar,Vishal-Shekhar,Vishal-Shekhar,,,,,2
Pagal Hai Kya,Fotty Seven,Fotty Seven,,,,,2
Afsanay,Young Stunners,Young Stunners,,,,,2
Shayad,Jokhay,Jokhay,,,,,2
Juice,Shamoon Ismail,Shamoon Ismail,,,,,2
Khadsha,Aurangzaib Khan,Aurangzaib Khan,,,,,2
Teri Meri Batein,Aurangzaib Khan,Aurangzaib Khan,,,,,2
Rukay Kahan,Aurangzaib Khan,Aurangzaib Khan,,,,,2
Maahi,Aurangzaib Khan,Aurangzaib Khan,,,,,2
3.15.20,Childish Gambino,Childish Gambino,,,,,2
Lie Again,Giveon,Giveon,,,,,2
Love Always,Shane Filan,Shane Filan,,,,,2
Unbreakable,Backstreet Boys,Backstreet Boys,,,,,2
Full Clip: A Decade Of Gang Starr,Gang Starr,Gang Starr,,,,,2
For a While - Single,OAFF,OAFF,,,,,2
Grip,OAFF,OAFF,,,,,2
Transatlanticism (10th Anniversary Edition),Death Cab for Cutie,Death Cab for Cutie,,,,,2
KIOX,KUMMER,KUMMER,,,,,2
Dizzy up the Girl,The Goo Goo Dolls,The Goo Goo Dolls,,,,,2
Doorie,Atif Aslam,Atif Aslam,,,,,2
Flight Risk EP,Tommy Lefroy,Tommy Lefroy,,,,,2
Aarya,KK,KK,,,,,2
Purani Jeans (Original Motion Picture Soundtrack),KK,KK,,,,,2
I'm Your Man,Leonard Cohen,Leonard Cohen,,,,,2
Songs From A Room,Leonard Cohen,Leonard Cohen,,,,,2
Conditions,The Temper Trap,The Temper Trap,,,,,2
Damned to Love You,Miserable,Miserable,,,,,2
Oh No / Liahr,Biig Piig,Biig Piig,,,,,2
Sad Night Dynamite,Sad Night Dynamite,Sad Night Dynamite,,,,,2
Quiver,Lonas,Lonas,,,,,2
Purest Form,Prince of Eden,Prince of Eden,,,,,2
THOUSAND MILES,The Kid LAROI,The Kid LAROI,,,,,2
C'est Si Bon,Ella Fitzgerald,Ella Fitzgerald,,,,,2
Gasoline,Nic D,Nic D,,,,,2
Californications,berouw,berouw,,,,,2
Butterfly Blue,Mallrat,Mallrat,,,,,2
Tha Carter V,Lil Wayne,Lil Wayne,,,,,2
One Life,James Bay,James Bay,,,,,2
Chasing Stars,Alesso,Alesso,,,,,2
@ my worst,blackbear,blackbear,,,,,2
Alive (with Calle Lehmann),Gryffin,Gryffin,,,,,2
Time for Us,Nicolas Jaar,Nicolas Jaar,,,,,2
SYML,SYML,SYML,,,,,2
TV,Tai Verdes,Tai Verdes,,,,,2
You,Connor Price,Connor Price,,,,,2
Gaaye Ja,Arijit Singh,Arijit Singh,,,,,2
"Phir Na Aisi Raat Aayegi (From ""Laal Singh Chaddha"")",Pritam,Pritam,,,,,2
pogo,bbno$,bbno$,,,,,2
kyun hota hai?,Tanmaya Bhatnagar,Tanmaya Bhatnagar,,,,,2
Hate Me,Kevin Kloud,Kevin Kloud,,,,,2
Everything I Want,Jordy Searcy,Jordy Searcy,,,,,2
"Stranger Things: Soundtrack from the Netflix Series, Season 4",Journey,Journey,,,,,2
Soul Jazz Records Presents Studio One Supreme: Maximum 70S and 80S Early Dancehall Sounds,Lone Ranger,Lone Ranger,,,,,2
"Galliyan Returns (From ""Ek Villain Returns"")",Ankit Tiwari,Ankit Tiwari,,,,,2
Kids Are Born Stars,Lauv,Lauv,,,,,2
Left and Right (Feat. Jung Kook of BTS),Charlie Puth,Charlie Puth,,,,,2
Me Myself & I,5 Seconds of Summer,5 Seconds of Summer,,,,,2
Badhaai Do,Amit Trivedi,Amit Trivedi,,,,,2
Optimist,FINNEAS,FINNEAS,,,,,2
Fighting Demons,Juice WRLD,Juice WRLD,,,,,2
"Shaamat (From ""Ek Villain Returns"")",Ankit Tiwari,Ankit Tiwari,,,,,2
Umrao Jaan,Richa Sharma,Richa Sharma,,,,,2
Ocean (feat. Khalid),Martin Garrix,Martin Garrix,,,,,2
Main Rahoon Ya Na Rahoon,Amaal Mallik,Amaal Mallik,,,,,2
Khoobsurat,Sona Mohapatra,Sona Mohapatra,,,,,2
Azhar,Pritam,Pritam,,,,,2
Gangs Of Wasseypur,Piyush Mishra,Piyush Mishra,,,,,2
Alfaaz,Alfaaz,Alfaaz,,,,,2
Romantic Hits By Jubin Nautiyal,Jubin Nautiyal,Jubin Nautiyal,,,,,2
Ek Din,Raman Negi,Raman Negi,,,,,2
Sha- Dobara,Shashwat Sachdev,Shashwat Sachdev,,,,,2
Sgt. Pepper's Lonely Hearts Club Band,The Beatles,The Beatles,,,,,2
Heaven,Bazzi,Bazzi,,,,,2
Sweet Disarray,Dan Croll,Dan Croll,,,,,2
Khwaab,Anumita Nadesan,Anumita Nadesan,,,,,2
Shehzaada Shehzaadi,Ankur Tewari,Ankur Tewari,,,,,2
Ajab Prem Ki Ghazab Kahani - Original Motion Picture Soundtrack,Atif Aslam,Atif Aslam,,,,,2
Tum,Anurag Vashisht,Anurag Vashisht,,,,,2
The Best Of The Crew Cuts,The Crew Cuts,The Crew Cuts,,,,,2
Better in the Shade,Patrick Watson,Patrick Watson,,,,,2
CHUP!,Rupali Moghe,Rupali Moghe,,,,,2
Over My Head (Cable Car) - Acoustic,Jonah Baker,Jonah Baker,,,,,2
Boulevard of Broken Dreams,Roses & Revolutions,Roses & Revolutions,,,,,2
Covers By OSIS,OSIS,OSIS,,,,,2
Covers,Roses & Revolutions,Roses & Revolutions,,,,,2
Talk,Jon Bryant,Jon Bryant,,,,,2
& Covers,Cattle & Cane,Cattle & Cane,,,,,2
Here With Me,Brandon Chase,Brandon Chase,,,,,2
Little Birds,Daniel Robinson,Daniel Robinson,,,,,2
Aspirants: Season 1 (Music From the TVF Original Series),Nilotpal Bora,Nilotpal Bora,,,,,2
Emptiness,Zodiac Wave,Zodiac Wave,,,,,2
Boondh,Jal,Jal,,,,,2
Deva Deva,Pritam,Pritam,,,,,2
Nindiya Re,Kaavish,Kaavish,,,,,2
Highway,Zeba,Zeba,,,,,2
MoonChild Era,Diljit Dosanjh,Diljit Dosanjh,,,,,2
Maari (Original Motion Picture Soundtrack),Anirudh Ravichander,Anirudh Ravichander,,,,,2
19: The Musical,August Kamp,August Kamp,,,,,2
Revelación - EP,Selena Gomez,Selena Gomez,,,,,2
Laari Chooti,Faisal,Faisal,,,,,2
Dil,Dream Note,Dream Note,,,,,2
Tere Janey Ke Baad,Dream Note,Dream Note,,,,,2
This is the Day: Music on Royal Occasions,William Walton,William Walton,,,,,2
Losar,Joep Beving,Joep Beving,,,,,2
"Beach: By the Still Waters, Op. 114",Amy Beach,Amy Beach,,,,,2
Debussy Piano Edition,Claude Debussy,Claude Debussy,,,,,2
"Schumann: Carnaval Op. 9, Fantasie Op. 17 & Mondnacht Op. 39 No. 5",Robert Schumann,Robert Schumann,,,,,2
Oswald: Works for Piano,Henrique Oswald,Henrique Oswald,,,,,2
Volodos Plays Brahms,Johannes Brahms,Johannes Brahms,,,,,2
Woh Purana Pyar,Suzonn,Suzonn,,,,,2
Yaadon Ki Baaraat,Asha Bhosle,Asha Bhosle,,,,,2
Kanyadaan,Mohammed Rafi,Mohammed Rafi,,,,,2
Junglee,Mohammed Rafi,Mohammed Rafi,,,,,2
Piano Icons for the 21st Century,Peter Sculthorpe,Peter Sculthorpe,,,,,2
Bach: Goldberg Variations: Variation 1 (Arranged for Harp),Johann Sebastian Bach,Johann Sebastian Bach,,,,,2
Alexandre Tharaud: Baroque,Johann Sebastian Bach,Johann Sebastian Bach,,,,,2
Haan,Mickey Singh,Mickey Singh,,,,,2
Debussy/Poulenc/Franck/Ravel:Music for Cello & Piano,Francis Poulenc,Francis Poulenc,,,,,2
"Philip Glass: Glassworlds, Vol. 4 – On Love",Philip Glass,Philip Glass,,,,,2
Every Second Counts,Plain White T's,Plain White T's,,,,,2
Deewana - Original Motion Picture Soundtrack,Alka Yagnik,Alka Yagnik,,,,,2
Remembering Lata Mangeshkar,Lata Mangeshkar,Lata Mangeshkar,,,,,2
Koyla - Original Motion Picture Soundtrack,Kumar Sanu,Kumar Sanu,,,,,2
Raju Ban Gaya Gentleman - Original Motion Picture Soundtrack,Alka Yagnik,Alka Yagnik,,,,,2
scared of everything,Zeph,Zeph,,,,,2
Darr,Udit Narayan,Udit Narayan,,,,,2
Dilwale Dulhania Le Jayenge,Lata Mangeshkar,Lata Mangeshkar,,,,,2
Duplicate,Udit Narayan,Udit Narayan,,,,,2
Zeher,Dream Note,Dream Note,,,,,2
Katputli Ke Dhaage,Himonshu Parikh,Himonshu Parikh,,,,,2
Khayaal,Abhijeet Srivastava,Abhijeet Srivastava,,,,,2
Siya Hai,Osho Jain,Osho Jain,,,,,2
Anjaana Anjaani,Shekhar Ravjiani,Shekhar Ravjiani,,,,,2
Mohammed Rafi Suron Ka Anar,Mohammed Rafi,Mohammed Rafi,,,,,2
Lambiyan Judaiyan,Imran Raza,Imran Raza,,,,,2
"Kasoor (From ""Dhamaka"")",Prateek Kuhad,Prateek Kuhad,,,,,2
Rakshak,Bloodywood,Bloodywood,,,,,2
Locked Up,Akon,Akon,,,,,2
Throwback Valentine's Jams,Akon,Akon,,,,,2
Confessions,Fotty Seven,Fotty Seven,,,,,2
TM:103 Hustlerz Ambition - Deluxe,Jeezy,Jeezy,,,,,2
Jaane Kaise,Sanam Malik,Sanam Malik,,,,,2
Raaton Main,Anirudh Sharma,Anirudh Sharma,,,,,2
Isa,Caye,Caye,,,,,2
Tera chehra unplugged,Nitin Shukla,Nitin Shukla,,,,,2
Courtside,Tim Atlas,Tim Atlas,,,,,2
Padmaavat,Shivam Pathak,Shivam Pathak,,,,,2
Ek Tha Tiger,Sohail Sen,Sohail Sen,,,,,2
The Modern Western World,Vansire,Vansire,,,,,2
The Art Of Getting By,Laura Zocca,Laura Zocca,,,,,2
I Loved You Then,Woodlock,Woodlock,,,,,2
Talk Dirty To Me,Poison,Poison,,,,,2
My Best Collection,Abhijeet,Abhijeet,,,,,2
Dhadkan - Original Motion Picture Soundtrack,Nusrat Fateh Ali Khan,Nusrat Fateh Ali Khan,,,,,2
Dhadkan - Original Motion Picture Soundtrack,Sonu Nigam,Sonu Nigam,,,,,2
Perayaan Patah Hati - Babak 1,For Revenge,For Revenge,,,,,2
Teri Jhuki Nazar,Kritiman Mishra,Kritiman Mishra,,,,,2
"Tujhse Pyaar Karta Hoon (From ""Freddy"")",Pritam,Pritam,,,,,2
Sham,Kritiman Mishra,Kritiman Mishra,,,,,2
Mehrama,Jay Kava,Jay Kava,,,,,2
Pehla Pyaar,Saaj Bhatt,Saaj Bhatt,,,,,2
Tum Se Hi,Nitin Shukla,Nitin Shukla,,,,,2
Koi fariyaad unplugged,Nitin Shukla,Nitin Shukla,,,,,2
Kaun Tujhe,Yash Tiwari,Yash Tiwari,,,,,2
Mera Mann,Lofiwaala,Lofiwaala,,,,,2
Ishq Risk,Shaurya Jha,Shaurya Jha,,,,,2
Jhoom,Tashif,Tashif,,,,,2
Lofi Chill Mix,Roop Kumar Rathod,Roop Kumar Rathod,,,,,2
Baarish Lete Aana,Imdad Hussain,Imdad Hussain,,,,,2
Do Din,Kritiman Mishra,Kritiman Mishra,,,,,2
Baarish Lete Aana,Aahil World,Aahil World,,,,,2
"The Fump, Vol. 24: November - December 2010",Steve Goodie & Nuclear Bubble Wrap,Steve Goodie & Nuclear Bubble Wrap,,,,,2
Real Steel - Music From The Motion Picture,Bad Meets Evil,Bad Meets Evil,,,,,2
OOPS,King,King,,,,,2
Tu/You - Spotify Singles,Armaan Malik,Armaan Malik,,,,,2
Ektarfa,King,King,,,,,2
"Hum Nashe Mein Toh Nahin (From ""Bhool Bhulaiyaa 2"")",Pritam,Pritam,,,,,2
Gangubai Kathiawadi,Sanjay Leela Bhansali,Sanjay Leela Bhansali,,,,,2
CASE STUDY 01,Daniel Caesar,Daniel Caesar,,,,,2
Salaam Namaste,Vishal-Shekhar,Vishal-Shekhar,,,,,2
Nuvvena,Mohana Bhogaraju,Mohana Bhogaraju,,,,,2
Rewind,Rascal Flatts,Rascal Flatts,,,,,2
All the Little Lights (Deluxe),Passenger,Passenger,,,,,2
Songs for the Drunk and Broken Hearted,Passenger,Passenger,,,,,2
Runaround Sue,Dion,Dion,,,,,2
Dil Nu,Sanjay S Yadav,Sanjay S Yadav,,,,,2
Dangerous Levels of Introspection,JP Saxe,JP Saxe,,,,,2
Things I Chose To Remember,Rhys Lewis,Rhys Lewis,,,,,2
Paradise EP,Chase Atlantic,Chase Atlantic,,,,,2
Jam & Butterfly,DPR LIVE,DPR LIVE,,,,,2
Heaven,Niall Horan,Niall Horan,,,,,2
Bellyache,Billie Eilish,Billie Eilish,,,,,2
Calm Down (with Selena Gomez),Rema,Rema,,,,,2
Anchor Baby,June Freedom,June Freedom,,,,,2
Get Layd,Omah Lay,Omah Lay,,,,,2
Maestro S Studio Sessions,Rekha Bhardwaj,Rekha Bhardwaj,,,,,2
Bairiya,Arijit Singh,Arijit Singh,,,,,2
Indigo (Extended),Chris Brown,Chris Brown,,,,,2
Eyes Closed,Ed Sheeran,Ed Sheeran,,,,,2
Die For You,The Weeknd,The Weeknd,,,,,2
Changes,Charles Bradley,Charles Bradley,,,,,2
The Great Divide,The Shins,The Shins,,,,,2
Australia (Peter Bjorn and John Remix),The Shins,The Shins,,,,,2
Simmba,Rahat Fateh Ali Khan,Rahat Fateh Ali Khan,,,,,2
Stree,Ash King,Ash King,,,,,2
Raabta,Pritam,Pritam,,,,,2
Sultan,Vishal-Shekhar,Vishal-Shekhar,,,,,2
Radhe Shyam,Mithoon,Mithoon,,,,,2
Hate Story Iv,Jubin Nautiyal,Jubin Nautiyal,,,,,2
Raid,Rahat Fateh Ali Khan,Rahat Fateh Ali Khan,,,,,2
Her Yellow Ochre Seeps into My Indigo Blue,Khushi Lovekar,Khushi Lovekar,,,,,2
R...Rajkumar (Original Motion Picture Soundtrack),Arijit Singh,Arijit Singh,,,,,2
Dilbar,Tech Panda,Tech Panda,,,,,2
Shaan,Salman Elahi,Salman Elahi,,,,,2
Turn Back Time,Diplo,Diplo,,,,,2
Turn Back Time,Daniel Schulz,Daniel Schulz,,,,,2
EPs 2014 - 2016,Charlie Cunningham,Charlie Cunningham,,,,,2
Partilhar,Rubel,Rubel,,,,,2
Kya Ho Gaya,Akshath,Akshath,,,,,2
SEVENTEEN 9th Mini Album 'Attacca',SEVENTEEN,SEVENTEEN,,,,,2
Ek Main Aur Ekk Tu,Benny Dayal,Benny Dayal,,,,,2
Ek Main Aur Ekk Tu,Amit Trivedi,Amit Trivedi,,,,,2
Nica Music Evolution,El Rey del Monte,El Rey del Monte,,,,,2
Vishwa Vinayaka,Shankar Mahadevan,Shankar Mahadevan,,,,,2
La grande Nue,Felix Tanguy,Felix Tanguy,,,,,2
Springtime Improvisations,Leila Milki,Leila Milki,,,,,2
Fake ID (Coke & Rum Remix),Riton,Riton,,,,,2
Escapism.,RAYE,RAYE,,,,,2
Humraaz,KK,KK,,,,,2
Bluff Master,Aneela Mirza,Aneela Mirza,,,,,2
Bluff Master,Robert Uhlmarash,Robert Uhlmarash,,,,,2
YRF Top 10 - Falling in Love,Atif Aslam,Atif Aslam,,,,,2
Chanel,Frank Ocean,Frank Ocean,,,,,2
Swim Good,Frank Ocean,Frank Ocean,,,,,2
Moon River,Frank Ocean,Frank Ocean,,,,,2
Biking,Frank Ocean,Frank Ocean,,,,,2
Kill Bill (feat. Doja Cat),SZA,SZA,,,,,2
HOPE,NF,NF,,,,,2
Loving is Easy,Rex Orange County,Rex Orange County,,,,,2
Bcos U Will Never B Free,Rex Orange County,Rex Orange County,,,,,2
"Proudly Present... A Guide to Love, Loss & Desperation",The Wombats,The Wombats,,,,,2
TEAM BABY,The Black Skirts,The Black Skirts,,,,,2
CLAPCLAPCLAP!,IV Of Spades,IV Of Spades,,,,,2
Holiday,KSI,KSI,,,,,2
Small Town Boy,Duncan Laurence,Duncan Laurence,,,,,2
missunderstood,Queen Naija,Queen Naija,,,,,2
T R A P S O U L,Bryson Tiller,Bryson Tiller,,,,,2
METRO BOOMIN PRESENTS SPIDER-MAN: ACROSS THE SPIDER-VERSE,Don Toliver,Don Toliver,,,,,2
Be The One (with Khalid),Bree Runway,Bree Runway,,,,,2
Satellite,Khalid,Khalid,,,,,2
"Pyaar Hota Kayi Baar Hai (From ""Tu Jhoothi Main Makkaar"")",Pritam,Pritam,,,,,2
Kya Loge Tum,B Praak,B Praak,,,,,2
Zihaal e Miskin,Javed-Mohsin,Javed-Mohsin,,,,,2
Vaastav: The Reality,Ravindra Sathe,Ravindra Sathe,,,,,2
Achyutam Keshavam,Shreya Ghoshal,Shreya Ghoshal,,,,,2
Delhi-6,Blaaze,Blaaze,,,,,2
Happy New Year,Kanika Kapoor,Kanika Kapoor,,,,,2
Aarzoo,Iqlipse Nova,Iqlipse Nova,,,,,2
Before We Begin,Eric Nam,Eric Nam,,,,,2
Body Paint,Arctic Monkeys,Arctic Monkeys,,,,,2
I Ain't Quite Where I Think I Am,Arctic Monkeys,Arctic Monkeys,,,,,2
Winter 2023,d4vd,d4vd,,,,,2
Love Forever With Arijit Singh,Alka Yagnik,Alka Yagnik,,,,,2
"Tumhe Kitna Pyaar Karte (From ""Bawaal"")",Mithoon,Mithoon,,,,,2
я люблю тебя давно,Rauf & Faik,Rauf & Faik,,,,,2
Mukkabaaz (Original Motion Picture Soundtrack),DIVINE,DIVINE,,,,,2
Sleepless,AP Dhillon,AP Dhillon,,,,,2
Fearless Pt. II,Lost Sky,Lost Sky,,,,,2
Best Of Kailash Kher,Kailash Kher,Kailash Kher,,,,,2
I Saw Mommy Kissing Santa Claus,Teresa Brewer,Teresa Brewer,,,,,2
Bajirao Mastani (Original Motion Picture Soundtrack),Sukhwinder Singh,Sukhwinder Singh,,,,,2
Ganesha Symphonic Chants Experience,Ajay-Atul,Ajay-Atul,,,,,2
So This Is Love,The Castells,The Castells,,,,,2
Hits Of The 50's,Sam Cooke,Sam Cooke,,,,,2
Yours,Raiden,Raiden,,,,,2
Silence Between Songs,Madison Beer,Madison Beer,,,,,2
Tourist History,Two Door Cinema Club,Two Door Cinema Club,,,,,2
Ganapati Utsav Aarti Sangrah,Anjali Gaikwad,Anjali Gaikwad,,,,,2
Ve Kamleya - Asees Version,Asees Kaur,Asees Kaur,,,,,2
sayyāh,Lucky Ali,Lucky Ali,,,,,2
Valentine Day Special - Top Romantic Hits,Anand Raj Anand,Anand Raj Anand,,,,,2
Too Rye Ay,Dexys Midnight Runners,Dexys Midnight Runners,,,,,2
4 Saal,Bayaan,Bayaan,,,,,2
Kaise Ab Kahein,Gaurav Chatterji,Gaurav Chatterji,,,,,2
Geno: 1980 Rock,The Jim Carroll Band,The Jim Carroll Band,,,,,2
Top Gun: Maverick,Harold Faltermeyer,Harold Faltermeyer,,,,,2
Because Of You,Ne-Yo,Ne-Yo,,,,,2
Broadcast,Cutting Crew,Cutting Crew,,,,,2
ARTPOP,Lady Gaga,Lady Gaga,,,,,2
Entrapreneur,Central Cee,Central Cee,,,,,2
The End,Tom Odell,Tom Odell,,,,,2
ANIMAL,Arijit Singh,Arijit Singh,,,,,2
ANIMAL,Sonu Nigam,Sonu Nigam,,,,,2
Harmony House,Dayglow,Dayglow,,,,,2
Dial Drunk (with Post Malone),Noah Kahan,Noah Kahan,,,,,2
Landmark,Hippo Campus,Hippo Campus,,,,,2
THE ANXIETY,THE ANXIETY,THE ANXIETY,,,,,2
Watercolour,Sanjeeta Bhattacharya,Sanjeeta Bhattacharya,,,,,2
Troubles of the Brain - EP,The Veils,The Veils,,,,,2
Leaves in the River,Sea Wolf,Sea Wolf,,,,,2
Torches,Foster The People,Foster The People,,,,,2
Black Pistol Fire,Black Pistol Fire,Black Pistol Fire,,,,,2
Off With Their Heads,Kaiser Chiefs,Kaiser Chiefs,,,,,2
Devil in the Detail,Splitter,Splitter,,,,,2
Oh the Larceny,Oh The Larceny,Oh The Larceny,,,,,2
True - The Digital E.P.,Spandau Ballet,Spandau Ballet,,,,,2
Tu Hoti Toh - Single,Bharat Chauhan,Bharat Chauhan,,,,,2
Save My Soul (Main Title Theme The Men Who Built America),Blues Saraceno,Blues Saraceno,,,,,2
The Looking Away,Animal Kingdom,Animal Kingdom,,,,,2
Eternally Even,Jim James,Jim James,,,,,2
Hard Believer,Fink,Fink,,,,,2
"For A Moment, I Was Lost",Amber Run,Amber Run,,,,,2
Mora Saiyyan,Amit Thapliyal,Amit Thapliyal,,,,,2
Blow By Blow,Jeff Beck,Jeff Beck,,,,,2
Ballroom Stories,Waldeck,Waldeck,,,,,2
Angel,Jimi Hendrix,Jimi Hendrix,,,,,2
how i remember,Sarah Kang,Sarah Kang,,,,,2
Aa Mil,Zaeden,Zaeden,,,,,2
Chehre,AUR,AUR,,,,,2
Tu Chodiyon Na,Ronit Vinta,Ronit Vinta,,,,,2
Sensational Duets,Abhijeet,Abhijeet,,,,,2
Billu,Pritam,Pritam,,,,,2
Friday,The Chainsmokers,The Chainsmokers,,,,,2
Good Things,Bea and her Business,Bea and her Business,,,,,2
aphrodite,Ashley Sienna,Ashley Sienna,,,,,2
Neverender,Justice,Justice,,,,,2
I Had Some Help,Post Malone,Post Malone,,,,,2
Harkalay,Zahoor,Zahoor,,,,,2
Eyes Closed (feat. J Balvin),Imagine Dragons,Imagine Dragons,,,,,2
Please Please Please,Sabrina Carpenter,Sabrina Carpenter,,,,,2
Baby Blue Movie,Cigarettes After Sex,Cigarettes After Sex,,,,,2
Chanel No.5,Camila Cabello,Camila Cabello,,,,,2
Spring EP,Wallows,Wallows,,,,,2
Dance Party,Martha Reeves & The Vandellas,Martha Reeves & The Vandellas,,,,,2
Intermission,Blur,Blur,,,,,2
Moontan,Golden Earring,Golden Earring,,,,,2
Belong Together,Mark Ambor,Mark Ambor,,,,,2
Ghost In The Machine - Remastered 2003,The Police,The Police,,,,,2
Dead Man,Alessia Cara,Alessia Cara,,,,,2
Up All Night,James Bay,James Bay,,,,,2
"it's summer '13, you're on a roadtrip vibing and life's good",Martin Arteta,Martin Arteta,,,,,2
No Face,Drake,Drake,,,,,2
Waiting For You,Nina Caroline,Nina Caroline,,,,,2
Stars Will Align,Kygo,Kygo,,,,,2
Freddie's Inferno,Freddie Dredd,Freddie Dredd,,,,,2
Big Dawgs,Hanumankind,Hanumankind,,,,,2
A-frame,Jeremy Zucker,Jeremy Zucker,,,,,2
Bhai Vyakti Ki Valli Uttarardha,Mahesh Kale,Mahesh Kale,,,,,2
Dreamers [Music from the FIFA World Cup Qatar 2022 Official Soundtrack],Jung Kook,Jung Kook,,,,,2
"Ever-Shifting, Continual Blossoming",Chance Peña,Chance Peña,,,,,2
Memory Lane,Old Dominion,Old Dominion,,,,,2
This One's for You Too (Deluxe Edition),Luke Combs,Luke Combs,,,,,2
Touch,KATSEYE,KATSEYE,,,,,2
APT.,ROSÉ,ROSÉ,,,,,2
Whirlwind,Lainey Wilson,Lainey Wilson,,,,,2
"Baarishein, Chai Aur Rafi",Mohammed Rafi,Mohammed Rafi,,,,,2
Redu,Ajay Gogavale,Ajay Gogavale,,,,,2
"Goryaa Goryaa (From ""Tujhya Majhya Sansaarala Ani Kaay Hava"")",Ajay-Atul,Ajay-Atul,,,,,2
Kehne Lagaa,Rushil Aswal,Rushil Aswal,,,,,2
Fable,Gigi Perez,Gigi Perez,,,,,2
Lapsus,Elvis Drew,Elvis Drew,,,,,2
Heart of Gold,Shawn Mendes,Shawn Mendes,,,,,2
Come Play (from the series Arcane League of Legends),Stray Kids,Stray Kids,,,,,2
Wake up Alone,Derik Fein,Derik Fein,,,,,2
Sun,Derik Fein,Derik Fein,,,,,2
Christmas EveL,Stray Kids,Stray Kids,,,,,2
Raintalk,Aditya Bhardwaj,Aditya Bhardwaj,,,,,2
Good Looking,Suki Waterhouse,Suki Waterhouse,,,,,2
Silk Purse,Linda Ronstadt,Linda Ronstadt,,,,,2
her,JVKE,JVKE,,,,,2
Long time no see,Taimour Baig,Taimour Baig,,,,,2
Sapna,Bayaan,Bayaan,,,,,2
Ishq,Faheem Abdullah,Faheem Abdullah,,,,,2
i like the way you kiss me,Artemas,Artemas,,,,,2
Cherryy Cake,Shubhangii Kedar,Shubhangii Kedar,,,,,2
Poshter Girl,Amitraj,Amitraj,,,,,2
Gulacha Ganpati,Bhimsen Joshi,Bhimsen Joshi,,,,,2
Bhai Vyakti Ki Valli Purvardha,Rahul Deshpande,Rahul Deshpande,,,,,2
Kanyadan,Hridaynath Mangeshkar,Hridaynath Mangeshkar,,,,,2
Mumbai Pune Mumbai 3,Hrishikesh Ranade,Hrishikesh Ranade,,,,,2
"Door Rahile Gaav (From ""Satrangi Re"")",Ajay Naik,Ajay Naik,,,,,2
Humsafar,AUR,AUR,,,,,2
Stay,King,King,,,,,2
Genius,Arijit Singh,Arijit Singh,,,,,2
Stree 2,Sachin-Jigar,Sachin-Jigar,,,,,2
"Tu Hain Toh Main Hoon (From ""Sky Force"")",Tanishk Bagchi,Tanishk Bagchi,,,,,2
"Kasturi (From ""Amar Prem Ki Prem Kahani"")",Arijit Singh,Arijit Singh,,,,,2
Grand Mal,Ezra Furman,Ezra Furman,,,,,2
Scared Of Loving You,Selena Gomez,Selena Gomez,,,,,2
The Door Is Still Open to My Heart,Dean Martin,Dean Martin,,,,,2
CHROMAKOPIA,"Tyler, The Creator","Tyler, The Creator",,,,,2
Pilgrim's Paradise,Daniel Caesar,Daniel Caesar,,,,,2
Hollywood Gala,James Newton Howard,James Newton Howard,,,,,2
Case Study 01,Daniel Caesar,Daniel Caesar,,,,,2
Transangelic Exodus,Ezra Furman,Ezra Furman,,,,,2
Bublé! (Original Soundtrack from his NBC TV Special),Michael Bublé,Michael Bublé,,,,,2
Puraani Bimaari,Janisht Joshi,Janisht Joshi,,,,,2
Lost,Blake Rose,Blake Rose,,,,,2
Take Me to the River (I Will Swim),Alex Yurkiv,Alex Yurkiv,,,,,2
Dreams & Calmness,X.L.T,X.L.T,,,,,2
Every Night White Noise,The Noisy Outdoors,The Noisy Outdoors,,,,,2
Calm Sleep (Noise),NatuREM,NatuREM,,,,,2
Rumori Di Notte,Natural Sample Makers,Natural Sample Makers,,,,,2
Tranquility,Somnolence,Somnolence,,,,,2
Sonorous Dream,Aileron,Aileron,,,,,2
Lean Noise,Hovar,Hovar,,,,,2
Tranquil White Noise,Panoramia,Panoramia,,,,,2
White Noise Oasis,Cumulus Clouds,Cumulus Clouds,,,,,2
The Deep White Noise,Universal Waves,Universal Waves,,,,,2
Noise For Relaxation,Ambi Val,Ambi Val,,,,,2
Endless Noise,All Night Chill Makers,All Night Chill Makers,,,,,2
Gentle White Noise,Natura Ferox,Natura Ferox,,,,,2
Ruido Blanco,Ardeon,Ardeon,,,,,2
White Icicles,Holuka,Holuka,,,,,2
Dope Sick,Love Spells,Love Spells,,,,,2
"Jaanam (From ""Bad Newz"")",Vishal Mishra,Vishal Mishra,,,,,2
Blood Money (Original Motion Picture Soundtrack),Jeet Gannguli,Jeet Gannguli,,,,,2
blue,yung kai,yung kai,,,,,2
Alter Ego,LISA,LISA,,,,,2
Please Find Attached - Season 2 (A Dice Original Series),Harshvardhan Singh,Harshvardhan Singh,,,,,2
Heer Ranjha,Bhuvan Bam,Bhuvan Bam,,,,,2
Top Down,Shareh,Shareh,,,,,2
WE PRAY,Coldplay,Coldplay,,,,,2
Mr. And Mrs. Mahi,Mohammad Faiz,Mohammad Faiz,,,,,2
Zaroor,Aparshakti Khurana,Aparshakti Khurana,,,,,2
Marigold Soundsystem (Deluxe),Lost Stories,Lost Stories,,,,,2
Fandry,Ajay Gogavle,Ajay Gogavle,,,,,2
Valentine's Day - Marathi 2022,Shreya Ghoshal,Shreya Ghoshal,,,,,2
Dagdi Chawl,Harshavardhan Wavare,Harshavardhan Wavare,,,,,2
Me Vasantrao,Shreya Ghoshal,Shreya Ghoshal,,,,,2
Me Vasantrao,Anjali Gaikwad,Anjali Gaikwad,,,,,2
someday i'll get it,Alek Olsen,Alek Olsen,,,,,2
Koi Naa,Tanishk Bagchi,Tanishk Bagchi,,,,,2
Let's Skip to the Wedding,Eyedress,Eyedress,,,,,2
What Would I Do?,Strawberry Guy,Strawberry Guy,,,,,2
MONOPOLY MOVES,King,King,,,,,2
In My Mind,Lyn Lapid,Lyn Lapid,,,,,2
7,Lil Nas X,Lil Nas X,,,,,2
Crying On The Dancefloor,Krewella,Krewella,,,,,2
Hey Sharade,Rahul Deshpande,Rahul Deshpande,,,,,2
Vitthala Shappath,Rahul Deshpande,Rahul Deshpande,,,,,2
Maai Bappa Vithala,Ajay Gogavale,Ajay Gogavale,,,,,2
Hero,Salman Khan,Salman Khan,,,,,2
"Tera Hua (From ""Loveyatri"")",Atif Aslam,Atif Aslam,,,,,2
Singham,Shreya Ghoshal,Shreya Ghoshal,,,,,2
Half Girlfriend,Mithoon,Mithoon,,,,,2
Kannadi Koodum Kootti,Sanah Moidutty,Sanah Moidutty,,,,,2
Affirmation,Savage Garden,Savage Garden,,,,,2
"Qayde Se (From ""Metro ... In Dino"")",Pritam,Pritam,,,,,2
Manchild,Sabrina Carpenter,Sabrina Carpenter,,,,,2
Amar Singh Chamkila - Live Recorded,Diljit Dosanjh,Diljit Dosanjh,,,,,2
YEDA YUNG,YUNG DSA,YUNG DSA,,,,,2
"Laal Pari (From ""Housefull 5"")",Yo Yo Honey Singh,Yo Yo Honey Singh,,,,,2
Glory,Yo Yo Honey Singh,Yo Yo Honey Singh,,,,,2
Get Ready To Fight,Benny Dayal,Benny Dayal,,,,,2
BADSHAH's HITLIST,Badshah,Badshah,,,,,2
"Tumhare Hi Rahenge Hum (From ""Stree 2"")",Sachin-Jigar,Sachin-Jigar,,,,,2
"Tera Mera Hai Pyar (From ""Ishq Murshid"")",Ahmed Jahanzeb,Ahmed Jahanzeb,,,,,2
Dhadak 2,Rochak Kohli,Rochak Kohli,,,,,2
Dhadak 2,Vishal Mishra,Vishal Mishra,,,,,2
Belupacito,Beluga,Beluga,,,,,2
At Peace,Karan Aujla,Karan Aujla,,,,,2
one sided luv,Jevin Gill,Jevin Gill,,,,,2
Bella Ciao,Manu Pilas,Manu Pilas,,,,,2
Shayad Koi Na Sune,King,King,,,,,2
Dharmatma,Mukesh,Mukesh,,,,,2
First of a Kind (From the Amazon Original Series),AP Dhillon,AP Dhillon,,,,,2
P-POP CULTURE,Karan Aujla,Karan Aujla,,,,,2
Gabriela,KATSEYE,KATSEYE,,,,,2
Udd Chala,Taba Chake,Taba Chake,,,,,2
If You Wait,London Grammar,London Grammar,,,,,2
Jazbaat,Pineapple Express,Pineapple Express,,,,,2
Self Help Radio,The Western Ghats,The Western Ghats,,,,,2
Freelance,Toro y Moi,Toro y Moi,,,,,1
Won't Be Blue Anymore,Dan Seals,Dan Seals,,,,,1
Change My Life,Levi Hummon,Levi Hummon,,,,,1
Probably Wrong,Parker McCollum,Parker McCollum,,,,,1
On My Way to You,Cody Johnson,Cody Johnson,,,,,1
Wonder Woman,Waterloo Revival,Waterloo Revival,,,,,1
Adam Sanders,Adam Sanders,Adam Sanders,,,,,1
Heart Like A Wheel,Eric Church,Eric Church,,,,,1
Vaquero,Aaron Watson,Aaron Watson,,,,,1
See You Try,Craig Campbell,Craig Campbell,,,,,1
Free Animal,Foreign Air,Foreign Air,,,,,1
Turning The Screw,Generationals,Generationals,,,,,1
Sensations,Elohim,Elohim,,,,,1
The Very Best Of The Staple Singers,The Staple Singers,The Staple Singers,,,,,1
Life Beyond L.A.,Ambrosia,Ambrosia,,,,,1
Can't Buy A Thrill,Steely Dan,Steely Dan,,,,,1
Perfect Duet (Ed Sheeran & Beyoncé),Ed Sheeran,Ed Sheeran,,,,,1
Light of Mine,KYLE,KYLE,,,,,1
Freaky Friday (feat. Chris Brown),Lil Dicky,Lil Dicky,,,,,1
War & Leisure,Miguel,Miguel,,,,,1
Feels Great (feat. Fetty Wap & CVBZ),Cheat Codes,Cheat Codes,,,,,1
Man Down (feat. AlunaGeorge),Shakka,Shakka,,,,,1
Winnebago (feat. Quinn XCII & Daniel Wilson),Gryffin,Gryffin,,,,,1
Spotify Singles,Paloma Faith,Paloma Faith,,,,,1
Spotify Singles,Janelle Monáe,Janelle Monáe,,,,,1
Spotify Singles,James Barker Band,James Barker Band,,,,,1
Spotify Singles,shame,shame,,,,,1
Staying at Tamara's,George Ezra,George Ezra,,,,,1
Best Days (Acoustic),Lissie,Lissie,,,,,1
Both Ways,Donovan Woods,Donovan Woods,,,,,1
Headlong,John Smith,John Smith,,,,,1
Love on the Weekend,John Mayer,John Mayer,,,,,1
Spotify Singles,Lord Huron,Lord Huron,,,,,1
Calma,Pedro Capó,Pedro Capó,,,,,1
What Dreams Are Made Of,Reggie Ann,Reggie Ann,,,,,1
The Heart,Donavon Frankenreiter,Donavon Frankenreiter,,,,,1
Creep,Kina Grannis,Kina Grannis,,,,,1
I Don't Need You,Acid Ghost,Acid Ghost,,,,,1
Coke Studio Season 9: Sound of the Nation,Quratulain Balouch,Quratulain Balouch,,,,,1
Coke Studio Season 9: Sound of the Nation,Zeb Bangash,Zeb Bangash,,,,,1
Coke Studio Season 9: Sound of the Nation,Mehwish Hayat,Mehwish Hayat,,,,,1
Coke Studio @ MTV Season 3: Episode 5,Papon,Papon,,,,,1
Night Thinker - EP,Amy Shark,Amy Shark,,,,,1
Getting There (Music From The Mary-Kate & Ashley Olsen Movie),Joey Ramone,Joey Ramone,,,,,1
All Things Bright And Beautiful,Owl City,Owl City,,,,,1
Party For One,Carly Rae Jepsen,Carly Rae Jepsen,,,,,1
Wannabe,why mona,why mona,,,,,1
Valentine,Kina Grannis,Kina Grannis,,,,,1
Mega 50 - Die 80er Jahre,Talk Talk,Talk Talk,,,,,1
Pure Cult,The Cult,The Cult,,,,,1
The Tides,Lydia Luce,Lydia Luce,,,,,1
Live At Pompeii,David Gilmour,David Gilmour,,,,,1
"Hotel California (Live at The Los Angeles Forum, 10/20-22/76)",Eagles,Eagles,,,,,1
Lo Mejor del Rock de Los 70 Vol. 25,Lo Mejor del Rock de Los 70,Lo Mejor del Rock de Los 70,,,,,1
The Marshall Tucker Band,The Marshall Tucker Band,The Marshall Tucker Band,,,,,1
Ultimate Hits: Rock And Roll Never Forgets,Bob Seger,Bob Seger,,,,,1
Wandering,Yosi Horikawa,Yosi Horikawa,,,,,1
the book about my idle plot on a vague anxiety,toe,toe,,,,,1
Third Round,Manu Katché,Manu Katché,,,,,1
Rap Or Go To The League,2 Chainz,2 Chainz,,,,,1
Almost (Sweet Music),Hozier,Hozier,,,,,1
The Essential Billy Joel,Billy Joel,Billy Joel,,,,,1
Alive in America,Supertramp,Supertramp,,,,,1
Smash Hits 2012!,Ed Sheeran,Ed Sheeran,,,,,1
R-Kive,Phil Collins,Phil Collins,,,,,1
Recoup,Toots & The Maytals,Toots & The Maytals,,,,,1
Songs Of Freedom,The Wailers,The Wailers,,,,,1
Physics EP,Jordan Mackampa,Jordan Mackampa,,,,,1
No Sleep (feat. Bonn),Martin Garrix,Martin Garrix,,,,,1
"Money Sucks, Friends Rule",Dillon Francis,Dillon Francis,,,,,1
Five Hours,Deorro,Deorro,,,,,1
Perdoname (feat. DyCy & Adrian Delgado),Deorro,Deorro,,,,,1
Freak,Steve Aoki,Steve Aoki,,,,,1
I Will Never Let You Down,Rita Ora,Rita Ora,,,,,1
Body on Me (feat. Chris Brown),Rita Ora,Rita Ora,,,,,1
A Town Called Paradise,Tiësto,Tiësto,,,,,1
The Seventies Collection,Rod Stewart,Rod Stewart,,,,,1
O' Be Joyful,Shovels & Rope,Shovels & Rope,,,,,1
Louisiana Blues: Early '50s and '60s R & B,Slim & His Heartbreakers,Slim & His Heartbreakers,,,,,1
Tom Rush,Tom Rush,Tom Rush,,,,,1
The Best Of The Guess Who,The Guess Who,The Guess Who,,,,,1
After Bathing At Baxters,Jefferson Airplane,Jefferson Airplane,,,,,1
Elephant Mountain,The Youngbloods,The Youngbloods,,,,,1
24 (Tamil) (Original Motion Picture Soundtrack),Arijit Singh,Arijit Singh,,,,,1
Angry Indian Goddesses,Raman Negi,Raman Negi,,,,,1
Mersal (Original Motion Picture Soundtrack),A.R. Rahman,A.R. Rahman,,,,,1
Bhoomi Bhoomi,A.R. Rahman,A.R. Rahman,,,,,1
Frolic Neha Kakkar,Tony Kakkar,Tony Kakkar,,,,,1
High Rated Gabru - Guru Randhawa,Guru Randhawa,Guru Randhawa,,,,,1
Machine,Udit Narayan,Udit Narayan,,,,,1
Buzz (feat. Badshah),Aastha Gill,Aastha Gill,,,,,1
Kedarnath,Dev Negi,Dev Negi,,,,,1
Kedarnath,Asees Kaur,Asees Kaur,,,,,1
Phantom Pop,Wild Party,Wild Party,,,,,1
Empty Space,James Arthur,James Arthur,,,,,1
Say We'll Make It,Vacation Manor,Vacation Manor,,,,,1
Azadi,Junoon,Junoon,,,,,1
Ab Ke Sawan,Shubha Mudgal,Shubha Mudgal,,,,,1
Bollywood Classics - Kumar Sanu (The Original Soundtrack),Kumar Sanu,Kumar Sanu,,,,,1
Main Teri Hoon,Dhvani Bhanushali,Dhvani Bhanushali,,,,,1
Bhula Diya,Darshan Raval,Darshan Raval,,,,,1
Kuch Kuch,Tony Kakkar,Tony Kakkar,,,,,1
Inaudible,mommy,mommy,,,,,1
Lazy Lad,freshgoodies,freshgoodies,,,,,1
Vibes 2,The Deli,The Deli,,,,,1
Summer Breeze,Kupla,Kupla,,,,,1
FUTURES Vol. 4,Nion,Nion,,,,,1
different.EP,asbeluxt,asbeluxt,,,,,1
Lavender,Casiio,Casiio,,,,,1
Yerba,Sleepdealer,Sleepdealer,,,,,1
Vibes 3,The Deli,The Deli,,,,,1
Marbles,7apes,7apes,,,,,1
Energy,Kaizen 92,Kaizen 92,,,,,1
Oppa Green,Priesemut,Priesemut,,,,,1
[oops],potsu,potsu,,,,,1
low light,Bonnaz,Bonnaz,,,,,1
ELASTIC CONSTANT.,Afluen,Afluen,,,,,1
Hazel,Tyler Showers,Tyler Showers,,,,,1
Insert Tape Two,Chopef,Chopef,,,,,1
Now That I Found You / No Drug Like Me,Carly Rae Jepsen,Carly Rae Jepsen,,,,,1
Darker Than The Light That Never Bleeds,Linkin Park,Linkin Park,,,,,1
Marshmallow Yams Revised,Spazticity,Spazticity,,,,,1
001,Chill Children,Chill Children,,,,,1
Leaves,Snaer.,Snaer.,,,,,1
lovesick,potsu,potsu,,,,,1
osho,Nohidea,Nohidea,,,,,1
Par Chanaa De (Coke Studio Season 9),Shilpa Rao,Shilpa Rao,,,,,1
Coke Studio Season 8,Quratulain Balouch,Quratulain Balouch,,,,,1
Tajdar-E-Haram Coke Studio Season 8,Atif Aslam,Atif Aslam,,,,,1
Send My Love (To Your New Lover),Adele,Adele,,,,,1
By Myself,Christian French,Christian French,,,,,1
Jason Isbell and the 400 Unit (Deluxe),Jason Isbell and the 400 Unit,Jason Isbell and the 400 Unit,,,,,1
Undercurrent,Sarah Jarosz,Sarah Jarosz,,,,,1
I'll Be Here When the Moon Is Tired,Corey Kilgannon,Corey Kilgannon,,,,,1
Flicker a Light,Canyon City,Canyon City,,,,,1
Caamp,Caamp,Caamp,,,,,1
Thief,Ansel Elgort,Ansel Elgort,,,,,1
Bright Lights,Ellie Goulding,Ellie Goulding,,,,,1
Young Blood,Bea Miller,Bea Miller,,,,,1
Live At The Troubadour,Sarah Jarosz,Sarah Jarosz,,,,,1
"Sit Still, Look Pretty",Daya,Daya,,,,,1
Party's Over,Astrid S,Astrid S,,,,,1
single.,Loote,Loote,,,,,1
As Seen On TV,Alex & Sierra,Alex & Sierra,,,,,1
Good Cry,Noah Cyrus,Noah Cyrus,,,,,1
Don't Dream It's Over (Glee Cast Version),Glee Cast,Glee Cast,,,,,1
Wild Hope,Mandy Moore,Mandy Moore,,,,,1
Eyes Wide Open,Sabrina Carpenter,Sabrina Carpenter,,,,,1
The Colour Of My Love,Céline Dion,Céline Dion,,,,,1
Waste It On Me,Steve Aoki,Steve Aoki,,,,,1
MIC Drop (feat. Desiigner) [Steve Aoki Remix],BTS,BTS,,,,,1
There for You,Martin Garrix,Martin Garrix,,,,,1
Your BGM Vol.1,Eric Nam,Eric Nam,,,,,1
Songs In The Key Of Life,Stevie Wonder,Stevie Wonder,,,,,1
George Harrison,George Harrison,George Harrison,,,,,1
JT,James Taylor,James Taylor,,,,,1
Hell Freezes Over,Eagles,Eagles,,,,,1
Dancing in the Moonlight,King Harvest,King Harvest,,,,,1
"Poems, Prayers and Promises",John Denver,John Denver,,,,,1
The Essential Daryl Hall & John Oates,Daryl Hall & John Oates,Daryl Hall & John Oates,,,,,1
Ben,Michael Jackson,Michael Jackson,,,,,1
'70s Pop #1's,Player,Player,,,,,1
100 70s,The Real Thing,The Real Thing,,,,,1
Diamonds,Elton John,Elton John,,,,,1
Bellamy Brothers,The Bellamy Brothers,The Bellamy Brothers,,,,,1
Goodbye Yellow Brick Road,Elton John,Elton John,,,,,1
ABBA Gold,ABBA,ABBA,,,,,1
Talking Book,Stevie Wonder,Stevie Wonder,,,,,1
Crystal Gayle: The Hits,Crystal Gayle,Crystal Gayle,,,,,1
Combat Rock (Remastered),The Clash,The Clash,,,,,1
Pillow Lips,Modern English,Modern English,,,,,1
Frozen,Robin Kester,Robin Kester,,,,,1
Pinkfong Animal Songs,Pinkfong,Pinkfong,,,,,1
jiminxjamie,JAMIE,JAMIE,,,,,1
The Rush,Kings Kaleidoscope,Kings Kaleidoscope,,,,,1
"Moonlovers: Scarlet Heart Ryeo (Original Television Soundtrack), Pt 10",LeeHi,LeeHi,,,,,1
1¹¹=1 (POWER OF DESTINY),Wanna One,Wanna One,,,,,1
Wish & Wind,HEIZE,HEIZE,,,,,1
Content,Joywave,Joywave,,,,,1
"WHO, YOU",NU'EST W,NU'EST W,,,,,1
I Wanna Know,NOTD,NOTD,,,,,1
Real Friends,Camila Cabello,Camila Cabello,,,,,1
Low,Greyson Chance,Greyson Chance,,,,,1
Novella,IVAN VALEEV,IVAN VALEEV,,,,,1
Deceptive Bends,10cc,10cc,,,,,1
You Can't Argue With A Sick Mind,Joe Walsh,Joe Walsh,,,,,1
Building The Perfect Beast,Don Henley,Don Henley,,,,,1
So,Peter Gabriel,Peter Gabriel,,,,,1
Weak,Halloran & Kate,Halloran & Kate,,,,,1
It Aint me,Sara Farell,Sara Farell,,,,,1
Atlas: One,Sleeping At Last,Sleeping At Last,,,,,1
Ella Mai,Ella Mai,Ella Mai,,,,,1
"HIStory - PAST, PRESENT AND FUTURE - BOOK I",Michael Jackson,Michael Jackson,,,,,1
Ghar More Pardesiya (Kalank),Shreya Ghoshal,Shreya Ghoshal,,,,,1
20th Century Masters: The Best Of Joe Cocker,Joe Cocker,Joe Cocker,,,,,1
Man On The Moon II: The Legend Of Mr. Rager,Kid Cudi,Kid Cudi,,,,,1
My Beautiful Dark Twisted Fantasy,Kanye West,Kanye West,,,,,1
NAV,NAV,NAV,,,,,1
The Crimson Wing: Mystery of the Flamingos,The Cinematic Orchestra,The Cinematic Orchestra,,,,,1
Back On The Streets,Gary Moore,Gary Moore,,,,,1
Final Straw,Snow Patrol,Snow Patrol,,,,,1
Songs from the Arc of Life,Charles Gounod,Charles Gounod,,,,,1
"Halo 2, Vol. 1 (Original Soundtrack)",Martin O'Donnell,Martin O'Donnell,,,,,1
Halo: Combat Evolved (Original Soundtrack),Martin O'Donnell,Martin O'Donnell,,,,,1
Halo 3 (Original Soundtrack),Martin O'Donnell,Martin O'Donnell,,,,,1
Carry,Joy Oladokun,Joy Oladokun,,,,,1
Riverside,James Spaite,James Spaite,,,,,1
Permanent Address,Saint Claire,Saint Claire,,,,,1
50 Retro Songs To Hear While You're Still Alive,Aztec Camera,Aztec Camera,,,,,1
All-Time Greatest Hits,Barry White,Barry White,,,,,1
Round Nina,Lianne La Havas,Lianne La Havas,,,,,1
Never Too Much,Luther Vandross,Luther Vandross,,,,,1
Don't Fence Me In,Labrinth,Labrinth,,,,,1
Youthful Hearts,Axel Flóvent,Axel Flóvent,,,,,1
Stringsnoise,Samuel Proffitt,Samuel Proffitt,,,,,1
This Is All Yours,alt-J,alt-J,,,,,1
Find A Home Out There (Radio Edit),Alberta Cross,Alberta Cross,,,,,1
"Live from Nowhere Near You, Vol. II",Blind Pilot,Blind Pilot,,,,,1
passage,linanthem,linanthem,,,,,1
Cloudy,Guru Griff,Guru Griff,,,,,1
Easy Feet,Smartface,Smartface,,,,,1
Strive,Ollie Morris,Ollie Morris,,,,,1
blue moon,Delayde,Delayde,,,,,1
Snapshots,Oatmello,Oatmello,,,,,1
I Care About You,DLJ,DLJ,,,,,1
Loveless Shadows,City Girl,City Girl,,,,,1
lovely currents,mommy,mommy,,,,,1
Seymour,Drevm,Drevm,,,,,1
Now That's What I Call Music 2012-13,Bruno Mars,Bruno Mars,,,,,1
Now That's What I Call Music! 2017,DNCE,DNCE,,,,,1
Am I the Only One,Jacquie,Jacquie,,,,,1
July 2017 Covers,Landon Austin,Landon Austin,,,,,1
Tea Party,Melvin Alex,Melvin Alex,,,,,1
Last Summer,Barnes Blvd.,Barnes Blvd.,,,,,1
singing in my room,s. lyre,s. lyre,,,,,1
Come As You Are,Imaginary Future,Imaginary Future,,,,,1
Boys (Side B),Caamp,Caamp,,,,,1
Turns to Gold,Gabe Dixon,Gabe Dixon,,,,,1
Fickle Heart,Ira Wolf,Ira Wolf,,,,,1
Stages: Volume III,Ryan Montbleau,Ryan Montbleau,,,,,1
Pearl (Legacy Edition),Janis Joplin,Janis Joplin,,,,,1
Outlandos D'Amour,The Police,The Police,,,,,1
In Utero,Nirvana,Nirvana,,,,,1
Achtung Baby,U2,U2,,,,,1
U218 Singles,U2,U2,,,,,1
Songs Of Experience,U2,U2,,,,,1
Zooropa,U2,U2,,,,,1
The Unforgettable Fire - Deluxe Edition Remastered,U2,U2,,,,,1
The Times They Are A-Changin',Bob Dylan,Bob Dylan,,,,,1
Traveling Alone,Tift Merritt,Tift Merritt,,,,,1
The Imitation Game (Original Motion Picture Soundtrack),Alexandre Desplat,Alexandre Desplat,,,,,1
Naturally,J.J. Cale,J.J. Cale,,,,,1
Born To Run,Bruce Springsteen,Bruce Springsteen,,,,,1
Meet The Orphans,Don Omar,Don Omar,,,,,1
Welcome to the Fire,Willyecho,Willyecho,,,,,1
"Covers, Vol. 1",Sleeping At Last,Sleeping At Last,,,,,1
Beautiful Addiction (feat. Brady Schmitz & Danielle Swift),Nate Feuerstein,Nate Feuerstein,,,,,1
Cheerleader,JP Cooper,JP Cooper,,,,,1
Boulevard of Broken Dreams,Neck Deep,Neck Deep,,,,,1
City of Angels,Mills Turner,Mills Turner,,,,,1
Set It Out,Alex Martura,Alex Martura,,,,,1
Money Past Due,NICK PROSPER,NICK PROSPER,,,,,1
Where Is the Love,Alex Martura,Alex Martura,,,,,1
Rhythm of the Night,metr,metr,,,,,1
WHAT DOES iT MEAN TO BE A QUEEN,Riff Raff,Riff Raff,,,,,1
Atlas: Body,Sleeping At Last,Sleeping At Last,,,,,1
Fitoor,Mohit Chauhan,Mohit Chauhan,,,,,1
Love Mashup,Kumar Sanu,Kumar Sanu,,,,,1
The Notorious Byrd Brothers,The Byrds,The Byrds,,,,,1
A Quick One,The Who,The Who,,,,,1
Quadrophenia,The Who,The Who,,,,,1
Greatest Hits - The Immediate Years 1967-1969,Small Faces,Small Faces,,,,,1
Yer' Album,James Gang,James Gang,,,,,1
The Who By Numbers,The Who,The Who,,,,,1
Animalisms,The Animals,The Animals,,,,,1
Ogdens' Nut Gone Flake (Deluxe Edition),Small Faces,Small Faces,,,,,1
Tommy,The Who,The Who,,,,,1
The Best Of Everything - The Definitive Career Spanning Hits Collection 1976-2016,Tom Petty and the Heartbreakers,Tom Petty and the Heartbreakers,,,,,1
Maximum As & Bs,The Who,The Who,,,,,1
More Today Than Yesterday,Chicago,Chicago,,,,,1
Some Change,Boz Scaggs,Boz Scaggs,,,,,1
Leavin' It All Behind,The Grass Roots,The Grass Roots,,,,,1
Throwback Tunes: 70s,The Grass Roots,The Grass Roots,,,,,1
Kill This Love,BLACKPINK,BLACKPINK,,,,,1
Front Porch,Joy Williams,Joy Williams,,,,,1
Ultraviolet,Poets of the Fall,Poets of the Fall,,,,,1
Vincent,Ellie Goulding,Ellie Goulding,,,,,1
A Little Love,Cam Sanders,Cam Sanders,,,,,1
I Can Only,Carl Gershon,Carl Gershon,,,,,1
Avirex,Nuez,Nuez,,,,,1
Tripling: Season 2 (Music from TVF Original Series),Varun Likhate,Varun Likhate,,,,,1
The End Of The Innocence,Don Henley,Don Henley,,,,,1
She's So Unusual,Cyndi Lauper,Cyndi Lauper,,,,,1
Super Hits,The Outfield,The Outfield,,,,,1
Fifty Shades Of Grey,Danny Elfman,Danny Elfman,,,,,1
The Book of Life (Original Motion Picture Soundtrack),Gustavo Santaolalla,Gustavo Santaolalla,,,,,1
Disney/Pixar Greatest,Thomas Newman,Thomas Newman,,,,,1
The Mountain Between Us (Original Motion Picture Soundtrack),Ramin Djawadi,Ramin Djawadi,,,,,1
I Miss You,Jeff Slaugh,Jeff Slaugh,,,,,1
Revamp: The Songs Of Elton John & Bernie Taupin,Ed Sheeran,Ed Sheeran,,,,,1
Oceans,Barfalk,Barfalk,,,,,1
Night Sensations,Andy Clark,Andy Clark,,,,,1
The Heat Is On,The Isley Brothers,The Isley Brothers,,,,,1
Anthology,Tavares,Tavares,,,,,1
Crossing The Red Sea,The Adverts,The Adverts,,,,,1
The Biggest Soul Songs: Until You Come Back to Me,Ben E. King,Ben E. King,,,,,1
Let Me Down Easy - In Concert,Bettye LaVette,Bettye LaVette,,,,,1
Radio Ethiopia,Patti Smith,Patti Smith,,,,,1
Super Hits,Brick,Brick,,,,,1
The Ultimate Collection of Classical Piano Music,Piano,Piano,,,,,1
Little Dark Age,MGMT,MGMT,,,,,1
We Must Become the Pitiless Censors of Ourselves,John Maus,John Maus,,,,,1
LM5 (Deluxe),Cheat Codes,Cheat Codes,,,,,1
Pub Rock Classics,Joy Division,Joy Division,,,,,1
Avril Lavigne (Expanded Edition),Avril Lavigne,Avril Lavigne,,,,,1
Olympic,French 79,French 79,,,,,1
The Breakfast Club,Karla Devito,Karla Devito,,,,,1
The Breakfast Club,Wang Chung,Wang Chung,,,,,1
The Breakfast Club,E.G. Daily,E.G. Daily,,,,,1
The Breakfast Club,Joyce Kennedy,Joyce Kennedy,,,,,1
The Breakfast Club,Jesse Johnson,Jesse Johnson,,,,,1
Celebrate,Simple Minds,Simple Minds,,,,,1
Indian Summer,Go West,Go West,,,,,1
Results May Vary,Limp Bizkit,Limp Bizkit,,,,,1
Infinity On High,Fall Out Boy,Fall Out Boy,,,,,1
Best Of You,Foo Fighters,Foo Fighters,,,,,1
Because Of The Times,Kings of Leon,Kings of Leon,,,,,1
First Impressions Of Earth,The Strokes,The Strokes,,,,,1
Light Grenades,Incubus,Incubus,,,,,1
Fallen,Evanescence,Evanescence,,,,,1
Heathen Chemistry,Oasis,Oasis,,,,,1
"Stories From The City, Stories From The Sea",PJ Harvey,PJ Harvey,,,,,1
Twin Cinema,The New Pornographers,The New Pornographers,,,,,1
Post-War,M. Ward,M. Ward,,,,,1
Silicon Valley,TOBACCO,TOBACCO,,,,,1
Silicon Valley,Dr. Octagon,Dr. Octagon,,,,,1
Silicon Valley,Hudson Mohawke,Hudson Mohawke,,,,,1
Silicon Valley,Mariachi La Estrella,Mariachi La Estrella,,,,,1
Silicon Valley,Shirt,Shirt,,,,,1
Silicon Valley,Danny Brown,Danny Brown,,,,,1
Silicon Valley,Old Man Saxon,Old Man Saxon,,,,,1
Silicon Valley,Pregnant Boy,Pregnant Boy,,,,,1
Silicon Valley,Onyx,Onyx,,,,,1
Blade Runner 2049 (Original Motion Picture Soundtrack),Hans Zimmer,Hans Zimmer,,,,,1
Kung Fu Panda - Original Motion Picture Soundtrack,Hans Zimmer,Hans Zimmer,,,,,1
Blue Planet II (Original Television Soundtrack),Hans Zimmer,Hans Zimmer,,,,,1
The Thin Red Line,Hans Zimmer,Hans Zimmer,,,,,1
The Biggest Soul Songs: Until You Come Back to Me,The Persuaders,The Persuaders,,,,,1
Fat Larry's Band: 12 Inch Classics - EP,Fat Larry's Band,Fat Larry's Band,,,,,1
Tomorrow Is The Question!,Ornette Coleman,Ornette Coleman,,,,,1
Up From Below,Edward Sharpe & The Magnetic Zeros,Edward Sharpe & The Magnetic Zeros,,,,,1
Lungs,Florence + The Machine,Florence + The Machine,,,,,1
I Am A Bird Now,Antony and the Johnsons,Antony and the Johnsons,,,,,1
Rings Around the World,Super Furry Animals,Super Furry Animals,,,,,1
Marlene,Lightspeed Champion,Lightspeed Champion,,,,,1
"In April (From ""Song One) [Original Motion Picture Soundtrack]",Johnny Flynn,Johnny Flynn,,,,,1
Pockets,hard life,hard life,,,,,1
Tell Me How You Really Feel,Courtney Barnett,Courtney Barnett,,,,,1
Marble Skies,Django Django,Django Django,,,,,1
King Ruby,IDER,IDER,,,,,1
Estalla,Bomba Estéreo,Bomba Estéreo,,,,,1
Energy,Avelino,Avelino,,,,,1
Mean Demeanor,Run The Jewels,Run The Jewels,,,,,1
Running Underwater,Kovic,Kovic,,,,,1
Spotify Singles,Japanese Breakfast,Japanese Breakfast,,,,,1
Make It Me,Max Gomez,Max Gomez,,,,,1
The Only,Sasha Alex Sloan,Sasha Alex Sloan,,,,,1
Memory,Kina Grannis,Kina Grannis,,,,,1
Fleet Foxes,Fleet Foxes,Fleet Foxes,,,,,1
Being So Normal,Peach Pit,Peach Pit,,,,,1
Sunlit Youth,Local Natives,Local Natives,,,,,1
Mere Rashke Qamar,Rahat Fateh Ali Khan,Rahat Fateh Ali Khan,,,,,1
"Eat, Pray, Love",Eddie Vedder,Eddie Vedder,,,,,1
Sanu Ek Pal Chain,Nusrat Fateh Ali Khan,Nusrat Fateh Ali Khan,,,,,1
Tere Bin Nahin Lagda Dil Mera - Best Hits,Nusrat Fateh Ali Khan,Nusrat Fateh Ali Khan,,,,,1
The Battle Of Los Angeles,Rage Against The Machine,Rage Against The Machine,,,,,1
Danzig II: Lucifuge,Danzig,Danzig,,,,,1
Game of Thrones Theme,Tomas Hilber,Tomas Hilber,,,,,1
Nightshade,The Lumineers,The Lumineers,,,,,1
Power is Power,SZA,SZA,,,,,1
Game Of Thrones: Season 2,The National,The National,,,,,1
Game of Thrones: Season 4 (Music from the HBO Series),Ramin Djawadi,Ramin Djawadi,,,,,1
"Rains of Castemere (""The Red Wedding"" Song from ""Game of Thrones"")",TV Generation,TV Generation,,,,,1
The Rains of Castamere from Game of Thrones,Ramin Djawadi,Ramin Djawadi,,,,,1
This Is War,Thirty Seconds To Mars,Thirty Seconds To Mars,,,,,1
I Can Hear The Heart Beating As One,Yo La Tengo,Yo La Tengo,,,,,1
Boys (Side A),Caamp,Caamp,,,,,1
Tired,Alan Walker,Alan Walker,,,,,1
Artists Den One,Panic! At The Disco,Panic! At The Disco,,,,,1
"The Forgotten Years, Vol. 1",The Bobby Fuller Four,The Bobby Fuller Four,,,,,1
Knocking At Your Back Door: The Best Of Deep Purple In The 80's,Deep Purple,Deep Purple,,,,,1
Experience Hendrix: The Best Of Jimi Hendrix,Jimi Hendrix,Jimi Hendrix,,,,,1
Dangerous Days,Perturbator,Perturbator,,,,,1
Far Cry 3: Blood Dragon (Original Game Soundtrack),Power Glove,Power Glove,,,,,1
Turbulence,Miami Nights 1984,Miami Nights 1984,,,,,1
2:AM,Christopher Hari,Christopher Hari,,,,,1
Particles,M|O|O|N,M|O|O|N,,,,,1
Rust B/W Ghost,El Huervo,El Huervo,,,,,1
BRAZIL BY EAR,your best friend jippy,your best friend jippy,,,,,1
The Fragile,Nine Inch Nails,Nine Inch Nails,,,,,1
Minecraft - Volume Alpha,C418,C418,,,,,1
Sinners X Saints,STRADEUS,STRADEUS,,,,,1
Quixotic,M|O|O|N,M|O|O|N,,,,,1
Lost Without You,Freya Ridings,Freya Ridings,,,,,1
Atlas: I,Sleeping At Last,Sleeping At Last,,,,,1
Jake Bugg,Jake Bugg,Jake Bugg,,,,,1
Volturnus,Harry Lightfoot,Harry Lightfoot,,,,,1
Captain America: The Winter Soldier,Henry Jackman,Henry Jackman,,,,,1
I Can Feel (Fingertips),Ferdinand Weber,Ferdinand Weber,,,,,1
Covers,Jonah Baker,Jonah Baker,,,,,1
"Live At Stony Brook University, NY, October 22nd 1968",Moby Grape,Moby Grape,,,,,1
"Fox Box: 3 Nights Live at Fox Theatre in Atlanta, Ga (September 24, 2004)",Allman Brothers Band,Allman Brothers Band,,,,,1
Your Favorite Songs from 100 Disney Channel Original Movies,Demi Lovato,Demi Lovato,,,,,1
'70s Pop #1's,Rupert Holmes,Rupert Holmes,,,,,1
Stairsteps,The Five Stairsteps,The Five Stairsteps,,,,,1
The Best of The Kingsmen,The Kingsmen,The Kingsmen,,,,,1
Make It Big,Wham!,Wham!,,,,,1
The Essential Journey,Journey,Journey,,,,,1
SOS,Avicii,Avicii,,,,,1
Closure,Hayley Warner,Hayley Warner,,,,,1
When You Kiss Me (Live),Mags Duval,Mags Duval,,,,,1
Slow Wine Mixtape,Bad Gyal,Bad Gyal,,,,,1
Antes de Morirme (feat. Rosalía),C. Tangana,C. Tangana,,,,,1
Amor,Zazo & Gxurmet,Zazo & Gxurmet,,,,,1
Final Feliz,Danna Paola,Danna Paola,,,,,1
MALAMENTE,ROSALÍA,ROSALÍA,,,,,1
Mala Mujer,C. Tangana,C. Tangana,,,,,1
Guilty,Lauren Presley,Lauren Presley,,,,,1
Te Miro,Zazo & Gxurmet,Zazo & Gxurmet,,,,,1
Pa' Llamar Tu Atención (feat. MC Bin Laden),C. Tangana,C. Tangana,,,,,1
El Momento,La Casa Azul,La Casa Azul,,,,,1
París,DELLAFUENTE,DELLAFUENTE,,,,,1
Italy,Reyn Hartley,Reyn Hartley,,,,,1
Una Más,Zazo & Gxurmet,Zazo & Gxurmet,,,,,1
Diez Años y un Día,Dorian,Dorian,,,,,1
Ganas,D3llano,D3llano,,,,,1
Hundred Miles,YALL,YALL,,,,,1
TELÉFONO,Aitana,Aitana,,,,,1
Adictiva,Daddy Yankee,Daddy Yankee,,,,,1
Disclaimer,GLNNA,GLNNA,,,,,1
La velocidad del vacío,Dorian,Dorian,,,,,1
Neverland,M3XX D4MIAN,M3XX D4MIAN,,,,,1
Monday Mourning,Drex Carter,Drex Carter,,,,,1
Let's Get Crazy,Zeper,Zeper,,,,,1
Bien Duro,C. Tangana,C. Tangana,,,,,1
Ella Quiere Beber (Remix),Anuel AA,Anuel AA,,,,,1
Automatic,NEKO,NEKO,,,,,1
Dope Girl,Josephina,Josephina,,,,,1
PIENSO EN TU MIRÁ,ROSALÍA,ROSALÍA,,,,,1
Millionaire,Mike Crigs,Mike Crigs,,,,,1
Fuego,La Bien Querida,La Bien Querida,,,,,1
Energy,Lil Bird,Lil Bird,,,,,1
Pandora's Box,Halle Abadi,Halle Abadi,,,,,1
Booty,C. Tangana,C. Tangana,,,,,1
Moes,The Beautiful Now,The Beautiful Now,,,,,1
Lo Que No Sabes,Danna Paola,Danna Paola,,,,,1
Blink 182,UPSTAIRS,UPSTAIRS,,,,,1
Celoso,Lele Pons,Lele Pons,,,,,1
Pónmelo del Revés,Octopvs To The Party,Octopvs To The Party,,,,,1
Open The Door,Bad Gyal,Bad Gyal,,,,,1
Delusions,Duke & Jones,Duke & Jones,,,,,1
Qué Tienes Tú (feat. Jesús de Reik & Mau y Ricky),Dvicio,Dvicio,,,,,1
Las Pegajosas Aventuras de Sticky M.A.,Sticky M.A.,Sticky M.A.,,,,,1
Más Que Suerte (feat. Jesús Navarro),Beatriz Luengo,Beatriz Luengo,,,,,1
A T A R A X I A,La Casa Azul,La Casa Azul,,,,,1
Quasar,G. Soldier,G. Soldier,,,,,1
Dynamite,Erika Costell,Erika Costell,,,,,1
3 A.M.,Parker Lane,Parker Lane,,,,,1
El Astronauta,Quaker City Night Hawks,Quaker City Night Hawks,,,,,1
Kicker,Zella Day,Zella Day,,,,,1
I Love Music - Only Original Recondings,Frankie Lymon,Frankie Lymon,,,,,1
Planetary Sun,Interstate Royale,Interstate Royale,,,,,1
Stay With Me,Honeydew Meloncholy,Honeydew Meloncholy,,,,,1
Haven't You Heard?,The North Panics,The North Panics,,,,,1
Gentleman,Tony Ferrari,Tony Ferrari,,,,,1
This Time,Donna Missal,Donna Missal,,,,,1
All My Demons Greeting Me As A Friend - Deluxe,AURORA,AURORA,,,,,1
Fool,Refs,Refs,,,,,1
TOOGOODOO,Stop Light Observations,Stop Light Observations,,,,,1
Harder Than Ever,Lil Baby,Lil Baby,,,,,1
a.m,Ryugen,Ryugen,,,,,1
I Rise,Madonna,Madonna,,,,,1
I Want You to Feel Something,Shon gbrl,Shon gbrl,,,,,1
Still,Maxo Kream,Maxo Kream,,,,,1
Love of my life,Subtrix,Subtrix,,,,,1
Won't Let Go,Lucas Estrada,Lucas Estrada,,,,,1
Rise (ft. Matluck),Nicky Romero,Nicky Romero,,,,,1
Happy Now,Kygo,Kygo,,,,,1
85%,Loote,Loote,,,,,1
Symphony,Sick Individuals,Sick Individuals,,,,,1
Don't Tell Me,Matisse & Sadko,Matisse & Sadko,,,,,1
Only Want You (Martin Jensen Remix),Rita Ora,Rita Ora,,,,,1
Warrior,Tom & Jame,Tom & Jame,,,,,1
Alive,Paris Blohm,Paris Blohm,,,,,1
Can't Take It From Me,Major Lazer,Major Lazer,,,,,1
Promises (with Sam Smith),Calvin Harris,Calvin Harris,,,,,1
Secrets,Erik Frank,Erik Frank,,,,,1
Strangers,Vigiland,Vigiland,,,,,1
Windows I,HUNNY,HUNNY,,,,,1
For The Throne (Music Inspired by the HBO Series Game of Thrones),Chloe x Halle,Chloe x Halle,,,,,1
For The Throne (Music Inspired by the HBO Series Game of Thrones),Ellie Goulding,Ellie Goulding,,,,,1
The Sunset Tapes: A Cool Tape Story,Jaden,Jaden,,,,,1
More Than You Know,Axwell /\ Ingrosso,Axwell /\ Ingrosso,,,,,1
Everything I Can't Say Out Loud,Vacation Manor,Vacation Manor,,,,,1
The Feeling,Travis Atreo,Travis Atreo,,,,,1
PRETTYMUCH an EP,PRETTYMUCH,PRETTYMUCH,,,,,1
Ocean Blue,GUNNAR,GUNNAR,,,,,1
"thank u, next",Travis Atreo,Travis Atreo,,,,,1
Distant,Tate McRae,Tate McRae,,,,,1
one nite only,Wrabel,Wrabel,,,,,1
Bad Timing,Rhys Lewis,Rhys Lewis,,,,,1
First Impressions,James TW,James TW,,,,,1
Wave Two,Cody Simpson,Cody Simpson,,,,,1
The Truth About Love,P!nk,P!nk,,,,,1
Ten Feet Tall,Wrabel,Wrabel,,,,,1
Truce - EP,FRENSHIP,FRENSHIP,,,,,1
White Noise (R3hab Remix),Ella Vos,Ella Vos,,,,,1
Adventure,Matthew Parker,Matthew Parker,,,,,1
Grow,Conan Gray,Conan Gray,,,,,1
11 Minutes (with Halsey feat. Travis Barker),YUNGBLUD,YUNGBLUD,,,,,1
Either Way (feat. Joey Bada$$),Snakehips,Snakehips,,,,,1
Infinity,Against The Current,Against The Current,,,,,1
City Of Dreams,Dirty South,Dirty South,,,,,1
Nevada,Vicetone,Vicetone,,,,,1
Will You Wait for Me,The Colourist,The Colourist,,,,,1
Started,Iggy Azalea,Iggy Azalea,,,,,1
Sally Walker,Iggy Azalea,Iggy Azalea,,,,,1
Survive The Summer,Iggy Azalea,Iggy Azalea,,,,,1
POPWIKI 2,Iggy Azalea,Iggy Azalea,,,,,1
Savior,Iggy Azalea,Iggy Azalea,,,,,1
Avengers: Endgame,Jared Moreno Luna,Jared Moreno Luna,,,,,1
Captain America: Civil War,Henry Jackman,Henry Jackman,,,,,1
Everybody's in Show-Biz,The Kinks,The Kinks,,,,,1
Live Steppenwolf,Steppenwolf,Steppenwolf,,,,,1
the way we used to love.,eli.,eli.,,,,,1
Monster,Steppenwolf,Steppenwolf,,,,,1
Three Trees,Jacob Tillberg,Jacob Tillberg,,,,,1
My Love,Foreize,Foreize,,,,,1
We Don't Care,Sigala,Sigala,,,,,1
I Wanna Know (feat. Bea Miller),NOTD,NOTD,,,,,1
Stuck,Lost Kings,Lost Kings,,,,,1
All Into Nothing,R3HAB,R3HAB,,,,,1
For You,Dntless,Dntless,,,,,1
Back When We Were Kids,Timeflies,Timeflies,,,,,1
Constellation,Win and Woo,Win and Woo,,,,,1
Call It What You Want,Travis Atreo,Travis Atreo,,,,,1
Bleeding out Slow (B-Sides),Corey Kilgannon,Corey Kilgannon,,,,,1
Runaway,Sasha Alex Sloan,Sasha Alex Sloan,,,,,1
Away From The World (Deluxe Edition),Dave Matthews Band,Dave Matthews Band,,,,,1
Dreamland,Dale Dan Tony,Dale Dan Tony,,,,,1
BEYONCÉ [Platinum Edition],Beyoncé,Beyoncé,,,,,1
RIP Indo Hisashi,No Rome,No Rome,,,,,1
All Time Low,Jon Bellion,Jon Bellion,,,,,1
Best of 2017,Cimorelli,Cimorelli,,,,,1
Atlas: Four,Sleeping At Last,Sleeping At Last,,,,,1
Champion,Elina,Elina,,,,,1
Rebels,Kayla Rae Haywood,Kayla Rae Haywood,,,,,1
From the Ground Up,Travis Atreo,Travis Atreo,,,,,1
Spotify Singles,Fenne Lily,Fenne Lily,,,,,1
No Good for Me,Tatiana Manaois,Tatiana Manaois,,,,,1
Slip,Tate McRae,Tate McRae,,,,,1
Jocelyn Flores,Q.Z.B,Q.Z.B,,,,,1
Fresh Eyes,Grace Grundy,Grace Grundy,,,,,1
Sleep Deprived,Tore,Tore,,,,,1
A Song for Mama,Travis Atreo,Travis Atreo,,,,,1
Put Me Back Together,Grace Grundy,Grace Grundy,,,,,1
First Time,Kygo,Kygo,,,,,1
"A Thousand Years (From ""The Twilight Saga: Breaking Dawn - Part 1"")",Christina Perri,Christina Perri,,,,,1
DUMMY BOY,6ix9ine,6ix9ine,,,,,1
Father Of Asahd,DJ Khaled,DJ Khaled,,,,,1
East Atlanta Love Letter,6LACK,6LACK,,,,,1
Music From Chasing Happiness,DNCE,DNCE,,,,,1
Music From Chasing Happiness,Nick Jonas & The Administration,Nick Jonas & The Administration,,,,,1
more,AmPm,AmPm,,,,,1
Rise In Love,Zephyrtone,Zephyrtone,,,,,1
Muscle Memory,Natania,Natania,,,,,1
Beautiful,The Avener,The Avener,,,,,1
You Stay (feat. Lil Baby & Jeremih),DJ Khaled,DJ Khaled,,,,,1
LIVE FAST DIE WHENEVER,$uicideboy$,$uicideboy$,,,,,1
Pretty Little Thing,will.i.am,will.i.am,,,,,1
Need You,32Stitches,32Stitches,,,,,1
Miss Me,Twinbeatz,Twinbeatz,,,,,1
Running Away,Abhijeet Phukan,Abhijeet Phukan,,,,,1
Boys Like You (feat. Iggy Azalea),VVAVES,VVAVES,,,,,1
Dirty Air,Two Door Cinema Club,Two Door Cinema Club,,,,,1
Stay,The Score,The Score,,,,,1
Playground,Steve Lacy,Steve Lacy,,,,,1
Mercedes,BlocBoy JB,BlocBoy JB,,,,,1
4REAL 4REAL,YG,YG,,,,,1
Blessed (with Tyga),Shenseea,Shenseea,,,,,1
cheesy,bbno$,bbno$,,,,,1
the end,XYLØ,XYLØ,,,,,1
Someone's EP II,BAYNK,BAYNK,,,,,1
No One Knows,Sik World,Sik World,,,,,1
AMERICAN LOVE,Luke Christopher,Luke Christopher,,,,,1
Candela,Vicente Garcia,Vicente Garcia,,,,,1
Querer Mejor,Juanes,Juanes,,,,,1
About You,FLETCHER,FLETCHER,,,,,1
Close My Eyes,Hey Violet,Hey Violet,,,,,1
Yesterday,Varun Rawal,Varun Rawal,,,,,1
All I Do Is Cry,Kim Petras,Kim Petras,,,,,1
Call Me When You Need Me,Klaas,Klaas,,,,,1
Dusk,Bef Mi8,Bef Mi8,,,,,1
Humans (Let Me Love You),Sick Individuals,Sick Individuals,,,,,1
Maximum Drive,Ash Vix,Ash Vix,,,,,1
Happy,Subtrix,Subtrix,,,,,1
Talk,Ady Manral,Ady Manral,,,,,1
Sittin' In,Loggins & Messina,Loggins & Messina,,,,,1
Rockabye,Rockabye,Rockabye,,,,,1
Kurt & Company Vol 1,Kurt Hugo Schneider,Kurt Hugo Schneider,,,,,1
Something Just Like This - Remixes,The Chainsmokers,The Chainsmokers,,,,,1
Relaxing Classical Playlist: Peaceful Heart of Winter,Coldplay,Coldplay,,,,,1
Relaxing Classical Playlist: Peaceful Heart of Winter,Johnny Cash,Johnny Cash,,,,,1
Greatest Hits,James Gang,James Gang,,,,,1
American Woman,The Guess Who,The Guess Who,,,,,1
13 Reasons Why,Lord Huron,Lord Huron,,,,,1
Vault Volume 1,Alicia Keys,Alicia Keys,,,,,1
Little Voice,Sara Bareilles,Sara Bareilles,,,,,1
Tough Love (feat. Vargas & Lagola),Avicii,Avicii,,,,,1
MTV Presents Unplugged: Florence + The Machine,Florence + The Machine,Florence + The Machine,,,,,1
Shut Up And Dance (Acoustic),WALK THE MOON,WALK THE MOON,,,,,1
Kids Are Alright,Tate McRae,Tate McRae,,,,,1
Human,dodie,dodie,,,,,1
1950,King Princess,King Princess,,,,,1
Phases,kenzie,kenzie,,,,,1
Vicky Donor,Ayushmann Khurrana,Ayushmann Khurrana,,,,,1
Love Loud,Levi Ware,Levi Ware,,,,,1
The Essential Elvis Presley,Elvis Presley,Elvis Presley,,,,,1
Big Little Lies EP,Villagers,Villagers,,,,,1
The B-52's,The B-52's,The B-52's,,,,,1
Down By The River (feat. Emy Perez),MÖWE,MÖWE,,,,,1
Down by the River,Luciana Zogbi,Luciana Zogbi,,,,,1
Idle Forest of Chit Chat,Kinny,Kinny,,,,,1
Is This Desire?,PJ Harvey,PJ Harvey,,,,,1
Daptone Gold,Naomi Shelton & the Gospel Queens,Naomi Shelton & the Gospel Queens,,,,,1
Spider-Man: Into the Spider-Verse,Lil Wayne,Lil Wayne,,,,,1
Spider-Man: Into the Spider-Verse,DJ Khalil,DJ Khalil,,,,,1
WHITE NOISE B-SIDES,Noah Gundersen,Noah Gundersen,,,,,1
Only Ticket Home,Gavin James,Gavin James,,,,,1
Mike Dean Presents: Dermot Kennedy,Dermot Kennedy,Dermot Kennedy,,,,,1
Can't Help Falling in Love,Noah Young,Noah Young,,,,,1
Hard Won,Lizzie No,Lizzie No,,,,,1
SWISH,Tyga,Tyga,,,,,1
Hundred Acres,S. Carey,S. Carey,,,,,1
Restoration: The Songs Of Elton John And Bernie Taupin,Maren Morris,Maren Morris,,,,,1
The Fool,Jerro,Jerro,,,,,1
I Dream EP,Jonny Sum,Jonny Sum,,,,,1
Blood Remixed,Rhye,Rhye,,,,,1
No Guidance (feat. Drake),Chris Brown,Chris Brown,,,,,1
IGOR,"Tyler, The Creator","Tyler, The Creator",,,,,1
Fade Out,Seeb,Seeb,,,,,1
I'll Never Love Again,Matt Bloyd,Matt Bloyd,,,,,1
Familiar,Liam Payne,Liam Payne,,,,,1
Right Now,Nick Jonas,Nick Jonas,,,,,1
"There's No Way (Live from Box Fresh, London, 2018)",Lauv,Lauv,,,,,1
Mid90s (Original Music from the Motion Picture),Trent Reznor and Atticus Ross,Trent Reznor and Atticus Ross,,,,,1
"Love, Simon (Original Motion Picture Score)",Rob Simonsen,Rob Simonsen,,,,,1
Goodbye Christopher Robin (Original Motion Picture Soundtrack),Carter Burwell,Carter Burwell,,,,,1
The Shape Of Water,Alexandre Desplat,Alexandre Desplat,,,,,1
Jane Eyre - Original Motion Picture Soundtrack,Dario Marianelli,Dario Marianelli,,,,,1
70's Soft Rock Essentials,Chicago,Chicago,,,,,1
Lalala,Y2K,Y2K,,,,,1
Te Robaré,Nicky Jam,Nicky Jam,,,,,1
Runaway,Sebastian Yatra,Sebastian Yatra,,,,,1
Mad Love,Mabel,Mabel,,,,,1
Truth Never Lies,Lost Frequencies,Lost Frequencies,,,,,1
Daring Rose,Turkey Arabian Sons,Turkey Arabian Sons,,,,,1
La Câlin,Serhat Durmus,Serhat Durmus,,,,,1
Never Say Die,Stealth,Stealth,,,,,1
I Want U,DJ Hell,DJ Hell,,,,,1
I'm Sorry,Joyner Lucas,Joyner Lucas,,,,,1
Hold Your Pride,Abhilasha Sinha,Abhilasha Sinha,,,,,1
Dead Roses,Krameri,Krameri,,,,,1
This Is America,Childish Gambino,Childish Gambino,,,,,1
Camp,Childish Gambino,Childish Gambino,,,,,1
Reeling In The Decades,The Hollies,The Hollies,,,,,1
Still The Same... Great Rock Classics Of Our Time,Rod Stewart,Rod Stewart,,,,,1
Get A Grip,Aerosmith,Aerosmith,,,,,1
Rock 'N' Roll,John Lennon,John Lennon,,,,,1
Big Little Lies,Christina Vierra and The Ryan Rehm Band,Christina Vierra and The Ryan Rehm Band,,,,,1
Spoon And Rafter,Mojave 3,Mojave 3,,,,,1
The Trinity Session,Cowboy Junkies,Cowboy Junkies,,,,,1
Rattle That Lock (Deluxe),David Gilmour,David Gilmour,,,,,1
Jungle Rules,French Montana,French Montana,,,,,1
Yaad Rakh,Benny Dayal,Benny Dayal,,,,,1
Heathens,Heathens,Heathens,,,,,1
"50 Ragtime Piano Classics (Best Of Scott Joplin, Joseph Lamb & James Scott)",Ragtime Music Unlimited,Ragtime Music Unlimited,,,,,1
Electronic Blockbusters,Emmanuel Lipszyc,Emmanuel Lipszyc,,,,,1
Swingtown / Killing Floor / Rock'n Me,Steve Miller Band,Steve Miller Band,,,,,1
Is There Love In Space?,Joe Satriani,Joe Satriani,,,,,1
Black Swans and Wormhole Wizards,Joe Satriani,Joe Satriani,,,,,1
Mediterráneo,Anonymous,Anonymous,,,,,1
Tabula Rasa,Calum Graham,Calum Graham,,,,,1
Flamenco es... Raimundo Amador,Raimundo Amador,Raimundo Amador,,,,,1
Flamenco De Pura Cepa,Paco Cepero,Paco Cepero,,,,,1
Cave,Grayson Erhard,Grayson Erhard,,,,,1
Now And Forever: 25 Songs Of Love,Whitesnake,Whitesnake,,,,,1
Deadwing,Porcupine Tree,Porcupine Tree,,,,,1
Leon Russell,Leon Russell,Leon Russell,,,,,1
The Raven That Refused to Sing (and Other Stories),Steven Wilson,Steven Wilson,,,,,1
Seasons,Greyson Chance,Greyson Chance,,,,,1
K.O.,Prabh Deep,Prabh Deep,,,,,1
Nenjinile Rebirth,Chris G.,Chris G.,,,,,1
Natpe Thunai,Hiphop Tamizha,Hiphop Tamizha,,,,,1
Kaala (Tamil) (Original Motion Picture Soundtrack),"Hariharasudhan,Arunraja Kamaraj,Dopeadelicz","Hariharasudhan,Arunraja Kamaraj,Dopeadelicz",,,,,1
Pakki Gal,Mickey Singh,Mickey Singh,,,,,1
Tik Tik Tik (Original Motion Picture Soundtrack),D. Imman,D. Imman,,,,,1
Meesaya Murukku,Hiphop Tamizha,Hiphop Tamizha,,,,,1
Reloaded,Rob C,Rob C,,,,,1
Sach Too Much Hai,Muhfaad,Muhfaad,,,,,1
Rabb Rakha,B.I.R,B.I.R,,,,,1
Vivegam (Original Motion Picture Soundtrack),Anirudh Ravichander,Anirudh Ravichander,,,,,1
Rockin' with the Best - Single,KRU172,KRU172,,,,,1
Manmarziyaan (Original Motion Picture Soundtrack),Prabh Deep,Prabh Deep,,,,,1
Kabali,Santhosh Narayanan,Santhosh Narayanan,,,,,1
Sun J - Reloaded,Sun J,Sun J,,,,,1
Achcham Yenbadhu Madamaiyada (Original Motion Picture Soundtrack),A.R. Rahman,A.R. Rahman,,,,,1
Out of Control - Single,Haji Springer,Haji Springer,,,,,1
Mili Raahat,Raga,Raga,,,,,1
Real Life - Single,Sun J,Sun J,,,,,1
Kal (Future),Prabh Deep,Prabh Deep,,,,,1
Vaadi Pulla Vaadi,Hiphop Tamizha,Hiphop Tamizha,,,,,1
Roots (feat. Raja Kumari),DIVINE,DIVINE,,,,,1
U R,Splash,Splash,,,,,1
Fake Yeezys,KKG,KKG,,,,,1
Kaththi (Original Motion Picture Soundtrack),Anirudh Ravichander,Anirudh Ravichander,,,,,1
Shut Up,KKG,KKG,,,,,1
Hip Hop Homeland North East,Feyago,Feyago,,,,,1
Aji Mera Ghanta,Muhfaad,Muhfaad,,,,,1
Gorky 5,Gorky's Zygotic Mynci,Gorky's Zygotic Mynci,,,,,1
The Indian Hip-Hop Compilation Volume 1,Prabh Deep,Prabh Deep,,,,,1
Too Much To Ask,Niall Horan,Niall Horan,,,,,1
A Place We Knew,Dean Lewis,Dean Lewis,,,,,1
Pick Me Up,Mansionair,Mansionair,,,,,1
Goddess - Deluxe,BANKS,BANKS,,,,,1
Bout It - Single,ILLAH,ILLAH,,,,,1
When the Night Comes,Devil White,Devil White,,,,,1
A Long Way From Tupelo,Paul Thorn,Paul Thorn,,,,,1
Verge,Liam Macdonald,Liam Macdonald,,,,,1
Sad Café Ep,The Impersonators,The Impersonators,,,,,1
Let's Fall In Love,Real Life,Real Life,,,,,1
The Short and Sick of It,Tall Dwarfs,Tall Dwarfs,,,,,1
Second Wind,David Garrett Arnold,David Garrett Arnold,,,,,1
Pleasure to Burn,Forest and Dove,Forest and Dove,,,,,1
Railroad Quality Journey,Paul Costyn,Paul Costyn,,,,,1
Long Gone and Forgotten,Dan Waszay,Dan Waszay,,,,,1
Lost in a Great Unknown - EP,Paul E Russell,Paul E Russell,,,,,1
Diamond Days,The Outfield,The Outfield,,,,,1
Dance Show 3,Zirkin,Zirkin,,,,,1
After All,Rob Baird,Rob Baird,,,,,1
Burning Blue,Rob Baird,Rob Baird,,,,,1
Summer's Down,Blue Boats,Blue Boats,,,,,1
Songs For Young Lovers,Frank Sinatra,Frank Sinatra,,,,,1
Under the Covers,Alice Fredenham,Alice Fredenham,,,,,1
My Funny Valentine (feat. Howard Stern),Becca Willow Moss,Becca Willow Moss,,,,,1
Feeling good,Joan Chamorro,Joan Chamorro,,,,,1
A Night In San Francisco (Live),Van Morrison,Van Morrison,,,,,1
The Talented Mr. Ripley - Music from The Motion Picture,Matt Damon,Matt Damon,,,,,1
Classics,Carmen McRae,Carmen McRae,,,,,1
Ballads,Grant Green,Grant Green,,,,,1
The Best Of,Fausto Papetti,Fausto Papetti,,,,,1
The Girl from Ipanema,Connie Kay,Connie Kay,,,,,1
Music For Lovers,Dianne Reeves,Dianne Reeves,,,,,1
Simply Streisand,Barbra Streisand,Barbra Streisand,,,,,1
Love Songs,Etta James,Etta James,,,,,1
My Funny Valentine: The Best Of Chet Baker,Chet Baker,Chet Baker,,,,,1
Chasin' the Blues,Crytzer's Blue Rhythm Band,Crytzer's Blue Rhythm Band,,,,,1
"Swinging, Singing, Playing",Count Basie Orchestra,Count Basie Orchestra,,,,,1
Take This Waltz,Jonathan Goldsmith,Jonathan Goldsmith,,,,,1
Corinne Bailey Rae,Corinne Bailey Rae,Corinne Bailey Rae,,,,,1
Dare!,The Human League,The Human League,,,,,1
Accelerate,R.E.M.,R.E.M.,,,,,1
By Your Side,The Black Crowes,The Black Crowes,,,,,1
It Won't Be Soon Before Long,Maroon 5,Maroon 5,,,,,1
We Started Nothing,The Ting Tings,The Ting Tings,,,,,1
Love The 2000s,Lily Allen,Lily Allen,,,,,1
"Love, Save The Empty",Erin McCarley,Erin McCarley,,,,,1
Otro Trago,Sech,Sech,,,,,1
BD Music & Cabu Present Quincy Jones,Quincy Jones,Quincy Jones,,,,,1
Compact Jazz: Antonio Carlos Jobim,Antônio Carlos Jobim,Antônio Carlos Jobim,,,,,1
Geography,Tom Misch,Tom Misch,,,,,1
Anti-Capitalist Love Notes,Geronimus Brothers,Geronimus Brothers,,,,,1
Talk About Us,Kofi Stone,Kofi Stone,,,,,1
Go Get Ice Cream and Listen to Jazz,Kassa Overall,Kassa Overall,,,,,1
Music! Musik! Musique!,Rosy Lee,Rosy Lee,,,,,1
1996,Ryuichi Sakamoto,Ryuichi Sakamoto,,,,,1
FATHER OF 4,Offset,Offset,,,,,1
Hannah Montana,Hannah Montana,Hannah Montana,,,,,1
Everywhere I Go,Sleeping At Last,Sleeping At Last,,,,,1
Call You Mine,The Chainsmokers,The Chainsmokers,,,,,1
Hearts Ain't Gonna Lie,Arlissa,Arlissa,,,,,1
Love Me Less (Remixes),MAX,MAX,,,,,1
Woman,Andreya Triana,Andreya Triana,,,,,1
Atomic Drum Assembly,Atomic Drum Assembly,Atomic Drum Assembly,,,,,1
Badkid,Bakar,Bakar,,,,,1
Jackie Chan,Bantu,Bantu,,,,,1
Time Won't Go Slowly,Snow Patrol,Snow Patrol,,,,,1
In The Wee Small Hours,Frank Sinatra,Frank Sinatra,,,,,1
September Of My Years,Frank Sinatra,Frank Sinatra,,,,,1
The Complete Harry James And His Orchestra featuring Frank Sinatra (feat. Frank Sinatra),Harry James,Harry James,,,,,1
The Columbia Years (1943-1952): The Complete Recordings: Volume 1,Frank Sinatra,Frank Sinatra,,,,,1
The Columbia Years (1943-1952): The Complete Recordings: Volume 3,Frank Sinatra,Frank Sinatra,,,,,1
Sinatra Sings Gershwin,Frank Sinatra,Frank Sinatra,,,,,1
Where Are You?,Frank Sinatra,Frank Sinatra,,,,,1
Romance: Songs From The Heart,Frank Sinatra,Frank Sinatra,,,,,1
Concepts,Frank Sinatra,Frank Sinatra,,,,,1
Come Dance With Me!,Frank Sinatra,Frank Sinatra,,,,,1
No One Cares,Frank Sinatra,Frank Sinatra,,,,,1
Classic Sinatra - His Great Performances 1953-1960,Frank Sinatra,Frank Sinatra,,,,,1
Nice 'n' Easy,Frank Sinatra,Frank Sinatra,,,,,1
Sinatra's Swingin' Session!!! And More,Frank Sinatra,Frank Sinatra,,,,,1
My Kind Of Broadway,Frank Sinatra,Frank Sinatra,,,,,1
My Cherie Amour,Stevie Wonder,Stevie Wonder,,,,,1
Despacito Feat. Justin Bieber,Luis Fonsi,Luis Fonsi,,,,,1
De De Pyaar De,Arijit Singh,Arijit Singh,,,,,1
Lo Fi Hip Hop & Jazz Beats,Lofi Radiance,Lofi Radiance,,,,,1
Carry Me,FHONO,FHONO,,,,,1
Paradise,Luv Drunk,Luv Drunk,,,,,1
Undrunk,FLETCHER,FLETCHER,,,,,1
Let Her Go,Jasmine Thompson,Jasmine Thompson,,,,,1
Frozen - Original Motion Picture Soundtrack / Deluxe Edition,Idina Menzel,Idina Menzel,,,,,1
Forgotten By Time,Vincent Pino,Vincent Pino,,,,,1
The Green Fields of Acron,Tom Holding,Tom Holding,,,,,1
"Looking Forward, Looking Backward",Robin Bennich,Robin Bennich,,,,,1
Evolution,Alexis Ffrench,Alexis Ffrench,,,,,1
A Clear Mind,Julius Aston,Julius Aston,,,,,1
Letter from Daughter,Marnie Jacobs,Marnie Jacobs,,,,,1
Salvatore,Henrietta Kuipers,Henrietta Kuipers,,,,,1
To the Moon and Beyond,Gavin Luke,Gavin Luke,,,,,1
Sirenomelia,Isobel Noble,Isobel Noble,,,,,1
Lucid Dreamin' II,Arelius,Arelius,,,,,1
19,Zoé de Vera,Zoé de Vera,,,,,1
The Garden,Vita Menzer,Vita Menzer,,,,,1
Scintilla,Mino Monterosso,Mino Monterosso,,,,,1
Komorebi,Jitka Kubr,Jitka Kubr,,,,,1
Earthquake (DJ Fresh vs. Diplo) [Remixes] (feat. Dominique Young Unique),DJ Fresh,DJ Fresh,,,,,1
The First Rain,Michel Brown,Michel Brown,,,,,1
Florentin,Joaquin Alejandro,Joaquin Alejandro,,,,,1
More than Close,Oneke,Oneke,,,,,1
The River,Pim Miles,Pim Miles,,,,,1
Intuition,Mae Ji-Yoon,Mae Ji-Yoon,,,,,1
Vacillation,Noemi Nucci,Noemi Nucci,,,,,1
Pense à moi,Romaine LaGrande,Romaine LaGrande,,,,,1
Resilient,Robin Bennich,Robin Bennich,,,,,1
Footsteps,Léonie Deval,Léonie Deval,,,,,1
We Made You,Eminem,Eminem,,,,,1
All American,Hoodie Allen,Hoodie Allen,,,,,1
Pull Up,Luh Kel,Luh Kel,,,,,1
New Age,KSI,KSI,,,,,1
Curtain Call: The Hits,Eminem,Eminem,,,,,1
Devils Night,D12,D12,,,,,1
Red Hot R & B,B.o.B,B.o.B,,,,,1
Square One,Eyez,Eyez,,,,,1
The Documentary 2 + 2.5 (Collector's Edition),The Game,The Game,,,,,1
Battle Lines,Bob Moses,Bob Moses,,,,,1
Circles,Post Malone,Post Malone,,,,,1
Glory Days: The Platinum Edition,Little Mix,Little Mix,,,,,1
Know-It-All,Alessia Cara,Alessia Cara,,,,,1
Fear Inoculum,TOOL,TOOL,,,,,1
Forever Neverland,MØ,MØ,,,,,1
BLUE LIPS,Tove Lo,Tove Lo,,,,,1
Claudia,FINNEAS,FINNEAS,,,,,1
Infections Of A Different Kind – Step 1,AURORA,AURORA,,,,,1
The Other Side,Conan Gray,Conan Gray,,,,,1
Charlie,Mallrat,Mallrat,,,,,1
Keeping It In The Dark,Daya,Daya,,,,,1
Right Back (feat. A Boogie Wit Da Hoodie),Khalid,Khalid,,,,,1
SUMMER AT 7,Russ,Russ,,,,,1
"Yo x Ti, Tu x Mi",ROSALÍA,ROSALÍA,,,,,1
More Than You Know,Anthony Russo,Anthony Russo,,,,,1
How To Be Human,Chelsea Cutler,Chelsea Cutler,,,,,1
7UP,Boy In Space,Boy In Space,,,,,1
you ruined new york city for me,FLETCHER,FLETCHER,,,,,1
aurora,Bea Miller,Bea Miller,,,,,1
Drugs & The Internet,Lauv,Lauv,,,,,1
Summer on You,PRETTYMUCH,PRETTYMUCH,,,,,1
Bounce Back,Little Mix,Little Mix,,,,,1
Face To Face,Ruel,Ruel,,,,,1
Sober,Demi Lovato,Demi Lovato,,,,,1
Naked,James Arthur,James Arthur,,,,,1
DAMN. COLLECTORS EDITION.,Kendrick Lamar,Kendrick Lamar,,,,,1
Irreplaceable,Zak Manley,Zak Manley,,,,,1
Dilemma,Brandon Chase,Brandon Chase,,,,,1
Issues,Sara Farell,Sara Farell,,,,,1
Time,NF,NF,,,,,1
Fire Garden,Steve Vai,Steve Vai,,,,,1
Love The 70s,Al Stewart,Al Stewart,,,,,1
For the Love of Strange Medicine (Expanded Edition),Steve Perry,Steve Perry,,,,,1
Stoney,Post Malone,Post Malone,,,,,1
deadroses,blackbear,blackbear,,,,,1
Quality Control: Control The Streets Volume 2,Quality Control,Quality Control,,,,,1
blue skies,gabriel black,gabriel black,,,,,1
Don’t Call Me Angel (Charlie’s Angels),Ariana Grande,Ariana Grande,,,,,1
Que Calor,Major Lazer,Major Lazer,,,,,1
holy terrain,FKA twigs,FKA twigs,,,,,1
RENT FREE,Russ,Russ,,,,,1
Suicide Doors (feat. Gunna),French Montana,French Montana,,,,,1
Tum Badal Gaye,Ankur Tewari,Ankur Tewari,,,,,1
Changes,Johnny Rivers,Johnny Rivers,,,,,1
The Best of B. J. Thomas - Rerecorded,B.J. Thomas,B.J. Thomas,,,,,1
The Girl in My Dreams,Frankie Valli,Frankie Valli,,,,,1
Volume Secondo,Santo & Johnny,Santo & Johnny,,,,,1
FEVER DREAM,Of Monsters and Men,Of Monsters and Men,,,,,1
13 Reasons Why,Cautious Clay,Cautious Clay,,,,,1
Calm At Last,Una Luna,Una Luna,,,,,1
Cor Meum,8th Floor Wide,8th Floor Wide,,,,,1
Courte promenade,Max Rossiter,Max Rossiter,,,,,1
Lac d'Annecy,Haute-Savoie,Haute-Savoie,,,,,1
Ladoga,Benjamin Dobbs,Benjamin Dobbs,,,,,1
Windswept,Aimee Fleur,Aimee Fleur,,,,,1
Valse Glacée,Tomasz Kraal,Tomasz Kraal,,,,,1
Mirage,Robin Bennich,Robin Bennich,,,,,1
Contemplating No Thing,Once Proven,Once Proven,,,,,1
Blue,Clarence Öfwerman,Clarence Öfwerman,,,,,1
Heliotrope,Joan Sterling,Joan Sterling,,,,,1
Songs for Inner Peace,Charlie Key,Charlie Key,,,,,1
Maestro Dell'Invisibile,Léon Branche,Léon Branche,,,,,1
Dancing Elves,Stellan Johnson,Stellan Johnson,,,,,1
Amorous Rebound,Sumsar,Sumsar,,,,,1
Missy,Porch Upright,Porch Upright,,,,,1
A New Day,Milo Stavos,Milo Stavos,,,,,1
Erin's Waltz,Per Magnusson,Per Magnusson,,,,,1
Scarlet Macaw,Hayden Cargile,Hayden Cargile,,,,,1
Farvel til sommeren,Nansen Christoffersen,Nansen Christoffersen,,,,,1
Layla Frost,Layla Frost,Layla Frost,,,,,1
Danse sur Glace,Caroline Collette,Caroline Collette,,,,,1
Don't Let Me Go,Mark Souzek,Mark Souzek,,,,,1
Sinestesia,Lionel Scardino,Lionel Scardino,,,,,1
Den kvällen jag såg dig,Maya Åström,Maya Åström,,,,,1
Veracity,Helene Roche,Helene Roche,,,,,1
flâner,Sabine Paulet,Sabine Paulet,,,,,1
Loch Awe,Tuga Topić,Tuga Topić,,,,,1
The Piano Inside,Milo Edale,Milo Edale,,,,,1
"Sapna Jahan (From ""Brothers"")",Ajay-Atul,Ajay-Atul,,,,,1
Heart Touching Songs,Arijit Singh,Arijit Singh,,,,,1
Haider,Bashir Lone,Bashir Lone,,,,,1
Koi Nahi,Rupinn,Rupinn,,,,,1
"Humnava (From ""Hamari Adhuri Kahani"")",Mithoon,Mithoon,,,,,1
Holiday (Original Motion Picture Soundtrack),Pritam,Pritam,,,,,1
13 Reasons Why,Twin Shadow,Twin Shadow,,,,,1
13 Reasons Why,Lauv,Lauv,,,,,1
13 Reasons Why,Daya,Daya,,,,,1
13 Reasons Why,YUNGBLUD,YUNGBLUD,,,,,1
13 Reasons Why,daydream Masi,daydream Masi,,,,,1
House on Fire,Hembree,Hembree,,,,,1
13 Reasons Why,K.Flay,K.Flay,,,,,1
I'll Be Your Girl,The Decemberists,The Decemberists,,,,,1
VOL. 4 :: SLAVES OF FEAR,HEALTH,HEALTH,,,,,1
Take Me Somewhere Else,Eik Octobre,Eik Octobre,,,,,1
Pour que tu m’aimes encore,Joséphine Auclair,Joséphine Auclair,,,,,1
Ci vediamo domani,Fioretta Rizzo,Fioretta Rizzo,,,,,1
My Oak,Jeff Bright Jr,Jeff Bright Jr,,,,,1
Bluebird (Solo Piano Version),Alexis Ffrench,Alexis Ffrench,,,,,1
Valentine,8th Floor Wide,8th Floor Wide,,,,,1
Vibrations,Mae Ji-Yoon,Mae Ji-Yoon,,,,,1
Crossing Over,Les Clouds,Les Clouds,,,,,1
Episode,Charlotte Funke,Charlotte Funke,,,,,1
Magnolian Rendition,Emile Franck,Emile Franck,,,,,1
Worktime,Sonny Rollins,Sonny Rollins,,,,,1
What in XXXTarnation,XXXTENTACION,XXXTENTACION,,,,,1
Miss You,GUS,GUS,,,,,1
"Pink Gulaabi Sky (From ""The Sky Is Pink"")",Shashwat Singh,Shashwat Singh,,,,,1
Baarish Lete Aana - Single,Darshan Raval,Darshan Raval,,,,,1
Jabariya Jodi,Yo Yo Honey Singh,Yo Yo Honey Singh,,,,,1
Muchh,Diljit Dosanjh,Diljit Dosanjh,,,,,1
Hawa Banke - Single,Darshan Raval,Darshan Raval,,,,,1
Woh Baarishein,Arjun Kanungo,Arjun Kanungo,,,,,1
Pbx 1,Sidhu Moose Wala,Sidhu Moose Wala,,,,,1
Sanedo,Sachin-Jigar,Sachin-Jigar,,,,,1
Fursat,Arjun Kanungo,Arjun Kanungo,,,,,1
Rolex,Ayo & Teo,Ayo & Teo,,,,,1
Murder 3 (Original Motion Picture Soundtrack),Mustafa Zahid,Mustafa Zahid,,,,,1
Greatest Hits,Foo Fighters,Foo Fighters,,,,,1
Sonic Highways,Foo Fighters,Foo Fighters,,,,,1
Skin And Bones (Live),Foo Fighters,Foo Fighters,,,,,1
Chandni Raat,Ali Sethi,Ali Sethi,,,,,1
Lonely People,Orla Gartland,Orla Gartland,,,,,1
We Sell Drugs,Tribe Society,Tribe Society,,,,,1
Homerun,Gotthard,Gotthard,,,,,1
Lonely People,TonyOzs,TonyOzs,,,,,1
Lonely People,Rickie Lee Jones,Rickie Lee Jones,,,,,1
All The Stars and Boulevards,Augustana,Augustana,,,,,1
Do It All The Time,I DONT KNOW HOW BUT THEY FOUND ME,I DONT KNOW HOW BUT THEY FOUND ME,,,,,1
"Symphony No.9 In D Minor Opus 125 ""Choral"" - L. Van Beethoven",Ludwig van Beethoven,Ludwig van Beethoven,,,,,1
Tuyo (Narcos Theme),Rodrigo Amarante,Rodrigo Amarante,,,,,1
Man of the Woods,Justin Timberlake,Justin Timberlake,,,,,1
Tetra,C2C,C2C,,,,,1
Crush,Tessa Violet,Tessa Violet,,,,,1
Pop Food,Jack Stauber,Jack Stauber,,,,,1
GTTM: Goin Thru the Motions,PnB Rock,PnB Rock,,,,,1
Namastey London,Himesh Reshammiya,Himesh Reshammiya,,,,,1
Masti,Anand Raj Anand,Anand Raj Anand,,,,,1
Ek Villain,Adnan Dhool,Adnan Dhool,,,,,1
Yaariyan,Momina Mustehsan,Momina Mustehsan,,,,,1
The Music Behind the Magic,Jason Weaver,Jason Weaver,,,,,1
Girl (Acoustic) - Single,SYML,SYML,,,,,1
The Nat King Cole Story,Nat King Cole,Nat King Cole,,,,,1
This Guy's In Love,Steve Tyrell,Steve Tyrell,,,,,1
Francis A. & Edward K.,Frank Sinatra,Frank Sinatra,,,,,1
The Flying Platters Around The World,The Platters,The Platters,,,,,1
Put Your Head On My Shoulder: The Very Best Of Paul Anka,Paul Anka,Paul Anka,,,,,1
Piano In The Background,Duke Ellington,Duke Ellington,,,,,1
Sinatra Sings Alan & Marilyn Bergman,Frank Sinatra,Frank Sinatra,,,,,1
"Jobim, Vinicius, Baden, Menescal, Lyra...",Antônio Carlos Jobim,Antônio Carlos Jobim,,,,,1
The Definitive Collection,Neil Sedaka,Neil Sedaka,,,,,1
With A Smile And A Song,Doris Day,Doris Day,,,,,1
Bare Bones,Madeleine Peyroux,Madeleine Peyroux,,,,,1
Ella Fitzgerald Sings The Duke Ellington Song Book,Ella Fitzgerald,Ella Fitzgerald,,,,,1
Your Shirt,Chelsea Cutler,Chelsea Cutler,,,,,1
Brother,Kodaline,Kodaline,,,,,1
Sad!,Bailey Jehl,Bailey Jehl,,,,,1
I Will Wait,The Mayries,The Mayries,,,,,1
Solo,Dan Berk,Dan Berk,,,,,1
Only Girl (In The World),Lola Rhodes,Lola Rhodes,,,,,1
Crazy,Linn Brikell,Linn Brikell,,,,,1
Covers EP,The Lidls,The Lidls,,,,,1
Why Worry: A Collection of Covers,Molly Parden,Molly Parden,,,,,1
2U,Clementine Duo,Clementine Duo,,,,,1
Don't Let Me Down,The Chainsmokers,The Chainsmokers,,,,,1
High & Low,Dominik Klein,Dominik Klein,,,,,1
deep end,FINLAY,FINLAY,,,,,1
Home,Noah Parker,Noah Parker,,,,,1
Wasted Luv,DAYVID,DAYVID,,,,,1
Lost Boy,Ruth B.,Ruth B.,,,,,1
DUELE EL CORAZON (feat. Wisin),Enrique Iglesias,Enrique Iglesias,,,,,1
Crime of a Scene,Von Sell,Von Sell,,,,,1
Roses,The Chainsmokers,The Chainsmokers,,,,,1
Shout Out Loud,Judah Holiday,Judah Holiday,,,,,1
Nervous,Snowtown,Snowtown,,,,,1
Trippin',Becoming Young,Becoming Young,,,,,1
The Temptations Sing Smokey,The Temptations,The Temptations,,,,,1
Armageddon - The Album,Aerosmith,Aerosmith,,,,,1
Is It Over,FearZ,FearZ,,,,,1
aurora arc,BUMP OF CHICKEN,BUMP OF CHICKEN,,,,,1
仮面ライダーカブト 2ndエンディング・テーマ LORD OF THE SPEED,RIDER CHIPS,RIDER CHIPS,,,,,1
Sol De Mi Vida: Vocalized,Dinamarca,Dinamarca,,,,,1
All We Are,Sam Dickinson,Sam Dickinson,,,,,1
Buzz Effect,BUZZ,BUZZ,,,,,1
Just As I Am,Bill Withers,Bill Withers,,,,,1
Special Prayer,Percy Sledge,Percy Sledge,,,,,1
RnB 90's,All-4-One,All-4-One,,,,,1
The Anthology,The Ink Spots,The Ink Spots,,,,,1
Driving Anthems,Rupert Holmes,Rupert Holmes,,,,,1
The Best Of The Temprees,The Temprees,The Temprees,,,,,1
Super Éxitos de los 80,The Gattes Band,The Gattes Band,,,,,1
I Wish You Love: More From The Bodyguard,Whitney Houston,Whitney Houston,,,,,1
Best of 2016,OneRepublic,OneRepublic,,,,,1
Glabal Metamorphosis Sharts Fusion,ZZanu,ZZanu,,,,,1
Symphony,2017 Dynamo Hitz,2017 Dynamo Hitz,,,,,1
2017 Pop Hits 2,Andres Espinosa,Andres Espinosa,,,,,1
Symphony Hits,Isabella Perone,Isabella Perone,,,,,1
Move Your Hits,Sophie Delforge,Sophie Delforge,,,,,1
Top 10 Spring 2017,Sophie Delforge,Sophie Delforge,,,,,1
"A Thousand Years (From ""Twilight-Saga: Breaking Dawn, Pt. 1"")",David Hodges,David Hodges,,,,,1
A Thousand Years,David Hodges,David Hodges,,,,,1
Once Upon A Christmas,Dolly Parton,Dolly Parton,,,,,1
2016 Workout Mix: New Years Resolution,Fitspo,Fitspo,,,,,1
Charts 2016,Charts 2016,Charts 2016,,,,,1
Chart Tunes,Chart Tunes,Chart Tunes,,,,,1
Big Hot Charts,Chart Hits 2015,Chart Hits 2015,,,,,1
Piano Dreamers Cover Charlie Puth,Piano Dreamers,Piano Dreamers,,,,,1
RITMO (Bad Boys For Life),Black Eyed Peas,Black Eyed Peas,,,,,1
Bandit (with YoungBoy Never Broke Again),Juice WRLD,Juice WRLD,,,,,1
Love Again,New Hope Club,New Hope Club,,,,,1
Looking for Alaska (Music from the Original Series),The Strokes,The Strokes,,,,,1
Feelings,Lauv,Lauv,,,,,1
Down Wit It,Ashley Schultz,Ashley Schultz,,,,,1
Give Up (Deluxe 10th Anniversary Edition),The Postal Service,The Postal Service,,,,,1
From Home to Hospital St.,Rural Zombies,Rural Zombies,,,,,1
An Honest Mistake (feat. Lizzy Land),Mating Ritual,Mating Ritual,,,,,1
Kisi Aur Naal,Asees Kaur,Asees Kaur,,,,,1
Bewafa,Imran Khan,Imran Khan,,,,,1
Blood On The Tracks,Bob Dylan,Bob Dylan,,,,,1
The Ultimate Singer Songwriter Album Vol.1,Death Cab for Cutie,Death Cab for Cutie,,,,,1
Amungen,Harry Bergqvist,Harry Bergqvist,,,,,1
Lying To Myself,Once Proven,Once Proven,,,,,1
Atlas: Touch,Sleeping At Last,Sleeping At Last,,,,,1
Spotify Singles,Lauv,Lauv,,,,,1
Path to Freedom,Michel Landau,Michel Landau,,,,,1
Chrysanthemums,Brock Samuel,Brock Samuel,,,,,1
Distant Memories,Zoé de Vera,Zoé de Vera,,,,,1
Scarlet,Antonella Schiavone,Antonella Schiavone,,,,,1
Reminiscence Of Innocence,Ossie Woods,Ossie Woods,,,,,1
Demi Sec,Sub-City Keys,Sub-City Keys,,,,,1
"Evenings on Instagram, Pt. I",Jef Martens,Jef Martens,,,,,1
One Kiss (with Dua Lipa) [Remixes],Calvin Harris,Calvin Harris,,,,,1
They Say It's Spring,Blossom Dearie,Blossom Dearie,,,,,1
Their Greatest Yiddish Hits,The Barry Sisters,The Barry Sisters,,,,,1
Sings Comden and Green,Blossom Dearie,Blossom Dearie,,,,,1
Jukebox Hits 1935-1947,Jimmie Lunceford,Jimmie Lunceford,,,,,1
Come Swing With Me! - Remastered,Frank Sinatra,Frank Sinatra,,,,,1
Pure Gold,Perry Como,Perry Como,,,,,1
Love Is The Thing,Lena Horne,Lena Horne,,,,,1
Pecker,The Rock-A-Teens,The Rock-A-Teens,,,,,1
Tenderloin,Maurice Evans,Maurice Evans,,,,,1
Jazz Masters,Charlie Parker,Charlie Parker,,,,,1
"Anderson, L.: Orchestral Music, Vol. 3 - Sleigh Ride / The Typewriter / Plink, Plank, Plunk! / The Syncopated Clock",Leroy Anderson,Leroy Anderson,,,,,1
The Best Of Miss Peggy Lee,Peggy Lee,Peggy Lee,,,,,1
"Blossom Dearie, Soubrette: Sings Broadway Hits Songs",Blossom Dearie,Blossom Dearie,,,,,1
We Made It,Louis Tomlinson,Louis Tomlinson,,,,,1
Flower Drum Song - The New Broadway Cast Recording,Soundtrack/Cast Album,Soundtrack/Cast Album,,,,,1
Loveholic Arijit Singh,Mithoon,Mithoon,,,,,1
Easier (feat. SHAED),Mansionair,Mansionair,,,,,1
Trampoline,SHAED,SHAED,,,,,1
Andhadhun,Arijit Singh,Arijit Singh,,,,,1
BEAT TAPE 29,your best friend jippy,your best friend jippy,,,,,1
When We Were Young,Adele,Adele,,,,,1
One Kiss (with Dua Lipa),Calvin Harris,Calvin Harris,,,,,1
Everybody Loves A Clown,Gary Lewis & The Playboys,Gary Lewis & The Playboys,,,,,1
Vitals,Mutemath,Mutemath,,,,,1
Ganpati Aala Re,Kaam Bhaari,Kaam Bhaari,,,,,1
Khuja Mat,MC STAN,MC STAN,,,,,1
Fatke,Naezy,Naezy,,,,,1
Centuries (Piano Version),Piano Music Masters,Piano Music Masters,,,,,1
Mute (feat. Elvis Brown),Raja Kumari,Raja Kumari,,,,,1
The Come Up,Raja Kumari,Raja Kumari,,,,,1
"Husn Parcham (From ""Zero"")",Bhoomi Trivedi,Bhoomi Trivedi,,,,,1
"The Wakhra Song (From ""Judgementall Hai Kya"")",Navv Inder,Navv Inder,,,,,1
Different World,Alan Walker,Alan Walker,,,,,1
Haunt You,Social House,Social House,,,,,1
Painkiller,Ruel,Ruel,,,,,1
Cats,Andrew Lloyd Webber,Andrew Lloyd Webber,,,,,1
'Til Your River Runs Dry,Eric Burdon,Eric Burdon,,,,,1
Dance Pop 4,Circuit Shaker,Circuit Shaker,,,,,1
Electropop,Circuit Shaker,Circuit Shaker,,,,,1
Erik Satie & Friends,Erik Satie,Erik Satie,,,,,1
Mirrors the Sky,Lyla Foy,Lyla Foy,,,,,1
Memory Palace,Stone Cold Fox,Stone Cold Fox,,,,,1
No Love Deep Web,Death Grips,Death Grips,,,,,1
Still Life,Kevin Morby,Kevin Morby,,,,,1
Gold Confetti,Imperial Mammoth,Imperial Mammoth,,,,,1
The Double EP: A Sea of Split Peas,Courtney Barnett,Courtney Barnett,,,,,1
Sand + Silence,The Rosebuds,The Rosebuds,,,,,1
Chronovision,Oberhofer,Oberhofer,,,,,1
Foxworth Hall,Foxworth Hall,Foxworth Hall,,,,,1
Nu Soul 3,Robbie Nevil,Robbie Nevil,,,,,1
Renegade,DANK,DANK,,,,,1
Holst: The Planets,Gustav Holst,Gustav Holst,,,,,1
Ladies Night,11 Acorn Lane,11 Acorn Lane,,,,,1
BoJack Horseman (Music from the Netflix Original Series),Jane Krakowski,Jane Krakowski,,,,,1
"Wacky Kids & Cartoon Tunes: Toons, Circus & Comedy",Smashtrax,Smashtrax,,,,,1
Think Tank,Tank and The Bangas,Tank and The Bangas,,,,,1
An Unwavering Band of Light,Jenny Owen Youngs,Jenny Owen Youngs,,,,,1
MASSEDUCTION,St. Vincent,St. Vincent,,,,,1
"Indie Poppers, Vol. 5",Ashley Clark,Ashley Clark,,,,,1
Deep End,Doc Robinson,Doc Robinson,,,,,1
Tragedy & Romance,Frank Tapp,Frank Tapp,,,,,1
Easy Listening Rarities,Peter Sivo Band,Peter Sivo Band,,,,,1
Old World Folk,Phil Bender-Stone,Phil Bender-Stone,,,,,1
Heaven Or Las Vegas (Remastered),Cocteau Twins,Cocteau Twins,,,,,1
Lost In The Dream,The War On Drugs,The War On Drugs,,,,,1
Lifehouse,Lifehouse,Lifehouse,,,,,1
Lonely Shade of Blue,Nick Leng,Nick Leng,,,,,1
Singular Act I,Sabrina Carpenter,Sabrina Carpenter,,,,,1
Superlife,2Scratch,2Scratch,,,,,1
Boom Shankar,Gurbax,Gurbax,,,,,1
"Bandook Meri Laila (From ""A Gentleman"")",Ash King,Ash King,,,,,1
Ved - Single,Ritviz,Ritviz,,,,,1
Heady Cuts,Gurbax,Gurbax,,,,,1
SOS (feat. Aloe Blacc),Avicii,Avicii,,,,,1
Love Like This,Kodaline,Kodaline,,,,,1
In a Perfect World (Radio Sessions),Kodaline,Kodaline,,,,,1
One Day,Kodaline,Kodaline,,,,,1
Brand New Day,Kodaline,Kodaline,,,,,1
u,gnash,gnash,,,,,1
Aladdin,Mena Massoud,Mena Massoud,,,,,1
She Looks So Perfect,5 Seconds of Summer,5 Seconds of Summer,,,,,1
Sixteen,Ellie Goulding,Ellie Goulding,,,,,1
Señorita,Kurt Hugo Schneider,Kurt Hugo Schneider,,,,,1
Pop Art (Re-Presents),Transvision Vamp,Transvision Vamp,,,,,1
Best Of The Big Bands,Sammy Kaye,Sammy Kaye,,,,,1
Calypso Holiday,The Norman Luboff Choir,The Norman Luboff Choir,,,,,1
Legends - Al Jolson,Al Jolson,Al Jolson,,,,,1
Combo Vocal Groups Vol 3,The Ko Kos,The Ko Kos,,,,,1
Plays Duke Ellington,Thelonious Monk,Thelonious Monk,,,,,1
Hooray For Hollywood - Volume I,Doris Day,Doris Day,,,,,1
The Very Best Of,The Dinning Sisters,The Dinning Sisters,,,,,1
Winley Records Presents Doo Wop,Little Anthony,Little Anthony,,,,,1
The Best Of Rick Nelson,Ricky Nelson,Ricky Nelson,,,,,1
'S Marvelous,Ray Conniff,Ray Conniff,,,,,1
Solo Monk,Thelonious Monk,Thelonious Monk,,,,,1
Tinderbox,Siouxsie and the Banshees,Siouxsie and the Banshees,,,,,1
The Kingston Trio,The Kingston Trio,The Kingston Trio,,,,,1
Life Goes On,Paul Williams,Paul Williams,,,,,1
VENIN,Santyna,Santyna,,,,,1
Roses,GASHI,GASHI,,,,,1
Pull Up,Davo,Davo,,,,,1
Superorganism,Superorganism,Superorganism,,,,,1
Viet Rose,LANKS,LANKS,,,,,1
Changes,Mutemath,Mutemath,,,,,1
"Sheher Ki Ladki (From ""Khandaani Shafakhana"")",Badshah,Badshah,,,,,1
Oxymoron,ScHoolboy Q,ScHoolboy Q,,,,,1
"Dead Cities, Red Seas & Lost Ghosts",M83,M83,,,,,1
Goo,Sonic Youth,Sonic Youth,,,,,1
Novö Piano,Maxence Cyrin,Maxence Cyrin,,,,,1
Change The Beat - The Celluloid Records Story 1979 - 1987,Time Zone,Time Zone,,,,,1
While I'm Livin',Tanya Tucker,Tanya Tucker,,,,,1
Disney Princesses,Amy Adams,Amy Adams,,,,,1
A Girl Called Dusty,Dusty Springfield,Dusty Springfield,,,,,1
i hope u never get over me,Brett Castro,Brett Castro,,,,,1
Call Me Irresponsible/The Great Songs From 'My Fair Lady' And Other Broadway Hits,Andy Williams,Andy Williams,,,,,1
Love Songs,Nat King Cole,Nat King Cole,,,,,1
The Best Of Timi Yuro,Timi Yuro,Timi Yuro,,,,,1
Flaming Pie,Paul McCartney,Paul McCartney,,,,,1
Invitation To The Movies,Matt Monro,Matt Monro,,,,,1
Unplugged,Donovan,Donovan,,,,,1
Folie à Deux,Fall Out Boy,Fall Out Boy,,,,,1
"That's On Me (Remix) [feat. 2 Chainz, T.I., Rich The Kid, Jeezy, Boosie Badazz & Trapboy Freddy]",Yella Beezy,Yella Beezy,,,,,1
White Boi,Dillon Francis,Dillon Francis,,,,,1
"Pal Pal Dil Ke Paas- Title Track (From ""Pal Pal Dil Ke Paas"")",Arijit Singh,Arijit Singh,,,,,1
EK Ladki Ko Dekha,Bhagyesh Hendre,Bhagyesh Hendre,,,,,1
"Dua Karo (From ""Street Dancer 3D"")",Sachin-Jigar,Sachin-Jigar,,,,,1
Fast Slow Disco,St. Vincent,St. Vincent,,,,,1
Strange Pleasures,Still Corners,Still Corners,,,,,1
empty.road,eery,eery,,,,,1
Six Feet Under,Billie Eilish,Billie Eilish,,,,,1
bitches broken hearts,Billie Eilish,Billie Eilish,,,,,1
Dear Society,Madison Beer,Madison Beer,,,,,1
Shadowboxer,Mansionair,Mansionair,,,,,1
"Mozart (A Homage) - 250 Year Celebration, Vol. 5 (Opera Gala)",Wolfgang Amadeus Mozart,Wolfgang Amadeus Mozart,,,,,1
You Can't Stop The Bum Rush,Len,Len,,,,,1
Catholic Boy,The Jim Carroll Band,The Jim Carroll Band,,,,,1
Back to the Boom Boom,Jerry Honigman,Jerry Honigman,,,,,1
Black Swan,BTS,BTS,,,,,1
Rest in Paradise,32Stitches,32Stitches,,,,,1
IDKW (with Shenseea & Swae Lee feat. Young Thug),Rvssian,Rvssian,,,,,1
Me Gusta,Shakira,Shakira,,,,,1
Hey Little Girl,Leah Khambata,Leah Khambata,,,,,1
me & ur ghost,blackbear,blackbear,,,,,1
Bikini Porn,Tove Lo,Tove Lo,,,,,1
Bad Girl,Purple Patch,Purple Patch,,,,,1
Something I Said,Moli,Moli,,,,,1
Big Fugitive Life,Ezra Furman,Ezra Furman,,,,,1
Full Circle,Five Finger Death Punch,Five Finger Death Punch,,,,,1
The End of All We Know,Bleed From Within,Bleed From Within,,,,,1
Popular Monster,Falling In Reverse,Falling In Reverse,,,,,1
Fighting With My Family - The Original Soundtrack,Iron Maiden,Iron Maiden,,,,,1
Time Tells No Lies,Praying Mantis,Praying Mantis,,,,,1
Welcome to Hell,Venom,Venom,,,,,1
Fabulous Disaster,Exodus,Exodus,,,,,1
...And Justice For All,Metallica,Metallica,,,,,1
No More Tears (Expanded Edition),Ozzy Osbourne,Ozzy Osbourne,,,,,1
Shout At The Devil,Mötley Crüe,Mötley Crüe,,,,,1
Blackout,Scorpions,Scorpions,,,,,1
Tygers of Pan Tang,Tygers Of Pan Tang,Tygers Of Pan Tang,,,,,1
March Of The Saint,Armored Saint,Armored Saint,,,,,1
Melissa,Mercyful Fate,Mercyful Fate,,,,,1
All for One,Raven,Raven,,,,,1
Dressed To Kill,KISS,KISS,,,,,1
Don't Break the Oath,Mercyful Fate,Mercyful Fate,,,,,1
Too Fast For Love,Mötley Crüe,Mötley Crüe,,,,,1
Among The Living,Anthrax,Anthrax,,,,,1
Rock With the Hot 8,Hot 8 Brass Band,Hot 8 Brass Band,,,,,1
The Hotel Café presents... Winter Songs,Catherine Feeny,Catherine Feeny,,,,,1
The Lion The Beast The Beat,Grace Potter & The Nocturnals,Grace Potter & The Nocturnals,,,,,1
Bomb In A Birdcage,A Fine Frenzy,A Fine Frenzy,,,,,1
Wherever You Will Go,Charlene Soraia,Charlene Soraia,,,,,1
Pleasantville -Music From The Motion Picture,Fiona Apple,Fiona Apple,,,,,1
Shaayad,Taba Chake,Taba Chake,,,,,1
Kun,Parvaaz,Parvaaz,,,,,1
Rooh,aswekeepsearching,aswekeepsearching,,,,,1
Chehra,Hanita Bhambri,Hanita Bhambri,,,,,1
Beparwahi,Shashaa Tirupati,Shashaa Tirupati,,,,,1
Now We Begin,Arun Kamath,Arun Kamath,,,,,1
Intezaar,Arijit Singh,Arijit Singh,,,,,1
Black Bear,Andrew Belle,Andrew Belle,,,,,1
Remind Me to Forget,Kygo,Kygo,,,,,1
Down Low,Astrid S,Astrid S,,,,,1
Lupe Fiasco's Food & Liquor,Lupe Fiasco,Lupe Fiasco,,,,,1
Kill For Love,Chromatics,Chromatics,,,,,1
Gallows,DRAMA,DRAMA,,,,,1
Columbia Country Classics Volume 3: Americana,Fess Parker,Fess Parker,,,,,1
stupid,Tate McRae,Tate McRae,,,,,1
Assassin's Creed 2 (Original Game Soundtrack),Jesper Kyd,Jesper Kyd,,,,,1
Assassin's Creed Revelations (The Complete Recordings) [Original Game Soundtrack],Lorne Balfe,Lorne Balfe,,,,,1
Coke Studio Season 9: Sound of the Nation,Shiraz Uppal,Shiraz Uppal,,,,,1
Just Friends,Andy Kong,Andy Kong,,,,,1
Retrofuturism,VHS Collection,VHS Collection,,,,,1
We Could Be Beautiful,Wrabel,Wrabel,,,,,1
Eccentric Soul: The Nickel and Penny Labels,Jerry Townes,Jerry Townes,,,,,1
"Holst: The Planets, Op. 32 - Matthews: Pluto, the Renewer",Gustav Holst,Gustav Holst,,,,,1
Christmas Eve,Burl Ives,Burl Ives,,,,,1
Highwayman,The Highwaymen,The Highwaymen,,,,,1
Neveroddoreven,I Monster,I Monster,,,,,1
Songs of the Great War - World War I Greatest Songs,Charles Hart,Charles Hart,,,,,1
Super Hits,Brook Benton,Brook Benton,,,,,1
Safe and Sound,Yoke Lore,Yoke Lore,,,,,1
Zero,Bhoomi Trivedi,Bhoomi Trivedi,,,,,1
Zero,Kunal Ganjawala,Kunal Ganjawala,,,,,1
Zero,Jyoti Nooran,Jyoti Nooran,,,,,1
Zero,Romy,Romy,,,,,1
Zero,Altamash Faridi,Altamash Faridi,,,,,1
Swades,Madhushri,Madhushri,,,,,1
Kabhi Alvida Naa Kehna (Original Motion Picture Soundtrack),Shankar Mahadevan,Shankar Mahadevan,,,,,1
Yes Boss,Udit Narayan,Udit Narayan,,,,,1
"Safar (From ""Jab Harry Met Sejal"")",Pritam,Pritam,,,,,1
Uyire (Original Motion Picture Soundtrack),Srinivas,Srinivas,,,,,1
Uyire (Original Motion Picture Soundtrack),Unni Menon,Unni Menon,,,,,1
Uyire (Original Motion Picture Soundtrack),Febi,Febi,,,,,1
Uyire (Original Motion Picture Soundtrack),Hariharan,Hariharan,,,,,1
Chennai Express,Amitabh Bhattacharya,Amitabh Bhattacharya,,,,,1
Chennai Express,Brodha V,Brodha V,,,,,1
Chennai Express,Phoenyx,Phoenyx,,,,,1
My Name Is Khan (Original Motion Picture Soundtrack),Sandesh Shandilya,Sandesh Shandilya,,,,,1
Ra-One,Sidd Coutto,Sidd Coutto,,,,,1
Ra-One,Vishal Dadlani,Vishal Dadlani,,,,,1
Ra-One,Sukhwinder Singh,Sukhwinder Singh,,,,,1
Stole Your Car,Charlotte Lawrence,Charlotte Lawrence,,,,,1
Brand X: Get Connected,The Midi Mafia,The Midi Mafia,,,,,1
Klassik ohne Krise: Grandioser Gesang,Carl Maria von Weber,Carl Maria von Weber,,,,,1
"Schubert: Piano Sonata D.959 & Minuets D. 334, D. 335, D. 600",Franz Schubert,Franz Schubert,,,,,1
Come Softly To Me: The Very Best Of The Fleetwoods,The Fleetwoods,The Fleetwoods,,,,,1
Mr. Blue Sky,Scott Bradlee's Postmodern Jukebox,Scott Bradlee's Postmodern Jukebox,,,,,1
Dil Chahta Hai,Mike Harvey,Mike Harvey,,,,,1
Dil Chahta Hai,Shankar-Ehsaan-Loy,Shankar-Ehsaan-Loy,,,,,1
Taare Zameen Par,Vishal Dadlani,Vishal Dadlani,,,,,1
Asal Mein - Single,Darshan Raval,Darshan Raval,,,,,1
Rahogi Meri,Pritam,Pritam,,,,,1
"Phir Na Milen Kabhi (From ""Malang - Unleash The Madness"")",Ankit Tiwari,Ankit Tiwari,,,,,1
Chitthi Bhitra,Sajjan Raj Vaidya,Sajjan Raj Vaidya,,,,,1
Ocean,Ella Vos,Ella Vos,,,,,1
Coffee,beabadoobee,beabadoobee,,,,,1
"Pyaar Tenu Karda Gabru (From ""Shubh Mangal Zyada Saavdhan"")",Romy,Romy,,,,,1
"Do You Love Me (From ""Baaghi 3"")",Nikhita Gandhi,Nikhita Gandhi,,,,,1
Jwalamukhi (Female Version),A.R. Rahman,A.R. Rahman,,,,,1
Tu Bhi Royega,Jyotica Tangri,Jyotica Tangri,,,,,1
Shubh Mangal Zyada Saavdhan,Arijit Singh,Arijit Singh,,,,,1
Champion,Parichay,Parichay,,,,,1
"Ek Zindagi (From ""Angrezi Medium"")",Taniskaa Sanghvi,Taniskaa Sanghvi,,,,,1
Har Kisse Ke Hisse - Kaamyaab,Ash King,Ash King,,,,,1
Naina Churaye (feat. Danish Sabri),Gourov-Roshin,Gourov-Roshin,,,,,1
Tum Jo Mile,Suryaveer,Suryaveer,,,,,1
Darmiyaan,Vasuda Sharma,Vasuda Sharma,,,,,1
"Rukawat Ke Liye Khed Hai (From ""Door Ke Darshan"")",Meet Bros.,Meet Bros.,,,,,1
Begin Again - Music From And Inspired By The Original Motion Picture,CeeLo Green,CeeLo Green,,,,,1
Har Kisse Ke Hisse - Kaamyaab,Bappi Lahiri,Bappi Lahiri,,,,,1
Tum Mil Jao,Ketaki Mategaonkar,Ketaki Mategaonkar,,,,,1
Can't Buy Happiness,Tash Sultana,Tash Sultana,,,,,1
Talk It Out,Matt Corby,Matt Corby,,,,,1
Like a Fire,Kaleo,Kaleo,,,,,1
Somewhere Over The Rainbow,Ariana Grande,Ariana Grande,,,,,1
Somewhere Over The Rainbow,Peter Blitz,Peter Blitz,,,,,1
The Voyage,Celestial Aeon Project,Celestial Aeon Project,,,,,1
"Lullaby Baby, Vol. 2",Nursery Rhymes 123,Nursery Rhymes 123,,,,,1
Songs of Cinema,Michael Bolton,Michael Bolton,,,,,1
Carry Me Away,John Mayer,John Mayer,,,,,1
Big Daddy,Just Sul,Just Sul,,,,,1
Don't Hit My Phone,MwiHero,MwiHero,,,,,1
A Lonely Ocean's Roar,Loch Govna,Loch Govna,,,,,1
Sigues Con El,Arcángel,Arcángel,,,,,1
Rainy Day,Peter Cavallo,Peter Cavallo,,,,,1
Highlands,Steve Jones Swiff,Steve Jones Swiff,,,,,1
Une âme brisée,Gabriela Tolda,Gabriela Tolda,,,,,1
Mass,Zwera,Zwera,,,,,1
Ala,Joep Beving,Joep Beving,,,,,1
See you in the morning,Wendy Salisbury,Wendy Salisbury,,,,,1
Whenever You're With Me,Maura Huffman,Maura Huffman,,,,,1
A Letter,Rebecca Leonard,Rebecca Leonard,,,,,1
October stroll,Jutila,Jutila,,,,,1
Dells Pond,Elizabeth Bouknight,Elizabeth Bouknight,,,,,1
Dreamery,Eliza Kloppers,Eliza Kloppers,,,,,1
Willow,Herbert Campas,Herbert Campas,,,,,1
A New Day,Marcus Ackermann,Marcus Ackermann,,,,,1
Trozo Revisited,Tristan Eckerson,Tristan Eckerson,,,,,1
Dust,Verinda,Verinda,,,,,1
Tuesday Saunter,Dana Meijer,Dana Meijer,,,,,1
I Try,Helena Gabriel,Helena Gabriel,,,,,1
De Angelis,Antoine Minot,Antoine Minot,,,,,1
Road to Eternity,Flip Espeler,Flip Espeler,,,,,1
Softest Touch,Eamonn Watt,Eamonn Watt,,,,,1
From This Day,Anthony Sullivan,Anthony Sullivan,,,,,1
Grandmother's Song,Way Beyond,Way Beyond,,,,,1
No More,Jenifer Quai,Jenifer Quai,,,,,1
Recluse,Pavel Antonov Manev,Pavel Antonov Manev,,,,,1
Didn't I,OneRepublic,OneRepublic,,,,,1
Dance Monkey,Vibe2Vibe,Vibe2Vibe,,,,,1
Worry About Me (feat. blackbear),Ellie Goulding,Ellie Goulding,,,,,1
The Other Side (from Trolls World Tour),SZA,SZA,,,,,1
No Shame,5 Seconds of Summer,5 Seconds of Summer,,,,,1
Feel Me,Selena Gomez,Selena Gomez,,,,,1
The Orchestral Score From Baz Luhrmann's Film The Great Gatsby,Craig Armstrong,Craig Armstrong,,,,,1
Grateful,DJ Khaled,DJ Khaled,,,,,1
Rue de Rivoli,Francine Leblanc,Francine Leblanc,,,,,1
My Life Is A Song For You,Tom Rosenthal,Tom Rosenthal,,,,,1
Ripples on a Pond,Jonas Holmes,Jonas Holmes,,,,,1
Morning,Dylan Francis,Dylan Francis,,,,,1
Aller Anfang ist schwer,Jens Wechsler,Jens Wechsler,,,,,1
Gelsomino,Darrell Vitagliano,Darrell Vitagliano,,,,,1
Like Home,Jakob Ahlbom,Jakob Ahlbom,,,,,1
Bestemor,Paul Todnem,Paul Todnem,,,,,1
Magnolia,Snow in April,Snow in April,,,,,1
Fjord,Vegard,Vegard,,,,,1
For the Love of Love,Novo Talos,Novo Talos,,,,,1
Requiem,Joaquin Mans,Joaquin Mans,,,,,1
Magari,Riccardo Lettiere,Riccardo Lettiere,,,,,1
Clear Blue Skies,Edward Elysseus,Edward Elysseus,,,,,1
Phenomenon,UFO,UFO,,,,,1
Original Album Classics,Christophe,Christophe,,,,,1
Singles + faces b 1967-1969,Salvatore Adamo,Salvatore Adamo,,,,,1
Bettye Swann,Bettye Swann,Bettye Swann,,,,,1
Part Of The Light,Ray LaMontagne,Ray LaMontagne,,,,,1
Careless,Stephen Bishop,Stephen Bishop,,,,,1
Let's Keep It That Way,Anne Murray,Anne Murray,,,,,1
Greatest Motown Hits,Jimmy Ruffin,Jimmy Ruffin,,,,,1
Mr. Soul,Sam Cooke,Sam Cooke,,,,,1
Avalon Sunset,Van Morrison,Van Morrison,,,,,1
To All The Girls...,Willie Nelson,Willie Nelson,,,,,1
Wild Palms,Frankie Valli,Frankie Valli,,,,,1
My Fair Lady (2018 Broadway Cast Recording),Lauren Ambrose,Lauren Ambrose,,,,,1
Day By Night (with Paul Weston & His Music From Hollywood),Doris Day,Doris Day,,,,,1
Good Thing,Leon Bridges,Leon Bridges,,,,,1
Bad Self Portraits,Lake Street Dive,Lake Street Dive,,,,,1
Wings At The Speed Of Sound,Wings,Wings,,,,,1
Anyone,Demi Lovato,Demi Lovato,,,,,1
All The Light Above It Too,Jack Johnson,Jack Johnson,,,,,1
Acoustic Soul,John Cruz,John Cruz,,,,,1
New Moon Shine,James Taylor,James Taylor,,,,,1
The Blessing,Kari Jobe,Kari Jobe,,,,,1
The Box (Roddy Ricch Remix),Jamelo,Jamelo,,,,,1
Secret Sauce,Monica Dogra,Monica Dogra,,,,,1
Rodeo,Lil Nas X,Lil Nas X,,,,,1
teenage angst EP,renforshort,renforshort,,,,,1
Falling (Summer Walker Remix),Trevor Daniel,Trevor Daniel,,,,,1
Bindis and Bangles,Raja Kumari,Raja Kumari,,,,,1
Adore You,Harry Styles,Harry Styles,,,,,1
ME BECAUSE OF YOU,HRVY,HRVY,,,,,1
Hard To Forget,Sam Hunt,Sam Hunt,,,,,1
Calling On Me,Sean Paul,Sean Paul,,,,,1
Karwaan,Saba Azad,Saba Azad,,,,,1
Tarzan - Original Motion Picture Soundtrack,Phil Collins,Phil Collins,,,,,1
I Am Easy to Find,The National,The National,,,,,1
Lost,End of the World,End of the World,,,,,1
Caer,Twin Shadow,Twin Shadow,,,,,1
Remixed,St. Lucia,St. Lucia,,,,,1
Roudani 434,The Atlas Collective,The Atlas Collective,,,,,1
Days Are Gone,HAIM,HAIM,,,,,1
Guts,Guts,Guts,,,,,1
Mesmeric Voice - Tulsi Kumar,Badshah,Badshah,,,,,1
Sensational Duets - Abhijeet & Alka Yagnik,Abhijeet,Abhijeet,,,,,1
Soul Provider,Michael Bolton,Michael Bolton,,,,,1
"Time, Love & Tenderness",Michael Bolton,Michael Bolton,,,,,1
The One Thing,Michael Bolton,Michael Bolton,,,,,1
Paid Vacation,Richard Marx,Richard Marx,,,,,1
Rush Street,Richard Marx,Richard Marx,,,,,1
Richard Marx,Richard Marx,Richard Marx,,,,,1
Red Rose Speedway,Wings,Wings,,,,,1
Ella And Basie,Ella Fitzgerald,Ella Fitzgerald,,,,,1
Don't Play That Song,Ben E. King,Ben E. King,,,,,1
Hit Kit,Sam Cooke,Sam Cooke,,,,,1
On the Waters,Bread,Bread,,,,,1
Walking Like We Do,The Big Moon,The Big Moon,,,,,1
Rhymes & Reasons,Carole King,Carole King,,,,,1
Atlantic Crossing,Rod Stewart,Rod Stewart,,,,,1
Led Zeppelin III,Led Zeppelin,Led Zeppelin,,,,,1
Led Zeppelin,Led Zeppelin,Led Zeppelin,,,,,1
Physical Graffiti,Led Zeppelin,Led Zeppelin,,,,,1
Green Leaves,Brooklyn Smith,Brooklyn Smith,,,,,1
Trolltunga,Olai Ruud,Olai Ruud,,,,,1
Mrs.Kelley,Leroy Bolander,Leroy Bolander,,,,,1
Fragments,Helene Roche,Helene Roche,,,,,1
Clouds,Luke Faulkner,Luke Faulkner,,,,,1
Sprites Of The Moor,Emile Franck,Emile Franck,,,,,1
Perles de pluie,Jef Martens,Jef Martens,,,,,1
Sasha,Camilla Selezneva,Camilla Selezneva,,,,,1
A Place Like This,Mildred Wolf,Mildred Wolf,,,,,1
Distance,Charles Bolt,Charles Bolt,,,,,1
Life in Process,Masaki Kawasaki,Masaki Kawasaki,,,,,1
Know Your Worth,Khalid,Khalid,,,,,1
do u even miss me at all?,gianni & kyle,gianni & kyle,,,,,1
A Love Letter To You 3,Trippie Redd,Trippie Redd,,,,,1
So Much Fun,Young Thug,Young Thug,,,,,1
LIFE'S A TRIP,Trippie Redd,Trippie Redd,,,,,1
The Rolling Stones No. 2,The Rolling Stones,The Rolling Stones,,,,,1
It's Only Rock 'N' Roll,The Rolling Stones,The Rolling Stones,,,,,1
Solitude,Joep Beving,Joep Beving,,,,,1
Evangeline,Domitila James,Domitila James,,,,,1
Somewhere in Between,Jacob LaVallee,Jacob LaVallee,,,,,1
Wiosenne Słońce,Aleksy Wysocki,Aleksy Wysocki,,,,,1
Grains,Rannar Sillard,Rannar Sillard,,,,,1
De liefdesbrief,Annebelle Coenraad,Annebelle Coenraad,,,,,1
Innocence,Olga Menchki,Olga Menchki,,,,,1
Tanken för oss vidare,Melvin Norberg,Melvin Norberg,,,,,1
"Segui il tuo corso, e lascia dir genti",Fioretta Rizzo,Fioretta Rizzo,,,,,1
Light as a Feather,Eamonn Watt,Eamonn Watt,,,,,1
Claudia,Robert Gafforelli,Robert Gafforelli,,,,,1
Listless,Alexander Bennet,Alexander Bennet,,,,,1
Reminisce,Esperanza,Esperanza,,,,,1
Björninnan,Joel Lyssarides,Joel Lyssarides,,,,,1
Abend,Elke Fischer,Elke Fischer,,,,,1
In This Way,Jacob LaVallee,Jacob LaVallee,,,,,1
Farafra,Emma Hoffman,Emma Hoffman,,,,,1
These Days,Martin Rapide,Martin Rapide,,,,,1
Notes From Tom,Jesse Brown,Jesse Brown,,,,,1
Sketches,Domenik Kalinsky,Domenik Kalinsky,,,,,1
Strange Frontier,Roger Taylor,Roger Taylor,,,,,1
Avalon,Roxy Music,Roxy Music,,,,,1
The Velvet Underground,The Velvet Underground,The Velvet Underground,,,,,1
With The Beatles,The Beatles,The Beatles,,,,,1
Definitely Maybe,Oasis,Oasis,,,,,1
Prom Queen,Catie Turner,Catie Turner,,,,,1
On the Corner Where You Live,The Paper Kites,The Paper Kites,,,,,1
Most Of Us Are Strangers,Seafret,Seafret,,,,,1
Music From The Netflix Original Series The Politician,Ben Platt,Ben Platt,,,,,1
No One Else Can Wear Your Crown,Oh Wonder,Oh Wonder,,,,,1
Massachusetts,Handsome Ghost,Handsome Ghost,,,,,1
Tourist,Axel Flóvent,Axel Flóvent,,,,,1
Featherweight,Imaginary Future,Imaginary Future,,,,,1
Waking up Slow,Gabrielle Aplin,Gabrielle Aplin,,,,,1
Make It Easy on You,Aron Wright,Aron Wright,,,,,1
I Hope,Gabby Barrett,Gabby Barrett,,,,,1
Skechers,DripReport,DripReport,,,,,1
50 Years - Don't Stop,Fleetwood Mac,Fleetwood Mac,,,,,1
Golden Hour,Kacey Musgraves,Kacey Musgraves,,,,,1
Collection One,SAINt JHN,SAINt JHN,,,,,1
Gone,The Fleetwoods,The Fleetwoods,,,,,1
Let's Play Again,The Crew Cuts,The Crew Cuts,,,,,1
The Bashful Blond,Brian Hyland,Brian Hyland,,,,,1
Begin Here,The Zombies,The Zombies,,,,,1
I Just Wasn't Made For These Times,Brian Wilson,Brian Wilson,,,,,1
The Rubinoos,The Rubinoos,The Rubinoos,,,,,1
A Nod Is as Good as a Wink... to a Blind Horse,Faces,Faces,,,,,1
Let It Be,The Replacements,The Replacements,,,,,1
The Very Best of Todd Rundgren,Todd Rundgren,Todd Rundgren,,,,,1
Mermaid Avenue,Billy Bragg,Billy Bragg,,,,,1
The Modern Lovers (Expanded Version),The Modern Lovers,The Modern Lovers,,,,,1
Labour of Lust,Nick Lowe,Nick Lowe,,,,,1
Four Sail,Love,Love,,,,,1
Girlfriend (Legacy Edition),Matthew Sweet,Matthew Sweet,,,,,1
Golfo Degli Angeli,Ada De Antonio,Ada De Antonio,,,,,1
Year of the Sunflower,Jake Scott,Jake Scott,,,,,1
Here,Leonardo Cupelli,Leonardo Cupelli,,,,,1
Stay,Chad Lawson,Chad Lawson,,,,,1
Rien N'est Éternel,Lucién,Lucién,,,,,1
Late Tuesday,Nima de Bekker,Nima de Bekker,,,,,1
Sylvia,Karim Blau,Karim Blau,,,,,1
Lost,Eamonn Watt,Eamonn Watt,,,,,1
Harbour,Bela Nemeth,Bela Nemeth,,,,,1
Prelude In A-Flat,Jackson Love,Jackson Love,,,,,1
Broertje,Mavis Marchena,Mavis Marchena,,,,,1
Grace,Carl Stark Willgold,Carl Stark Willgold,,,,,1
The Proposition,Nick Cave & Warren Ellis,Nick Cave & Warren Ellis,,,,,1
Gene Austin and his Candy and Coco,Gene Austin,Gene Austin,,,,,1
Red Right Hand,Nick Cave & The Bad Seeds,Nick Cave & The Bad Seeds,,,,,1
White Blood Cells,The White Stripes,The White Stripes,,,,,1
The White Stripes,The White Stripes,The White Stripes,,,,,1
No More Questions,Big Mother Gig,Big Mother Gig,,,,,1
Birmingham,Foxlane,Foxlane,,,,,1
Let Love In,Nick Cave & The Bad Seeds,Nick Cave & The Bad Seeds,,,,,1
Keep It Hid,Dan Auerbach,Dan Auerbach,,,,,1
Hopeless Romantics,Emmrose,Emmrose,,,,,1
Dive,Hanita Bhambri,Hanita Bhambri,,,,,1
Karein Kya,Hriday Gattani,Hriday Gattani,,,,,1
i'd even let you kill me,Kaxi,Kaxi,,,,,1
Memento Mori,Lamb of God,Lamb of God,,,,,1
hopes,Teodor Wolgers,Teodor Wolgers,,,,,1
fabienne,Klaus Weissmuller,Klaus Weissmuller,,,,,1
franconia,Klaus Weissmuller,Klaus Weissmuller,,,,,1
Le Tunnel,Aeyes Libe,Aeyes Libe,,,,,1
The Loop,Dominic Walton,Dominic Walton,,,,,1
Maroon Lake,Reversible,Reversible,,,,,1
Feu noir,Luc Renot,Luc Renot,,,,,1
En ensom vals,Leah Dreyer,Leah Dreyer,,,,,1
Bjartari Timi,Elvar Arngrimsson,Elvar Arngrimsson,,,,,1
Shine,Tip Ferreira,Tip Ferreira,,,,,1
Linger,Alexander Molina,Alexander Molina,,,,,1
Pondering,Julien Thorsen,Julien Thorsen,,,,,1
Equilibrium,Kendra Logozar,Kendra Logozar,,,,,1
Solitaire,Christopher Dicker,Christopher Dicker,,,,,1
Lekko,Alonzo Gautier,Alonzo Gautier,,,,,1
Reflective Distance,Levandau,Levandau,,,,,1
When the Curtains Fall,Adelisé,Adelisé,,,,,1
Enchantment,Kendra Logozar,Kendra Logozar,,,,,1
Samarcande,Limestone Quarry,Limestone Quarry,,,,,1
The Morning After,Ricki Westberg,Ricki Westberg,,,,,1
Woodland,Evelyn Stein,Evelyn Stein,,,,,1
I Would Still Love You The Same,Benito Hidaka,Benito Hidaka,,,,,1
Unrequited,Josef Passagio,Josef Passagio,,,,,1
Elfreth’s Alley,Zachary Patel,Zachary Patel,,,,,1
Længsel,Tosh Møller,Tosh Møller,,,,,1
Assassin,Au/Ra,Au/Ra,,,,,1
Hate Story 2,Arijit Singh,Arijit Singh,,,,,1
"John Denver's Greatest Hits, Volume 3",John Denver,John Denver,,,,,1
Gentle On My Mind,Glen Campbell,Glen Campbell,,,,,1
Hometown Glory,Adele,Adele,,,,,1
By The Time I Get To Phoenix,Glen Campbell,Glen Campbell,,,,,1
Gran Separado,Leonid Gautier,Leonid Gautier,,,,,1
Crossing the Danube,Marcel Pokorný,Marcel Pokorný,,,,,1
The Highest Tide,Elba,Elba,,,,,1
Revive,Muriël Bostdorp,Muriël Bostdorp,,,,,1
Fields of Rye,Pamela Goldings,Pamela Goldings,,,,,1
A Missing Piece,Vincent Sparro,Vincent Sparro,,,,,1
Camera Obscura,Jose Carcavelos,Jose Carcavelos,,,,,1
Amuse Bouche,Yao Chen,Yao Chen,,,,,1
Dreaming,Celinia,Celinia,,,,,1
Timelapse,Minnie Scolanti,Minnie Scolanti,,,,,1
Morning Glory,Ron Dahlgreen,Ron Dahlgreen,,,,,1
Everlasting Oath,Hiroko Murakami,Hiroko Murakami,,,,,1
Lucida,Odin Sørlie,Odin Sørlie,,,,,1
Forever Right Now,Tom Brown Sterling,Tom Brown Sterling,,,,,1
Serenity Now,Mona Chu,Mona Chu,,,,,1
Ma Belle,Tiny Rhino,Tiny Rhino,,,,,1
delta/alpha,Jef Martens,Jef Martens,,,,,1
The World Is Turning,Kylian Rebour,Kylian Rebour,,,,,1
The Ones Left Behind,Martin Rapide,Martin Rapide,,,,,1
Today Is Tomorrow / Tomorrow Is Today,Blake Thompson,Blake Thompson,,,,,1
Silva Ciminia,Nicola Conti,Nicola Conti,,,,,1
Time to Heal,Vittoria Emanuelle,Vittoria Emanuelle,,,,,1
As She Slowly Walks Away,Jon Skoog,Jon Skoog,,,,,1
Rues de Flavigny,Caroline Collette,Caroline Collette,,,,,1
Isonzo,Davorka Poljak,Davorka Poljak,,,,,1
The Endless Winter,Sub-City Keys,Sub-City Keys,,,,,1
History Repeats Itself,Jose Carcavelos,Jose Carcavelos,,,,,1
GOOBA,6ix9ine,6ix9ine,,,,,1
THE SCOTTS,THE SCOTTS,THE SCOTTS,,,,,1
STELLA & STEVE,BENEE,BENEE,,,,,1
Savage Remix (feat. Beyoncé),Megan Thee Stallion,Megan Thee Stallion,,,,,1
Boss Bitch,Doja Cat,Doja Cat,,,,,1
Tusa,KAROL G,KAROL G,,,,,1
LAS QUE NO IBAN A SALIR,Yandel,Yandel,,,,,1
Por Primera Vez,Camilo,Camilo,,,,,1
Colores,J Balvin,J Balvin,,,,,1
UB40,UB40,UB40,,,,,1
Friend EP,Grizzly Bear,Grizzly Bear,,,,,1
Breakfast At Tiffany's (50th Anniversary Edition),Henry Mancini,Henry Mancini,,,,,1
Irida,Michael Brogadaccio,Michael Brogadaccio,,,,,1
Walk The Moon,WALK THE MOON,WALK THE MOON,,,,,1
Eternity,Roman Nadler,Roman Nadler,,,,,1
Yours,Luis Rigano,Luis Rigano,,,,,1
Seaside,Alfie Russell,Alfie Russell,,,,,1
Spring waltz,Clarence Öfwerman,Clarence Öfwerman,,,,,1
Lifeline,Geir Gudmundson,Geir Gudmundson,,,,,1
Sleepless,Elliot Ziegler,Elliot Ziegler,,,,,1
La vérité sera dite,Marcel Cote,Marcel Cote,,,,,1
If you ever change your mind,Santo Trevisani,Santo Trevisani,,,,,1
Gondolkodás,Bodor Vencel,Bodor Vencel,,,,,1
Petals,Floriscope,Floriscope,,,,,1
Sveima,Flóki,Flóki,,,,,1
Seasons Changing,Charles Bolt,Charles Bolt,,,,,1
Svanninge Bakker,Alida Sørby,Alida Sørby,,,,,1
Adalene,Jensine Fleischer,Jensine Fleischer,,,,,1
Tröstrapporter,Jacob Mühlrad,Jacob Mühlrad,,,,,1
The Great Escape,Matti Aalto,Matti Aalto,,,,,1
3 A.M.,Alexander Bennet,Alexander Bennet,,,,,1
Oudewater,Darrell Boxman,Darrell Boxman,,,,,1
Rêves d'éternité,Amélie Chantal,Amélie Chantal,,,,,1
Future & Juice WRLD Present... WRLD ON DRUGS,Future,Future,,,,,1
ASYLUM,A R I Z O N A,A R I Z O N A,,,,,1
Overcome,Oribu,Oribu,,,,,1
Brighter Days Ahead of Us,nord.,nord.,,,,,1
AVĪCI - 01,Avicii,Avicii,,,,,1
I Don’t Even Know You Anymore,Netsky,Netsky,,,,,1
T-Shirts,James Smith,James Smith,,,,,1
Used To Love (with Dean Lewis),Martin Garrix,Martin Garrix,,,,,1
Isolated But Not Alone,Karonik,Karonik,,,,,1
Escape,Karonik,Karonik,,,,,1
Rain On Me (with Ariana Grande),Lady Gaga,Lady Gaga,,,,,1
1999 (Deluxe Edition),Cassius,Cassius,,,,,1
Feel The Vibe,Axwell,Axwell,,,,,1
First Contact,Roger Sanchez,Roger Sanchez,,,,,1
Stargaze,Isaac Ryan,Isaac Ryan,,,,,1
New Chapter,A. Blomqvist,A. Blomqvist,,,,,1
Poison,Prodi. J,Prodi. J,,,,,1
My Feelings,Brennan Story,Brennan Story,,,,,1
Dear.,Cavetown,Cavetown,,,,,1
Singular Act II,Sabrina Carpenter,Sabrina Carpenter,,,,,1
Yours,Isak Danielson,Isak Danielson,,,,,1
Dear Madeline,Dhruv Visvanath,Dhruv Visvanath,,,,,1
Stardust,DJ Manifesto,DJ Manifesto,,,,,1
Rip It Up,Dead Or Alive,Dead Or Alive,,,,,1
Bang Your Head,Fukkk Offf,Fukkk Offf,,,,,1
Gazz,Nekromongers,Nekromongers,,,,,1
... und wir vergessen was vor uns liegt,Marathonmann,Marathonmann,,,,,1
Codex Phi,French Coq,French Coq,,,,,1
The Fall Remixes,French Coq,French Coq,,,,,1
Sólaris,Ben Frost,Ben Frost,,,,,1
Pacific Coast Highway,Fukkk Offf,Fukkk Offf,,,,,1
Scream,Smitech Wesson,Smitech Wesson,,,,,1
Dark: Cycle 1 (Original Music From The Netflix Series),Ben Frost,Ben Frost,,,,,1
Meri Aashiqui,Rochak Kohli,Rochak Kohli,,,,,1
no future,EDEN,EDEN,,,,,1
Baby,Roderick Porter,Roderick Porter,,,,,1
Fiction,Lund,Lund,,,,,1
...og lengra,Ólafur Arnalds,Ólafur Arnalds,,,,,1
ANIMA,Thom Yorke,Thom Yorke,,,,,1
re:member,Ólafur Arnalds,Ólafur Arnalds,,,,,1
Forever,ilyTOMMY,ilyTOMMY,,,,,1
Eye in the Wall,Perfume Genius,Perfume Genius,,,,,1
Midnight (feat. Liam Payne),Alesso,Alesso,,,,,1
Wave,Patrick Watson,Patrick Watson,,,,,1
Goodnight,Alfredo Evans,Alfredo Evans,,,,,1
Almost Here,Marta Cascales Alimbau,Marta Cascales Alimbau,,,,,1
Intervention,Eric Sebastian,Eric Sebastian,,,,,1
Fairytale,Monique Galant,Monique Galant,,,,,1
Papillon,Charles Weathersby,Charles Weathersby,,,,,1
coffee,sora.wav,sora.wav,,,,,1
Main Dooba Rahoon,Aditya Narayan,Aditya Narayan,,,,,1
Hawaa Banke,Hitesh Modak,Hitesh Modak,,,,,1
Bewafai,Sachet Tandon,Sachet Tandon,,,,,1
"Dilbara (B Praak Version) [From ""Pati Patni Aur Woh""]",B Praak,B Praak,,,,,1
In My Room,Jacob Collier,Jacob Collier,,,,,1
Moonstruck,Madd Pooch,Madd Pooch,,,,,1
"Die Großen Deutschen Tanzorchester, Walter Dobschinski",Detlef Lais,Detlef Lais,,,,,1
Funhouse,The Stooges,The Stooges,,,,,1
Scared to Show,Madd Pooch,Madd Pooch,,,,,1
Filament,Shankar Tucker,Shankar Tucker,,,,,1
Delhi-6,Bade Ghulam Ali Khan,Bade Ghulam Ali Khan,,,,,1
Thought of You,Rajiv Dhall,Rajiv Dhall,,,,,1
Akhiyan Udeek Diyan,Indian Ocean,Indian Ocean,,,,,1
Run it's the Kid,Run it's the Kid,Run it's the Kid,,,,,1
Half Way Home,Angel Olsen,Angel Olsen,,,,,1
( ),Sigur Rós,Sigur Rós,,,,,1
Caroline Shaw: Partita for 8 Voices,Caroline Shaw,Caroline Shaw,,,,,1
Indigo Child,Raury,Raury,,,,,1
Fun House,The Stooges,The Stooges,,,,,1
Six Feet Apart,Alec Benjamin,Alec Benjamin,,,,,1
"The Good, The Bad And The Ugly",Ennio Morricone,Ennio Morricone,,,,,1
The Mission: Music From The Motion Picture,Ennio Morricone,Ennio Morricone,,,,,1
Once Upon a Time in the West (Original Motion Picture Soundtrack),Ennio Morricone,Ennio Morricone,,,,,1
Nuovo Cinema Paradiso (Original Motion Picture Soundtrack),Ennio Morricone,Ennio Morricone,,,,,1
Kill Bill Vol. 2 Original Soundtrack,Ennio Morricone,Ennio Morricone,,,,,1
Alaska,Kalumé,Kalumé,,,,,1
Simple Things,Akshay Nandakumar,Akshay Nandakumar,,,,,1
Hi Infidelity (30th Anniversary Edition),REO Speedwagon,REO Speedwagon,,,,,1
Working Class Dog,Rick Springfield,Rick Springfield,,,,,1
Maghreb,Naezy,Naezy,,,,,1
Dark Horse,Nickelback,Nickelback,,,,,1
Viva La Vida (Prospekt's March Edition),Coldplay,Coldplay,,,,,1
Somebody Else,The 1975,The 1975,,,,,1
If You’re Too Shy (Let Me Know),The 1975,The 1975,,,,,1
The Fray,The Fray,The Fray,,,,,1
Battle Of The Sexes,Ludacris,Ludacris,,,,,1
Rated R,Rihanna,Rihanna,,,,,1
Zara Thehro,Armaan Malik,Armaan Malik,,,,,1
Jason Derulo,Jason Derulo,Jason Derulo,,,,,1
The Velvet Rope,Janet Jackson,Janet Jackson,,,,,1
Janet,Janet Jackson,Janet Jackson,,,,,1
No Boys Allowed,Keri Hilson,Keri Hilson,,,,,1
PCD,The Pussycat Dolls,The Pussycat Dolls,,,,,1
Toast to Our Differences - Deluxe Edition,Rudimental,Rudimental,,,,,1
Behind The Front,Black Eyed Peas,Black Eyed Peas,,,,,1
Eminem Presents The Re-Up,Eminem,Eminem,,,,,1
x - Wembley Edition,Ed Sheeran,Ed Sheeran,,,,,1
Stronger (Deluxe Version),Kelly Clarkson,Kelly Clarkson,,,,,1
Naagmani,Shehnai Guy,Shehnai Guy,,,,,1
Innerpartysystem,Innerpartysystem,Innerpartysystem,,,,,1
Commensality,Kinnship,Kinnship,,,,,1
Circles,Afroham,Afroham,,,,,1
Quetzal,Otaam,Otaam,,,,,1
Within,Kavv,Kavv,,,,,1
The Spreadsheet,Me And Reed,Me And Reed,,,,,1
The View / In My Head,DAO,DAO,,,,,1
Cosmonautica,[ocean jams],[ocean jams],,,,,1
Outlook,Sebastian Kamae,Sebastian Kamae,,,,,1
Atami,SamuW,SamuW,,,,,1
Daffodils,Musqitone,Musqitone,,,,,1
Chillhop Essentials Winter 2018,Hanz,Hanz,,,,,1
The Unknown,Behind Clouds,Behind Clouds,,,,,1
Better Together,Lofi Fruits Music,Lofi Fruits Music,,,,,1
Jazzin',Sweet Medicine,Sweet Medicine,,,,,1
walk but in a garden,LLusion,LLusion,,,,,1
Frosty,Sleepermane,Sleepermane,,,,,1
No Sleep,Bobby Dreamz BIG,Bobby Dreamz BIG,,,,,1
below zero,ENRA,ENRA,,,,,1
swept away,Lunchmoney,Lunchmoney,,,,,1
Chamomile,Cat Paw,Cat Paw,,,,,1
Smooth Winds,Kaizen 92,Kaizen 92,,,,,1
Chills 'n Tales,Stan Folds,Stan Folds,,,,,1
Obtain,JinSei,JinSei,,,,,1
Wine,David Cutter Music,David Cutter Music,,,,,1
distance,coffee?,coffee?,,,,,1
Crooked Teeth,.anxious.,.anxious.,,,,,1
SaDa,furino,furino,,,,,1
Topfen,Lilac,Lilac,,,,,1
Nocturnal,Houis,Houis,,,,,1
Long Way Home,.Sinh,.Sinh,,,,,1
Drift Away,JinSei,JinSei,,,,,1
Tid,Guustavv,Guustavv,,,,,1
Atrebor,Flughand,Flughand,,,,,1
Wonka Bar,Remulak,Remulak,,,,,1
Wake Up to Snow,Nokiaa,Nokiaa,,,,,1
In Here.,yeyts.,yeyts.,,,,,1
Iris,Sleepermane,Sleepermane,,,,,1
Vrbna // lvndr,Lilac,Lilac,,,,,1
Existance,H E R B,H E R B,,,,,1
perceptions,Slowheal,Slowheal,,,,,1
ragazza al mare,Wun Two,Wun Two,,,,,1
Rainbow Mountain,Shimo,Shimo,,,,,1
I Thought I Had You,Kayou.,Kayou.,,,,,1
Forest Canopy,iamalex,iamalex,,,,,1
Slothin',Snaer.,Snaer.,,,,,1
Swalla (feat. Nicki Minaj & Ty Dolla $ign),Jason Derulo,Jason Derulo,,,,,1
"Dil Na Jaaneya (From ""Good Newwz"")",Rochak Kohli,Rochak Kohli,,,,,1
Rest,Sabu,Sabu,,,,,1
Four More Shots Please!,Medha Sahi,Medha Sahi,,,,,1
Karam (Equals Sessions) - Single,Rangle Sardar,Rangle Sardar,,,,,1
Nee Aara,When Chai Met Toast,When Chai Met Toast,,,,,1
I Don't Care,Ed Sheeran,Ed Sheeran,,,,,1
"Mozart: Symphonies Nos. 25, 32 and 41",Wolfgang Amadeus Mozart,Wolfgang Amadeus Mozart,,,,,1
Birthday,Anne-Marie,Anne-Marie,,,,,1
Tilak,Bombay Bandook,Bombay Bandook,,,,,1
"Mozart: String Quintets, K. 174 and K. 515",Wolfgang Amadeus Mozart,Wolfgang Amadeus Mozart,,,,,1
Mozart: Solemn Vespers,Wolfgang Amadeus Mozart,Wolfgang Amadeus Mozart,,,,,1
Mozart: Violin Concertos Nos. 3 and 5,Wolfgang Amadeus Mozart,Wolfgang Amadeus Mozart,,,,,1
Mozart: Eine Kleine Nachtmusik,Wolfgang Amadeus Mozart,Wolfgang Amadeus Mozart,,,,,1
Mozart: Music for 2 Pianos; Piano Duets,Wolfgang Amadeus Mozart,Wolfgang Amadeus Mozart,,,,,1
Mozart Heroines,Wolfgang Amadeus Mozart,Wolfgang Amadeus Mozart,,,,,1
Mozart: Clarinet Concerto/Debussy: Première Rhapsodie/Takemitsu: Fantasma/Cantos,Wolfgang Amadeus Mozart,Wolfgang Amadeus Mozart,,,,,1
Mozart: Violin & Wind Concertos,Wolfgang Amadeus Mozart,Wolfgang Amadeus Mozart,,,,,1
"Mozart, Schubert, Ravel and Janácek: Chamber Music Selections",Endres Quartet,Endres Quartet,,,,,1
"Mozart: Piano Sonatas, Vol. 4 (Piano Sonatas Nos. 3, 7, 11 and 18)",Wolfgang Amadeus Mozart,Wolfgang Amadeus Mozart,,,,,1
"Mozart: Coronation Mass ; Exsultate, jubilate; Vesperae Solennes",Wolfgang Amadeus Mozart,Wolfgang Amadeus Mozart,,,,,1
"Mozart, W.A.: String Quartets K. 458 ""Hunt""; K. 465 ""Dissonance"" / Haydn, J.: String Quartet, Op.76 No.3 ""Emperor""",Wolfgang Amadeus Mozart,Wolfgang Amadeus Mozart,,,,,1
Mozart: Opera Arias,Wolfgang Amadeus Mozart,Wolfgang Amadeus Mozart,,,,,1
Amadeus - Best of Mozart,Wolfgang Amadeus Mozart,Wolfgang Amadeus Mozart,,,,,1
Highs & Lows,Michael Schulte,Michael Schulte,,,,,1
Rockabye (feat. Sean Paul & Anne-Marie),Clean Bandit,Clean Bandit,,,,,1
"Jook Joint Blues: Good Time Rhythm & Blues, CD C",Eddie Hope & The Mannish Boys,Eddie Hope & The Mannish Boys,,,,,1
El Negrito Dun Dun & Ricardo,Los Rakas,Los Rakas,,,,,1
Chances,Illya Kuryaki & The Valderramas,Illya Kuryaki & The Valderramas,,,,,1
Holy Fire,Foals,Foals,,,,,1
Out Of Love,Lil Tecca,Lil Tecca,,,,,1
Heaven Or Hell,Don Toliver,Don Toliver,,,,,1
Black And White,Niall Horan,Niall Horan,,,,,1
Moral of the Story (feat. Niall Horan),Ashe,Ashe,,,,,1
my future,Billie Eilish,Billie Eilish,,,,,1
Tha Carter IV,Lil Wayne,Lil Wayne,,,,,1
The Rising Tied,Fort Minor,Fort Minor,,,,,1
"Food & Liquor II: The Great American Rap Album, Pt. 1",Lupe Fiasco,Lupe Fiasco,,,,,1
Kindest Regards,Witt Lowry,Witt Lowry,,,,,1
Rolling Papers,Wiz Khalifa,Wiz Khalifa,,,,,1
Written in the Stars (feat. Eric Turner),Tinie Tempah,Tinie Tempah,,,,,1
OCD (with Dwn2earth),Logic,Logic,,,,,1
Cabin Fever,Jaden,Jaden,,,,,1
Beautiful Girls,Sean Kingston,Sean Kingston,,,,,1
Jordin Sparks,Jordin Sparks,Jordin Sparks,,,,,1
Favorite T-Shirt,Jake Scott,Jake Scott,,,,,1
Piano Book,Wolfgang Amadeus Mozart,Wolfgang Amadeus Mozart,,,,,1
Amadeus,Wolfgang Amadeus Mozart,Wolfgang Amadeus Mozart,,,,,1
"Mozart: Serenade in B Flat - ""Gran Partita""; Serenade in E Flat",Wolfgang Amadeus Mozart,Wolfgang Amadeus Mozart,,,,,1
Mozart: Nozze Di Figaro (Le) (The Marriage of Figaro),Wolfgang Amadeus Mozart,Wolfgang Amadeus Mozart,,,,,1
"Mozart: Symphonies Nos. 40, 28 and 31",Wolfgang Amadeus Mozart,Wolfgang Amadeus Mozart,,,,,1
To Die For,Sam Smith,Sam Smith,,,,,1
I Don't Think I'm Okay,Bazzi,Bazzi,,,,,1
Smile (with The Weeknd),Juice WRLD,Juice WRLD,,,,,1
Broken Glass,Promoting Sounds,Promoting Sounds,,,,,1
Lost,Lxst,Lxst,,,,,1
GO (feat. Juice WRLD),The Kid LAROI,The Kid LAROI,,,,,1
Elevated,Thekidszn,Thekidszn,,,,,1
Memory,Promoting Sounds,Promoting Sounds,,,,,1
"Safe, Pt. 2",Sarah Meow,Sarah Meow,,,,,1
Dead Eyes,Promoting Sounds,Promoting Sounds,,,,,1
poems of the past,Powfu,Powfu,,,,,1
GORGEOUS,DEPTH,DEPTH,,,,,1
Nothing to Work Out,Elko,Elko,,,,,1
Seventeen,Bluezy,Bluezy,,,,,1
9 Deep Breaths,Fabian Secon,Fabian Secon,,,,,1
123,Promoting Sounds,Promoting Sounds,,,,,1
Nobody,D-Rah,D-Rah,,,,,1
I Know Who You Are,Sig Roy,Sig Roy,,,,,1
Mister Mister,Mishaal Tamer,Mishaal Tamer,,,,,1
Save Me,Promoting Sounds,Promoting Sounds,,,,,1
Notes On A Conditional Form,The 1975,The 1975,,,,,1
Better Days,OneRepublic,OneRepublic,,,,,1
nothings ever good enough,iann dior,iann dior,,,,,1
Tongue Tied (with YUNGBLUD & blackbear),Marshmello,Marshmello,,,,,1
ASCEND,ILLENIUM,ILLENIUM,,,,,1
I'm Gone,iann dior,iann dior,,,,,1
Graduation (with Juice WRLD),benny blanco,benny blanco,,,,,1
Breaking Me,Topic,Topic,,,,,1
"Ay, DiOs Mío!",KAROL G,KAROL G,,,,,1
UN DIA (ONE DAY) (Feat. Tainy),J Balvin,J Balvin,,,,,1
POPSTAR (feat. Drake),DJ Khaled,DJ Khaled,,,,,1
Platonicos,Jay Wheeler,Jay Wheeler,,,,,1
ENOC,Ozuna,Ozuna,,,,,1
Now Or Never,Nio Garcia,Nio Garcia,,,,,1
Tattoo,Rauw Alejandro,Rauw Alejandro,,,,,1
Midnight Sky,Miley Cyrus,Miley Cyrus,,,,,1
Relación,Sech,Sech,,,,,1
Slime & B,Chris Brown,Chris Brown,,,,,1
1 of 1,Sech,Sech,,,,,1
GREECE (feat. Drake),DJ Khaled,DJ Khaled,,,,,1
How You Like That,BLACKPINK,BLACKPINK,,,,,1
Coming Undone,Eric Zayne,Eric Zayne,,,,,1
Le Manu,Shepherds Reign,Shepherds Reign,,,,,1
En nuit,Videoclub,Videoclub,,,,,1
Bezerk,Big Sean,Big Sean,,,,,1
Tampa,Heinz Goldblatt,Heinz Goldblatt,,,,,1
Starlight,Jai Wolf,Jai Wolf,,,,,1
You Broke My Heart Again,Teqkoi,Teqkoi,,,,,1
One Day,Tate McRae,Tate McRae,,,,,1
Simple,Sarah Meow,Sarah Meow,,,,,1
worst day,sagun,sagun,,,,,1
Why Can't We Go Back,beaurial,beaurial,,,,,1
Something About You,SVMP,SVMP,,,,,1
forgive,gnash,gnash,,,,,1
Life Is A Lie,Fabian Secon,Fabian Secon,,,,,1
Long Break,moody woody,moody woody,,,,,1
TY.O,Taio Cruz,Taio Cruz,,,,,1
Rihaa,Arijit Singh,Arijit Singh,,,,,1
Each Time You Fall in Love,Cigarettes After Sex,Cigarettes After Sex,,,,,1
Apocalypse,Cigarettes After Sex,Cigarettes After Sex,,,,,1
Falling In Love,Cigarettes After Sex,Cigarettes After Sex,,,,,1
Sweet,Cigarettes After Sex,Cigarettes After Sex,,,,,1
K.,Cigarettes After Sex,Cigarettes After Sex,,,,,1
i wanna be your girlfriend,girl in red,girl in red,,,,,1
Locked Away,The Revisit Project,The Revisit Project,,,,,1
Home Alone,Hanita Bhambri,Hanita Bhambri,,,,,1
Din,The Western Ghats,The Western Ghats,,,,,1
Soch Lo,Goyell Saab,Goyell Saab,,,,,1
Small Talk,Dipan Basak,Dipan Basak,,,,,1
Kami Hai,Abhin & Tanish,Abhin & Tanish,,,,,1
Khidki,Nishu,Nishu,,,,,1
Indian Classical Music,Bhimsen Joshi,Bhimsen Joshi,,,,,1
Bombay,K. S. Chithra,K. S. Chithra,,,,,1
Cinematic Songs,Tommee Profitt,Tommee Profitt,,,,,1
The Beach Boys With The Royal Philharmonic Orchestra,The Beach Boys,The Beach Boys,,,,,1
The Departed (Original Score),Howard Shore,Howard Shore,,,,,1
Room On Fire,The Strokes,The Strokes,,,,,1
Tera Ghata,Gajendra Verma,Gajendra Verma,,,,,1
Baar Baar Dekho,Arko,Arko,,,,,1
Mausama,Rochak Kohli,Rochak Kohli,,,,,1
Morniye (From Songs of Dance),Amit Trivedi,Amit Trivedi,,,,,1
A Suitable Boy (Original Television Soundtrack),Kavita Seth,Kavita Seth,,,,,1
"Beethoven: Piano Sonatas, Vol.3",Ludwig van Beethoven,Ludwig van Beethoven,,,,,1
Beethoven: Christ on the Mount of Olives (Christus Am Ölberge),Ludwig van Beethoven,Ludwig van Beethoven,,,,,1
Beethoven Recomposed,Ludwig van Beethoven,Ludwig van Beethoven,,,,,1
Study with Beethoven,Ludwig van Beethoven,Ludwig van Beethoven,,,,,1
Beethoven Piano Pieces,Ludwig van Beethoven,Ludwig van Beethoven,,,,,1
Only Child,Sasha Alex Sloan,Sasha Alex Sloan,,,,,1
I'll Wait,Kygo,Kygo,,,,,1
Lie,Sasha Alex Sloan,Sasha Alex Sloan,,,,,1
Stargazing - EP,Kygo,Kygo,,,,,1
Is It Just Me?,Sasha Alex Sloan,Sasha Alex Sloan,,,,,1
Cool Kids,Kayan,Kayan,,,,,1
Foxy,Kevin Fernando,Kevin Fernando,,,,,1
Scam 1992 Theme Music,Achint,Achint,,,,,1
Adhiya,Karan Aujla,Karan Aujla,,,,,1
No Competition,Jass Manak,Jass Manak,,,,,1
Список твоих мыслей,JONY,JONY,,,,,1
La Tóxica,Farruko,Farruko,,,,,1
"Beethoven: Symphony No. 6 ""Pastoral""",Ludwig van Beethoven,Ludwig van Beethoven,,,,,1
Beethoven: The Piano Sonatas,Ludwig van Beethoven,Ludwig van Beethoven,,,,,1
Beethoven: Symphonies Nos. 1 - 9,Ludwig van Beethoven,Ludwig van Beethoven,,,,,1
Beethoven: Works for String Quartet,Ludwig van Beethoven,Ludwig van Beethoven,,,,,1
"Beethoven: The Piano Sonatas, Volume II",Ludwig van Beethoven,Ludwig van Beethoven,,,,,1
Se Te Nota (with Guaynaa),Lele Pons,Lele Pons,,,,,1
Mi Niña,Wisin,Wisin,,,,,1
BICHOTA,KAROL G,KAROL G,,,,,1
La Nota,Manuel Turizo,Manuel Turizo,,,,,1
Kingdom in Blue,Kupla,Kupla,,,,,1
Beethoven: Unknown Solo Piano Works,Ludwig van Beethoven,Ludwig van Beethoven,,,,,1
The Dream Chapter: MAGIC,TOMORROW X TOGETHER,TOMORROW X TOGETHER,,,,,1
Bedtime Stories Pt. 2,brillion.,brillion.,,,,,1
2 Am. Study Session,E I S U,E I S U,,,,,1
Zero,Aylior,Aylior,,,,,1
3 Am. Study Session,Towerz,Towerz,,,,,1
Sometimes I Wait for You,softy,softy,,,,,1
Contrasts,dryhope,dryhope,,,,,1
Underneath,Casiio,Casiio,,,,,1
Online Mall Music,less.people,less.people,,,,,1
Azure Blue,Miramare,Miramare,,,,,1
Tomorrows That Follow,ENRA,ENRA,,,,,1
2 Am. Study Session,Nothingtosay,Nothingtosay,,,,,1
Chance Encounter,Refeeld,Refeeld,,,,,1
Until Forever,Yasumu,Yasumu,,,,,1
"Birds of a Feather, Vol. 1",Philanthrope,Philanthrope,,,,,1
I Choose,Alessia Cara,Alessia Cara,,,,,1
Break My Heart,Dua Lipa,Dua Lipa,,,,,1
A Little Bit Yours,JP Saxe,JP Saxe,,,,,1
Vondelpark,Sebastian Kamae,Sebastian Kamae,,,,,1
The Ridge,Allem Iversom,Allem Iversom,,,,,1
Chillhop Essentials Fall 2019,Monma,Monma,,,,,1
A Way of Existing,Kanisan,Kanisan,,,,,1
Staring Through,kudo,kudo,,,,,1
The Lush Years,Dean Martin,Dean Martin,,,,,1
HOLIDAY,Lil Nas X,Lil Nas X,,,,,1
Goosebumps,HVME,HVME,,,,,1
Deep End,Fousheé,Fousheé,,,,,1
Take You Dancing,Jason Derulo,Jason Derulo,,,,,1
SO DONE,The Kid LAROI,The Kid LAROI,,,,,1
Good News,Megan Thee Stallion,Megan Thee Stallion,,,,,1
Real Shit (with benny blanco),Juice WRLD,Juice WRLD,,,,,1
Save Myself,Ashe,Ashe,,,,,1
Monsoon with DIVINE,7Bantai'Z,7Bantai'Z,,,,,1
SHUTDOWN,D'Evil,D'Evil,,,,,1
SHUTDOWN,7Bantai'Z,7Bantai'Z,,,,,1
SHUTDOWN,Sikander Kahlon,Sikander Kahlon,,,,,1
White Collar,Kaam Bhaari,Kaam Bhaari,,,,,1
Housework Songs: 90s Style,Wilson Phillips,Wilson Phillips,,,,,1
5AM (Expanded Edition),Amber Run,Amber Run,,,,,1
Love Someone,Lukas Graham,Lukas Graham,,,,,1
Comeblack,Scorpions,Scorpions,,,,,1
Teen Beach 2,Ross Lynch,Ross Lynch,,,,,1
WOW (feat. Sabrina Carpenter),Zara Larsson,Zara Larsson,,,,,1
feel something,Bea Miller,Bea Miller,,,,,1
Lotus Inn,Why Don't We,Why Don't We,,,,,1
Remember That Night?,Sara Kays,Sara Kays,,,,,1
Groovy People,Marc E. Bassy,Marc E. Bassy,,,,,1
No Money,Trisha J,Trisha J,,,,,1
Clueless,Trisha J,Trisha J,,,,,1
Holiday,Little Mix,Little Mix,,,,,1
Talk To Ya - EP,HRVY,HRVY,,,,,1
Girlfriend,Charlie Puth,Charlie Puth,,,,,1
De Una Vez,Selena Gomez,Selena Gomez,,,,,1
THE ALBUM,BLACKPINK,BLACKPINK,,,,,1
80s 100 Hits,Four Tops,Four Tops,,,,,1
80s 100 Hits,Coldcut,Coldcut,,,,,1
Anthology,The Guess Who,The Guess Who,,,,,1
80s 100 Hits,KC & The Sunshine Band,KC & The Sunshine Band,,,,,1
80s 100 Hits,Boy Meets Girl,Boy Meets Girl,,,,,1
The Good Times and The Bad Ones,Why Don't We,Why Don't We,,,,,1
Blueberry Eyes (feat. SUGA of BTS),MAX,MAX,,,,,1
Talk About Love (feat. Young Thug),Zara Larsson,Zara Larsson,,,,,1
8 Letters,Why Don't We,Why Don't We,,,,,1
21st Century Vampire,Huddy,Huddy,,,,,1
Fuck Up the Friendship,Leah Kate,Leah Kate,,,,,1
What A Shame,Leyla Blue,Leyla Blue,,,,,1
34+35,Ariana Grande,Ariana Grande,,,,,1
change ur mind,Sarcastic Sounds,Sarcastic Sounds,,,,,1
Girls Like Us,Zoe Wees,Zoe Wees,,,,,1
Hate You + Love You (feat. AJ Mitchell),Cheat Codes,Cheat Codes,,,,,1
IDWK,347aidan,347aidan,,,,,1
One Whole Day (feat. Wiz Khalifa),Dixie,Dixie,,,,,1
Like 1999,Valley,Valley,,,,,1
Spotify Singles: Paul McCartney Box Set,Paul McCartney,Paul McCartney,,,,,1
Made In Heaven - Deluxe Edition 2011 Remaster,Queen,Queen,,,,,1
Queen Forever,Queen,Queen,,,,,1
The Divine Feminine,Mac Miller,Mac Miller,,,,,1
Chilombo,Jhené Aiko,Jhené Aiko,,,,,1
Saari Umar,Harish Budhwani,Harish Budhwani,,,,,1
Raat Raazi - Single,Prateek Kuhad,Prateek Kuhad,,,,,1
Selfish Love (with Selena Gomez),DJ Snake,DJ Snake,,,,,1
Scary Hours 2,Drake,Drake,,,,,1
The Metaphor,Parth Shah,Parth Shah,,,,,1
Chandni Si Raat,Himanshu Pareek,Himanshu Pareek,,,,,1
Banjara Hoon,Desert Rock,Desert Rock,,,,,1
Avasa,Swastik The Band,Swastik The Band,,,,,1
Kashti,Desert Rock,Desert Rock,,,,,1
Your City Gave Me Asthma,Wilbur Soot,Wilbur Soot,,,,,1
Jack,Talia Mar,Talia Mar,,,,,1
Got the Feeling,Syn Cole,Syn Cole,,,,,1
Gimme Life,TNAN,TNAN,,,,,1
Henosis,Joep Beving,Joep Beving,,,,,1
Weather,Tycho,Tycho,,,,,1
Hey Now,London Grammar,London Grammar,,,,,1
Nena,Nena,Nena,,,,,1
Dance 4 Sorrow,Francis Lung,Francis Lung,,,,,1
Metroma,The Sei,The Sei,,,,,1
Leave Me Breathless,Ane Brun,Ane Brun,,,,,1
Breathe,CamelPhat,CamelPhat,,,,,1
100 Acres of Sycamore,Fionn Regan,Fionn Regan,,,,,1
Dedicated,Carly Rae Jepsen,Carly Rae Jepsen,,,,,1
Can't Move On,Wild Youth,Wild Youth,,,,,1
At Swim,Lisa Hannigan,Lisa Hannigan,,,,,1
Parma Violets,Jealous of the Birds,Jealous of the Birds,,,,,1
I Never Got Off The Bus,Tebi Rex,Tebi Rex,,,,,1
Cannibal Tree,Yenkee,Yenkee,,,,,1
Havin' a Party,Flipside,Flipside,,,,,1
Good Times,Ellie Mae Rose,Ellie Mae Rose,,,,,1
Beautiful Mistakes (feat. Megan Thee Stallion),Maroon 5,Maroon 5,,,,,1
Best Of Lash Records,Ann Byers,Ann Byers,,,,,1
Baarish Ki Jaaye,B Praak,B Praak,,,,,1
Bavarian Fruit Bread,Hope Sandoval & The Warm Inventions,Hope Sandoval & The Warm Inventions,,,,,1
The Journey to Zero,Enda Gallery,Enda Gallery,,,,,1
Scene Suspended,Jon Hopkins,Jon Hopkins,,,,,1
Kya Karoon,Shlok Chiplunkar,Shlok Chiplunkar,,,,,1
Sacrifice,Bebe Rexha,Bebe Rexha,,,,,1
Don't Play,Anne-Marie,Anne-Marie,,,,,1
Without You,Lauv,Lauv,,,,,1
Sweet Melody,Little Mix,Little Mix,,,,,1
Roots,Imagine Dragons,Imagine Dragons,,,,,1
Sagittarius Szn,Viepsa Arora,Viepsa Arora,,,,,1
Thunder / Young Dumb & Broke (with Khalid),Imagine Dragons,Imagine Dragons,,,,,1
Best Friend (feat. Doja Cat),Saweetie,Saweetie,,,,,1
A Neil Diamond Christmas: The Hymns,Neil Diamond,Neil Diamond,,,,,1
Ghar - Single,Bharat Chauhan,Bharat Chauhan,,,,,1
The Home Sessions,Bharat Chauhan,Bharat Chauhan,,,,,1
The Biggest Lie,Prateek Kuhad,Prateek Kuhad,,,,,1
The Break Up Mashup,Nandini Srikar,Nandini Srikar,,,,,1
Ethir Neechal (Original Motion Picture Soundtrack),Anirudh Ravichander,Anirudh Ravichander,,,,,1
Yeh No.1 Yaari Hai #Tumerano1yaar,Mohit Chauhan,Mohit Chauhan,,,,,1
Bee Gees' 1st,Bee Gees,Bee Gees,,,,,1
The Astrud Gilberto Album,Astrud Gilberto,Astrud Gilberto,,,,,1
Bo Mambo,Yma Sumac,Yma Sumac,,,,,1
Jersey's Best,Frankie Valli & The Four Seasons,Frankie Valli & The Four Seasons,,,,,1
It's Pony Time/Let's Twist Again,Chubby Checker,Chubby Checker,,,,,1
Eccentric Soul: Twinight's Lunar Rotation,George McGregor & The Bronzettes,George McGregor & The Bronzettes,,,,,1
The Hit Of Harlem Volume One,Baby Washington,Baby Washington,,,,,1
Eccentric Soul: The Big Mack Label,Edd Henry,Edd Henry,,,,,1
Lollipops and Roses,Jack Jones,Jack Jones,,,,,1
Gainsbourg percussions,Serge Gainsbourg,Serge Gainsbourg,,,,,1
"Peter, Paul and Mary","Peter, Paul and Mary","Peter, Paul and Mary",,,,,1
Eccentric Soul: The Outskirts Of Deep City,Helene Smith,Helene Smith,,,,,1
The Original Telstar: The Sounds of the Tornadoes,The Tornados,The Tornados,,,,,1
"Backyard Bonanza, Vol. 1",The Gigalo's,The Gigalo's,,,,,1
Misirlou,Martin Denny,Martin Denny,,,,,1
Going Back: A Collection Of Rhythm & Blues,The Sevilles,The Sevilles,,,,,1
Quirky Vintage (Part 1),Paul Reeves,Paul Reeves,,,,,1
Musical Classics,Cole Porter,Cole Porter,,,,,1
Over There,Arthur Fields,Arthur Fields,,,,,1
Vintage Collections,Tennessee Ernie Ford,Tennessee Ernie Ford,,,,,1
Smooth & Jazzy,Nnenna Freelon,Nnenna Freelon,,,,,1
Rockabilly Legend,Clyde Stacy,Clyde Stacy,,,,,1
Sounds of Joyful Music,The Singing Nuns,The Singing Nuns,,,,,1
Oliver! (1994 London Palladium Cast Recording),Carmel McSharry,Carmel McSharry,,,,,1
Nashville Teens - The Best Of,The Nashville Teens,The Nashville Teens,,,,,1
Help Me Rhonda,Jan & Dean,Jan & Dean,,,,,1
Love,Love,Love,,,,,1
Nuestros Primeros 20 Éxitos,Santo & Johnny,Santo & Johnny,,,,,1
The In Crowd,Ramsey Lewis Trio,Ramsey Lewis Trio,,,,,1
Make Way for Dionne Warwick,Dionne Warwick,Dionne Warwick,,,,,1
Sounds Like,Herb Alpert & The Tijuana Brass,Herb Alpert & The Tijuana Brass,,,,,1
Bubble Gum,Brigitte Bardot,Brigitte Bardot,,,,,1
Love Is Blue,Paul Mauriat,Paul Mauriat,,,,,1
Song of South America,101 Strings Orchestra,101 Strings Orchestra,,,,,1
Rev Up Best Of Mitch Ryder & Detroit Wheels,Mitch Ryder and The Detroit Wheels,Mitch Ryder and The Detroit Wheels,,,,,1
Somethin' Else,Cannonball Adderley,Cannonball Adderley,,,,,1
"Cult Hits of the 1960's, Vol. 2",The Steam Machine,The Steam Machine,,,,,1
Sergio Mendes & Brasil ’66-86: Classics Volume 18,Sergio Mendes & Brasil '66,Sergio Mendes & Brasil '66,,,,,1
Cheap Thrills,Big Brother & The Holding Company,Big Brother & The Holding Company,,,,,1
"Cult Hits of the 1960's, Vol. 1",The Fly Bi Nights,The Fly Bi Nights,,,,,1
Harper Valley P.T.A. (The Plantation Recordings 1968-70),Jeannie C. Riley,Jeannie C. Riley,,,,,1
Indian Classical Fusion,Stephen Day,Stephen Day,,,,,1
Mustache In Your Face,Pretty,Pretty,,,,,1
Wildflowers,Judy Collins,Judy Collins,,,,,1
Pop Orchestral,Lawrence Welk,Lawrence Welk,,,,,1
Vanilla Fudge,Vanilla Fudge,Vanilla Fudge,,,,,1
Friendly Persuasion (1956 Film Original Score),"Dimitri Tiomkin (conductor), Dimitri Tiomkin's Orchestra","Dimitri Tiomkin (conductor), Dimitri Tiomkin's Orchestra",,,,,1
Cinema Gala: The Epic,The London Festival Chorus,The London Festival Chorus,,,,,1
Midas Touch - The Very Best of the Hollies,The Hollies,The Hollies,,,,,1
Maria Elena,Los Indios Tabajaras,Los Indios Tabajaras,,,,,1
Voilà le pacha,Jean Constantin,Jean Constantin,,,,,1
Easy Lounge,Charles Berman,Charles Berman,,,,,1
"Yves Montand (Des artistes, une légende)",Yves Montand,Yves Montand,,,,,1
"Soul Treasures of Amy, Mala, & Bell Records (1963-1969)",Lou Johnson,Lou Johnson,,,,,1
The Beat Of The Brass,Herb Alpert & The Tijuana Brass,Herb Alpert & The Tijuana Brass,,,,,1
The Ukulele Album,Joe Brown,Joe Brown,,,,,1
"Modern Sounds in Country and Western Music, Vols 1 & 2",Ray Charles,Ray Charles,,,,,1
Holdly,Florist,Florist,,,,,1
"Covers, Vol. 3",Sleeping At Last,Sleeping At Last,,,,,1
weird!,YUNGBLUD,YUNGBLUD,,,,,1
survivin',Bastille,Bastille,,,,,1
How Will You Know If You Never Try,COIN,COIN,,,,,1
saintmotelevision,Saint Motel,Saint Motel,,,,,1
Home,Cavetown,Cavetown,,,,,1
Imagination,Foster The People,Foster The People,,,,,1
the underrated youth,YUNGBLUD,YUNGBLUD,,,,,1
Frozen 2 - Original Motion Picture Soundtrack/Deluxe Edition,Panic! At The Disco,Panic! At The Disco,,,,,1
Need to Know,Doja Cat,Doja Cat,,,,,1
good 4 u,Olivia Rodrigo,Olivia Rodrigo,,,,,1
everything sucks,vaultboy,vaultboy,,,,,1
flowers & sex,EMELINE,EMELINE,,,,,1
Lost Cause,Billie Eilish,Billie Eilish,,,,,1
Dreamland,COIN,COIN,,,,,1
Pride and Prejudice - OST,Dario Marianelli,Dario Marianelli,,,,,1
Da Huncho Show (Season 1),Huncho,Huncho,,,,,1
Distorted Light Beam,Bastille,Bastille,,,,,1
Another Place,Bastille,Bastille,,,,,1
All This Useless Beauty,Elvis Costello & The Attractions,Elvis Costello & The Attractions,,,,,1
The Essential Perry Como,Perry Como,Perry Como,,,,,1
Definitive Soul: Booker T. & The M.G.'s,Booker T. & the M.G.'s,Booker T. & the M.G.'s,,,,,1
Relish,Joan Osborne,Joan Osborne,,,,,1
Television Theme Songs,Mike Post,Mike Post,,,,,1
The Impossible Bird,Nick Lowe,Nick Lowe,,,,,1
Górecki: Symphony No. 3 - 3 Olden Style Pieces,Henryk Górecki,Henryk Górecki,,,,,1
The Full Sentence,Pigeonhed,Pigeonhed,,,,,1
Introducing,Ruben Gonzalez,Ruben Gonzalez,,,,,1
Playback Singers,Damon & Naomi,Damon & Naomi,,,,,1
Fair and Square,John Prine,John Prine,,,,,1
"Can't Get Used To Losing You / Love, Andy",Andy Williams,Andy Williams,,,,,1
Golden Hits,Patti Page,Patti Page,,,,,1
The Magic Of Jo Stafford,Jo Stafford,Jo Stafford,,,,,1
Herman's Hermits,Herman's Hermits,Herman's Hermits,,,,,1
Gentleman Jim,Jim Reeves,Jim Reeves,,,,,1
Clouds,Joni Mitchell,Joni Mitchell,,,,,1
de l'accordeoniste a milord,Édith Piaf,Édith Piaf,,,,,1
Born to Be With You / Streetheart,Dion,Dion,,,,,1
Dream a Little Dream,Pink Martini,Pink Martini,,,,,1
Valli,Frankie Valli,Frankie Valli,,,,,1
It's Impossible,Perry Como,Perry Como,,,,,1
The Silver Collection,Dusty Springfield,Dusty Springfield,,,,,1
At The Close Of A Century,Stevie Wonder,Stevie Wonder,,,,,1
When Harry Met Sally... Music From The Motion Picture,"Harry Connick, Jr.","Harry Connick, Jr.",,,,,1
Golden Girl (The Columbia Recordings 1944-1966),Doris Day,Doris Day,,,,,1
Where Am I Going,Dusty Springfield,Dusty Springfield,,,,,1
Say Yes! A Tribute to Elliott Smith,Julien Baker,Julien Baker,,,,,1
Santa Barbara,Angelo De Augustine,Angelo De Augustine,,,,,1
The Baby,Samia,Samia,,,,,1
Saint Cloud,Waxahatchee,Waxahatchee,,,,,1
Natalina,Toddy Smith,Toddy Smith,,,,,1
"I DID IT (feat. Post Malone, Megan Thee Stallion, Lil Baby & DaBaby)",DJ Khaled,DJ Khaled,,,,,1
Only Wanna Be With You,Post Malone,Post Malone,,,,,1
Mustard Yellow,Jeremiah de Rozario,Jeremiah de Rozario,,,,,1
Kaha Thikana,Advait,Advait,,,,,1
Ocean Calls My Name,Anupam Roy,Anupam Roy,,,,,1
Honey Bee,Abhilasha Sinha,Abhilasha Sinha,,,,,1
Break Free,When Chai Met Toast,When Chai Met Toast,,,,,1
Unicorn And The Sheep,Raghav Meattle,Raghav Meattle,,,,,1
Butterflies,Nida,Nida,,,,,1
Khoobsurat,Jasleen Royal,Jasleen Royal,,,,,1
What Is Love,Dhruv Kapoor,Dhruv Kapoor,,,,,1
PTSD,G Herbo,G Herbo,,,,,1
Rowdy (Remix),Baazi,Baazi,,,,,1
Yaar,Siddhant Pillai,Siddhant Pillai,,,,,1
Snake,MC STAN,MC STAN,,,,,1
Broke Is A Joke,MC STAN,MC STAN,,,,,1
Love Runs Out (feat. G-Eazy & Sasha Alex Sloan),Martin Garrix,Martin Garrix,,,,,1
Pran,Ritviz,Ritviz,,,,,1
Dum Hai,KR$NA,KR$NA,,,,,1
Sheikh Chilli,Raftaar,Raftaar,,,,,1
Bisons,Govind Vasantha,Govind Vasantha,,,,,1
Duur,Ankur Tewari,Ankur Tewari,,,,,1
Waisa Bhi Hota Hai Part 2,Kailash Kher,Kailash Kher,,,,,1
Shivaay,Jasleen Royal,Jasleen Royal,,,,,1
Enai Noki Paayum Thota (Original Motion Picture Soundtrack),Bombay Jayashri,Bombay Jayashri,,,,,1
Chan Kitthan,Ayushmann Khurrana,Ayushmann Khurrana,,,,,1
Words Words Words,Bo Burnham,Bo Burnham,,,,,1
what.,Bo Burnham,Bo Burnham,,,,,1
tu le chal,Sez on the Beat,Sez on the Beat,,,,,1
Likha Maine,MC Altaf,MC Altaf,,,,,1
Angad,Fotty Seven,Fotty Seven,,,,,1
INSIDE,Bo Burnham,Bo Burnham,,,,,1
Planet Her (Deluxe),Doja Cat,Doja Cat,,,,,1
Still Here,iann dior,iann dior,,,,,1
Saibo,VIBIE,VIBIE,,,,,1
Zara Sa,KK,KK,,,,,1
Tum Mile,KSW,KSW,,,,,1
Saiyyan,Kailash Kher,Kailash Kher,,,,,1
Iktara,Kavita Seth,Kavita Seth,,,,,1
Chosen,Måneskin,Måneskin,,,,,1
Pepas,Farruko,Farruko,,,,,1
Take My Breath,The Weeknd,The Weeknd,,,,,1
Still Sleep?,Sleepy Hallow,Sleepy Hallow,,,,,1
Rumors (feat. Cardi B),Lizzo,Lizzo,,,,,1
Don't Be Shy,Tiësto,Tiësto,,,,,1
Ten,Pearl Jam,Pearl Jam,,,,,1
Cali 2 Karachi,Talha Anjum,Talha Anjum,,,,,1
La 167,Farruko,Farruko,,,,,1
Tell Mama,Etta James,Etta James,,,,,1
The Girl From Ipanema - The Bossa Nova Years,Stan Getz,Stan Getz,,,,,1
Bayou Country,Creedence Clearwater Revival,Creedence Clearwater Revival,,,,,1
It's A Man's Man's Man's World,James Brown & The Famous Flames,James Brown & The Famous Flames,,,,,1
The Band,The Band,The Band,,,,,1
What's Going On,Marvin Gaye,Marvin Gaye,,,,,1
Album 1700,"Peter, Paul and Mary","Peter, Paul and Mary",,,,,1
Idea,Bee Gees,Bee Gees,,,,,1
Jhankaar Beats (Original Motion Picture Soundtrack),Vishal-Shekhar,Vishal-Shekhar,,,,,1
Queen,Mohan Kannan,Mohan Kannan,,,,,1
Forever and More,Jaguar Sun,Jaguar Sun,,,,,1
Ghost Town,Benson Boone,Benson Boone,,,,,1
Cotton Candy,spill tab,spill tab,,,,,1
Love Is the Law,The Memories,The Memories,,,,,1
Does It Make You Feel Good?,Joesef,Joesef,,,,,1
song i made up to stop myself from having a panic attack just now,Field Medic,Field Medic,,,,,1
Tender Buttons,Broadcast,Broadcast,,,,,1
Strange Effect (Killing Eve),Unloved,Unloved,,,,,1
"FTA b/w Far, Far Away",Whitney,Whitney,,,,,1
Cyclones and Hey Lover,Wabie,Wabie,,,,,1
Forever Turned Around,Whitney,Whitney,,,,,1
Home,Sydney Rose,Sydney Rose,,,,,1
LEMONS,Nick Leng,Nick Leng,,,,,1
Turning Page,Sydney Rose,Sydney Rose,,,,,1
So Long Forever,Palace,Palace,,,,,1
Tomb,Angelo De Augustine,Angelo De Augustine,,,,,1
Better Views,Yellow House,Yellow House,,,,,1
Tangerine,Jesse Jo Stark,Jesse Jo Stark,,,,,1
Ode to Artifice,Samia,Samia,,,,,1
Enfance 80 (With Natalia Lacunza),Videoclub,Videoclub,,,,,1
Imaginary Man,Rayland Baxter,Rayland Baxter,,,,,1
Bedouine,Bedouine,Bedouine,,,,,1
Joyride,Adam Melchor,Adam Melchor,,,,,1
Something To Feel Good About,Will Joseph Cook,Will Joseph Cook,,,,,1
Mouthfuls,Fruit Bats,Fruit Bats,,,,,1
I Love My Mom,Indigo De Souza,Indigo De Souza,,,,,1
Antisocialites,Alvvays,Alvvays,,,,,1
Twenty Twenty,Djo,Djo,,,,,1
Super Monster,Claud,Claud,,,,,1
Tell It To The Volcano,Miniature Tigers,Miniature Tigers,,,,,1
First Place,The Brook & The Bluff,The Brook & The Bluff,,,,,1
People Can't Stop Chillin,Sports,Sports,,,,,1
Half-Light,Rostam,Rostam,,,,,1
Crushing,Julia Jacklin,Julia Jacklin,,,,,1
Delusión,Bratty,Bratty,,,,,1
Chinatown,Girlpool,Girlpool,,,,,1
Glow,Alice Phoebe Lou,Alice Phoebe Lou,,,,,1
Practice Magic and Seek Professional Help When Necessary,Tōth,Tōth,,,,,1
Staring,Tipling Rock,Tipling Rock,,,,,1
Someday,Julia Jacklin,Julia Jacklin,,,,,1
Plan On You,Adam Melchor,Adam Melchor,,,,,1
The Archer,Alexandra Savior,Alexandra Savior,,,,,1
Home Video,Lucy Dacus,Lucy Dacus,,,,,1
Luxury Beverage,Fox Academy,Fox Academy,,,,,1
The Year Of Hibernation,Youth Lagoon,Youth Lagoon,,,,,1
You Were,Field Guide,Field Guide,,,,,1
Bismillah,Peter Cat Recording Co.,Peter Cat Recording Co.,,,,,1
La Vie En Rose,Lucy Dacus,Lucy Dacus,,,,,1
Darlin' darlin',The Knee-Hi's,The Knee-Hi's,,,,,1
Acid Party,Zakara,Zakara,,,,,1
Rockland,Gracie Abrams,Gracie Abrams,,,,,1
Last Birthday,Valley,Valley,,,,,1
No Burden,Lucy Dacus,Lucy Dacus,,,,,1
Path,Path,Path,,,,,1
A word becomes a sound,Kate Bollinger,Kate Bollinger,,,,,1
Afterglow,Luna Li,Luna Li,,,,,1
Silver Linings,Subtle Pride,Subtle Pride,,,,,1
Just Another Diamond Day,Vashti Bunyan,Vashti Bunyan,,,,,1
THIS IS NOT WHAT IT LOOKS LIKE!,ella jane,ella jane,,,,,1
Aromanticism,Moses Sumney,Moses Sumney,,,,,1
English Graffiti,The Vaccines,The Vaccines,,,,,1
Spotless Mind,Emily Lind,Emily Lind,,,,,1
Strange Days,The Doors,The Doors,,,,,1
Elvis' Golden Records,Elvis Presley,Elvis Presley,,,,,1
Second Helping,Lynyrd Skynyrd,Lynyrd Skynyrd,,,,,1
Out of Order,Rod Stewart,Rod Stewart,,,,,1
"New Empire, Vol. 2",Hollywood Undead,Hollywood Undead,,,,,1
Finest,The Proclaimers,The Proclaimers,,,,,1
LAST CHRISTMAS,Wham!,Wham!,,,,,1
A Capella Christmas Favourites,The King's Singers,The King's Singers,,,,,1
Traditional Christmas,The Master's Men,The Master's Men,,,,,1
Vocal Spectrum IV,Vocal Spectrum,Vocal Spectrum,,,,,1
The Andy Williams Christmas Album,Andy Williams,Andy Williams,,,,,1
In The Swing Of Christmas,Barry Manilow,Barry Manilow,,,,,1
Jingle Bell Rock/Captain Santa Claus (And His Reindeer Space Patrol),Bobby Helms,Bobby Helms,,,,,1
peaceful christmas,blondette,blondette,,,,,1
A Christmas Gift For You From Phil Spector,The Ronettes,The Ronettes,,,,,1
Just Look Up (From Don’t Look Up),Ariana Grande,Ariana Grande,,,,,1
"Hoye Ishq Na (From ""Tadap"")",Pritam,Pritam,,,,,1
2011,5 Seconds of Summer,5 Seconds of Summer,,,,,1
Waiting,Green Day,Green Day,,,,,1
"Chaka Chak (From ""Atrangi Re"")",A.R. Rahman,A.R. Rahman,,,,,1
Fly Me To The Moon (Inspired By FINAL FANTASY XIV),Sia,Sia,,,,,1
Raunakein (From Sonic Roots - Songs of Soil),Amit Trivedi,Amit Trivedi,,,,,1
Goat Dekho,Raftaar,Raftaar,,,,,1
U Are My High (with Future),DJ Snake,DJ Snake,,,,,1
Reprise Rarities - Vol. 5,Frank Sinatra,Frank Sinatra,,,,,1
This is Chris Botti,Chris Botti,Chris Botti,,,,,1
Essential Love Songs - Remastered,Dean Martin,Dean Martin,,,,,1
Pretty Baby,Dean Martin,Dean Martin,,,,,1
Gentle On My Mind,Dean Martin,Dean Martin,,,,,1
Country Style,Dean Martin,Dean Martin,,,,,1
"Dean Martin: The Capitol Recordings, Vol. 9 (1958-1959)",Dean Martin,Dean Martin,,,,,1
Christmas With Nat And Dean,Nat King Cole Trio,Nat King Cole Trio,,,,,1
The Division Bell,Pink Floyd,Pink Floyd,,,,,1
Obscured by Clouds,Pink Floyd,Pink Floyd,,,,,1
High Desert,PRXZM,PRXZM,,,,,1
Nothing More,The Alternate Routes,The Alternate Routes,,,,,1
A Saucerful of Secrets,Pink Floyd,Pink Floyd,,,,,1
Holiday Inn,Bing Crosby,Bing Crosby,,,,,1
Everyday Is Christmas,Sia,Sia,,,,,1
A Charlie Brown Christmas [2012 Remastered & Expanded Edition],Vince Guaraldi Trio,Vince Guaraldi Trio,,,,,1
Rock 'N' Roll Rarities,Chuck Berry,Chuck Berry,,,,,1
A Jolly Christmas From Frank Sinatra,Frank Sinatra,Frank Sinatra,,,,,1
The Beach Boys' Christmas Album,The Beach Boys,The Beach Boys,,,,,1
Looks At Life/Earthwords And Music,John Hartford,John Hartford,,,,,1
The Essentials,Ice Cube,Ice Cube,,,,,1
The Hits Collection Volume One,JAY-Z,JAY-Z,,,,,1
Best in the Booth: Dedicated to This Life,The I.S.A. ft MikeKUZ,The I.S.A. ft MikeKUZ,,,,,1
Don't Leave (Remixes),Snakehips,Snakehips,,,,,1
The Rabbit Hole,Ashe,Ashe,,,,,1
OK Not To Be OK,Marshmello,Marshmello,,,,,1
Tusk,Fleetwood Mac,Fleetwood Mac,,,,,1
Behind the Mask,Fleetwood Mac,Fleetwood Mac,,,,,1
The Dance,Fleetwood Mac,Fleetwood Mac,,,,,1
Vible,superdupersultan,superdupersultan,,,,,1
Valentine's Mashup 2021,Arijit Singh,Arijit Singh,,,,,1
Bunty Aur Babli 2,Shankar-Ehsaan-Loy,Shankar-Ehsaan-Loy,,,,,1
Saadagi,Sachin Seth,Sachin Seth,,,,,1
Rehnaa Hai Terre Dil Mein,Shaan,Shaan,,,,,1
Naseeb,Babul Supriyo,Babul Supriyo,,,,,1
Taal - Original Motion Picture Soundtrack,Sukhwinder Singh,Sukhwinder Singh,,,,,1
Bombay,Remo Fernandes,Remo Fernandes,,,,,1
The Juice: Vol. I,Emotional Oranges,Emotional Oranges,,,,,1
BED,Joel Corry,Joel Corry,,,,,1
Southpaw,Eminem,Eminem,,,,,1
DMX: The Legacy,DMX,DMX,,,,,1
"Hoodrat Uncut, Vol.1",DMX,DMX,,,,,1
Tu Aisa Kaise Hai?,Osho Jain,Osho Jain,,,,,1
Yahi Sach Hai,Osho Jain,Osho Jain,,,,,1
Baran,Parvaaz,Parvaaz,,,,,1
Ae Re Sakhi,Namita Choudhary,Namita Choudhary,,,,,1
Poster Girl,Zara Larsson,Zara Larsson,,,,,1
"It’s You, Not Me (Sabotage)",Masked Wolf,Masked Wolf,,,,,1
Never Been Better - Expanded Edition,Olly Murs,Olly Murs,,,,,1
"Family (feat. Bebe Rexha, Ty Dolla $ign & A Boogie Wit da Hoodie)",David Guetta,David Guetta,,,,,1
Don't Forget,Demi Lovato,Demi Lovato,,,,,1
Spotify Singles,Giveon,Giveon,,,,,1
Uncover,Zara Larsson,Zara Larsson,,,,,1
Notice Me (feat. Ruel),Dylan J,Dylan J,,,,,1
I'm a Mess,Bebe Rexha,Bebe Rexha,,,,,1
For Tonight,Giveon,Giveon,,,,,1
Listen,David Guetta,David Guetta,,,,,1
Delhi Belly,Ram Sampath,Ram Sampath,,,,,1
Ghalat Fehmi,Asim Azhar,Asim Azhar,,,,,1
Chaand Paar,Sez on the Beat,Sez on the Beat,,,,,1
Stay Alive (Prod. SUGA of BTS),Jung Kook,Jung Kook,,,,,1
Into Your Arms (feat. Ava Max),Witt Lowry,Witt Lowry,,,,,1
"Oo Antava Oo Oo Antava (From ""Pushpa - The Rise"")(Telugu)",Devi Sri Prasad,Devi Sri Prasad,,,,,1
Jalebi Baby (Tesher x Jason Derulo),Tesher,Tesher,,,,,1
The Joker And The Queen (feat. Taylor Swift),Ed Sheeran,Ed Sheeran,,,,,1
Nighttiming,Coconut Records,Coconut Records,,,,,1
Supply And Demand,Amos Lee,Amos Lee,,,,,1
Been Listening,Johnny Flynn,Johnny Flynn,,,,,1
Those Younger Days,The Hunts,The Hunts,,,,,1
God Help The Girl (Original Motion Picture Soundtrack),God Help The Girl,God Help The Girl,,,,,1
The Drums,The Drums,The Drums,,,,,1
Accidentally In Love (From Shrek 2 S/T),Counting Crows,Counting Crows,,,,,1
Roka Yo Samay,Tribal Rain,Tribal Rain,,,,,1
let me be ur girl,Jhalli,Jhalli,,,,,1
Choro,Natasha Noorani,Natasha Noorani,,,,,1
Winter,Rhys Lewis,Rhys Lewis,,,,,1
Let Somebody Go,Coldplay,Coldplay,,,,,1
The Body Never Lies,Krewella,Krewella,,,,,1
Hello World,Alan Walker,Alan Walker,,,,,1
Bam Bam (feat. Ed Sheeran),Camila Cabello,Camila Cabello,,,,,1
High Rise (feat. Amtrac & Leon Bridges),Diplo,Diplo,,,,,1
Lie Lie Lie,Joshua Bassett,Joshua Bassett,,,,,1
Logo,Kevin Johansen,Kevin Johansen,,,,,1
Singles 2020 - 2021,New West,New West,,,,,1
Toy Story,Randy Newman,Randy Newman,,,,,1
Captain America: The First Avenger,Alan Silvestri,Alan Silvestri,,,,,1
A Musical Tour: Treasures of the Walt Disney Archives at The Reagan Library,Klaus Badelt,Klaus Badelt,,,,,1
Epic Themes,London Music Works,London Music Works,,,,,1
The Musical Anthology of His Dark Materials (Music from the Television Series),Lorne Balfe,Lorne Balfe,,,,,1
The Punisher,Tyler Bates,Tyler Bates,,,,,1
The Pink Panther,Henry Mancini,Henry Mancini,,,,,1
The Last of Us,Gustavo Santaolalla,Gustavo Santaolalla,,,,,1
Mission: Impossible III,Michael Giacchino,Michael Giacchino,,,,,1
Sherlock (Soundtrack from the TV series),David Arnold,David Arnold,,,,,1
Music from the Avengers Movies,London Music Works,London Music Works,,,,,1
Country Roads,Peter Hollens,Peter Hollens,,,,,1
The Lord of the Rings: The Fellowship of the Ring (Original Motion Picture Soundtrack),Howard Shore,Howard Shore,,,,,1
WandaVision: Episode 7,Kristen Anderson-Lopez,Kristen Anderson-Lopez,,,,,1
"The Force Theme (From ""Star Wars"")",Patrik Pietschmann,Patrik Pietschmann,,,,,1
"Favorite Russian Songs, Pt. 2",The Red Army Choir,The Red Army Choir,,,,,1
Game Of Thrones Theme Tune,London Music Works,London Music Works,,,,,1
Marvel’s Spider-Man: Miles Morales,John Paesano,John Paesano,,,,,1
Great Movie Themes 2,Klaus Badelt,Klaus Badelt,,,,,1
Enter the Bad Batch,Kevin Kiner,Kevin Kiner,,,,,1
Warcraft (Original Motion Picture Soundtrack),Ramin Djawadi,Ramin Djawadi,,,,,1
Formula 1 Theme,Brian Tyler,Brian Tyler,,,,,1
Frozen 2 - Original Motion Picture Soundtrack/Deluxe Edition,Idina Menzel,Idina Menzel,,,,,1
Academy Award Themes,London Philharmonic Orchestra,London Philharmonic Orchestra,,,,,1
The Lord of the Rings: The Fellowship of the Ring - the Complete Recordings,Howard Shore,Howard Shore,,,,,1
"Made in Paris, Vol. 1",The Red Army Choir,The Red Army Choir,,,,,1
The Witcher: Season 2 (Soundtrack from the Netflix Original Series),Joseph Trapanese,Joseph Trapanese,,,,,1
Original Motion Picture Score Iron Man 2,John Debney,John Debney,,,,,1
Les Misérables: The Motion Picture Soundtrack Deluxe,Aaron Tveit,Aaron Tveit,,,,,1
Guardians of the Galaxy Vol. 2,Tyler Bates,Tyler Bates,,,,,1
Toy Story 4,Randy Newman,Randy Newman,,,,,1
Bad Batch Theme,Kevin Kiner,Kevin Kiner,,,,,1
Transformers Prime (Music from the Animated Series),Brian Tyler,Brian Tyler,,,,,1
The Mandalorian: Season 2 - Vol. 2 (Chapters 13-16),Ludwig Göransson,Ludwig Göransson,,,,,1
Marvel's Agents of S.H.I.E.L.D.,Bear McCreary,Bear McCreary,,,,,1
Shang-Chi Main Theme,Samuel Kim,Samuel Kim,,,,,1
First Blood,Jerry Goldsmith,Jerry Goldsmith,,,,,1
The Batman (Original Motion Picture Soundtrack),Michael Giacchino,Michael Giacchino,,,,,1
Hatari!,Henry Mancini,Henry Mancini,,,,,1
Battlecry,Two Steps from Hell,Two Steps from Hell,,,,,1
Star Wars: The Dark Side Collection,Samuel Kim,Samuel Kim,,,,,1
Jurassic World (Original Motion Picture Soundtrack),Michael Giacchino,Michael Giacchino,,,,,1
Mission: Impossible - Fallout (Music from the Motion Picture),Lorne Balfe,Lorne Balfe,,,,,1
"The Mandalorian: Epic Collection, Vol. 2",Samuel Kim,Samuel Kim,,,,,1
Chants et Marches de la Grande Guerre Patriotique (1941-1945),The Red Army Choir,The Red Army Choir,,,,,1
Music From Peter Gunn,Henry Mancini,Henry Mancini,,,,,1
F1 2012 - Formula 1 Theme (The Chain),London Music Works,London Music Works,,,,,1
Enemy - Epic Version (from Arcane League of Legends),Samuel Kim,Samuel Kim,,,,,1
The Phantom Of The Opera,Andrew Lloyd Webber,Andrew Lloyd Webber,,,,,1
The Mandalorian: Chapter 7,Ludwig Göransson,Ludwig Göransson,,,,,1
Pirates of the Caribbean: Dead Men Tell No Tales,Geoff Zanelli,Geoff Zanelli,,,,,1
Fiddler On The Roof,John Williams,John Williams,,,,,1
Ford v Ferrari,Marco Beltrami,Marco Beltrami,,,,,1
Godzilla vs. Kong (Original Motion Picture Soundtrack),Junkie XL,Junkie XL,,,,,1
"Spider-Man Theme - Epic Version (from ""No Way Home Trailer"")",Samuel Kim,Samuel Kim,,,,,1
The Sound Of Music,Julie Andrews,Julie Andrews,,,,,1
Captain Underpants: The First Epic Movie,"""Weird Al"" Yankovic","""Weird Al"" Yankovic",,,,,1
Hollywood Movies Soundtrack,John Williams,John Williams,,,,,1
Singin' in the Rain (Original Motion Picture Soundtrack),Gene Kelly,Gene Kelly,,,,,1
How To Train Your Dragon - Music From The Motion Picture,John Powell,John Powell,,,,,1
Assassin's Creed Odyssey (Original Game Soundtrack),The Flight,The Flight,,,,,1
"The Russian Archives, Vol. 2",The Red Army Choir,The Red Army Choir,,,,,1
The Pink Panther - Original Soundtrack,Henry Mancini,Henry Mancini,,,,,1
The Walking Dead (Original Television Soundtrack),Bear McCreary,Bear McCreary,,,,,1
Los 100 Mayores Temas de Película Volumen 3,London Music Works,London Music Works,,,,,1
Fallout 4 (Original Game Soundtrack),Inon Zur,Inon Zur,,,,,1
Chariots Of Fire,Vangelis,Vangelis,,,,,1
Film Music 2008,The City of Prague Philharmonic Orchestra,The City of Prague Philharmonic Orchestra,,,,,1
Bushes of Love,Bad Lip Reading,Bad Lip Reading,,,,,1
WandaVision: Episode 2,Kristen Anderson-Lopez,Kristen Anderson-Lopez,,,,,1
Halo 3,Martin O'Donnell,Martin O'Donnell,,,,,1
"Back To The Future, Pt. 3",Alan Silvestri,Alan Silvestri,,,,,1
Ant-Man,Christophe Beck,Christophe Beck,,,,,1
Even Worse,"""Weird Al"" Yankovic","""Weird Al"" Yankovic",,,,,1
It's Not a Moon,Bad Lip Reading,Bad Lip Reading,,,,,1
Halloween Motion Picture Soundtrack,John Carpenter,John Carpenter,,,,,1
The Red Army Choir,The Red Army Choir,The Red Army Choir,,,,,1
Good Omens (Original Television Soundtrack),David Arnold,David Arnold,,,,,1
On Her Majesty's Secret Service - Expanded Edition,John Barry,John Barry,,,,,1
Seagulls! (Stop It Now),Bad Lip Reading,Bad Lip Reading,,,,,1
Kingsman - The Secret Service (Original Motion Picture Soundtrack),Henry Jackman,Henry Jackman,,,,,1
Sherlock Series 4: The Final Problem (Original Television Soundtrack),David Arnold,David Arnold,,,,,1
The Essential Games Music Collection Vol.1,London Music Works,London Music Works,,,,,1
Per un pugno di dollari (Original Motion Picture Soundtrack),Ennio Morricone,Ennio Morricone,,,,,1
Not the Future,Bad Lip Reading,Bad Lip Reading,,,,,1
The Music Of John Barry,John Barry,John Barry,,,,,1
Level 3,Video Games Live,Video Games Live,,,,,1
Spider-Man (Original Motion Picture Score),Danny Elfman,Danny Elfman,,,,,1
Halo 2 Anniversary,Paul Lipson,Paul Lipson,,,,,1
Call of Duty: Black Ops III,Jack Wall,Jack Wall,,,,,1
Epic Movie Soundtracks,Evangelos Papathanassiou,Evangelos Papathanassiou,,,,,1
Assassin's Creed 4: Black Flag (Original Game Soundtrack),Brian Tyler,Brian Tyler,,,,,1
God of War (PlayStation Soundtrack),Bear McCreary,Bear McCreary,,,,,1
My Stick,Bad Lip Reading,Bad Lip Reading,,,,,1
Call of Duty Black Ops II (Original Game Soundtrack),Jack Wall,Jack Wall,,,,,1
Mandatory Fun,"""Weird Al"" Yankovic","""Weird Al"" Yankovic",,,,,1
Terminator 2: Judgment Day,Brad Fiedel,Brad Fiedel,,,,,1
Dreamworks Epic Collection,Samuel Kim,Samuel Kim,,,,,1
1492: Conquest of Paradise,Vangelis,Vangelis,,,,,1
ARK,Gareth Coker,Gareth Coker,,,,,1
Interstellar (Original Motion Picture Soundtrack),Hans Zimmer,Hans Zimmer,,,,,1
"Covers, Vol. III",Peter Hollens,Peter Hollens,,,,,1
attention (with Justin Bieber),Omah Lay,Omah Lay,,,,,1
Kya Pata,Osho Jain,Osho Jain,,,,,1
'Hop Stomp',When Chai Met Toast,When Chai Met Toast,,,,,1
our little angel - EP,ROLE MODEL,ROLE MODEL,,,,,1
Where Are My Friends,Abhi The Nomad,Abhi The Nomad,,,,,1
14 Steps To A Better You,Lime Cordiale,Lime Cordiale,,,,,1
Maggie Valley,Weston Estate,Weston Estate,,,,,1
Permanent Vacation,Lime Cordiale,Lime Cordiale,,,,,1
more,BETWEEN FRIENDS,BETWEEN FRIENDS,,,,,1
Warm,Forrest.,Forrest.,,,,,1
You Knew It Was Me,SYML,SYML,,,,,1
Keep It Bright,LAUNDRY DAY,LAUNDRY DAY,,,,,1
Presenting the Dominoes,The Dominoes,The Dominoes,,,,,1
Confessions of a Dangerous Mind,Logic,Logic,,,,,1
Flowers (Say My Name),ArrDee,ArrDee,,,,,1
"Psycho, Pt. 2",Russ,Russ,,,,,1
If I Should Love Again,Barry Manilow,Barry Manilow,,,,,1
I Don't Care (with Justin Bieber),Ed Sheeran,Ed Sheeran,,,,,1
Vainko,Brodha V,Brodha V,,,,,1
The Purple People Eater,Sheb Wooley,Sheb Wooley,,,,,1
That's Christmas To Me (Deluxe Edition),Pentatonix,Pentatonix,,,,,1
Jennifer Hudson,Jennifer Hudson,Jennifer Hudson,,,,,1
The Last Kind Words,DevilDriver,DevilDriver,,,,,1
No Me Olvidaras,Jerry Rivera,Jerry Rivera,,,,,1
Most Wanted: The Greatest Hits - Deluxe,The Wanted,The Wanted,,,,,1
In My Head,Blue Wednesday,Blue Wednesday,,,,,1
Reflection,The Rolling Stones,The Rolling Stones,,,,,1
Limitless,Martin Garrix,Martin Garrix,,,,,1
Unlimited Love,Red Hot Chili Peppers,Red Hot Chili Peppers,,,,,1
Seasons Change,Alessia Cara,Alessia Cara,,,,,1
Angles,Jonas Blue,Jonas Blue,,,,,1
Only You,Alesso,Alesso,,,,,1
Just A Word,Prateek Kuhad,Prateek Kuhad,,,,,1
Swimmers,Zero 7,Zero 7,,,,,1
Here Today Gone Tomorrow,Fritz Kalkbrenner,Fritz Kalkbrenner,,,,,1
The Wanderings Of The Avener,The Avener,The Avener,,,,,1
24 (feat. Lil Baby),Money Man,Money Man,,,,,1
"Last One Standing (feat. Polo G, Mozzy & Eminem)",Skylar Grey,Skylar Grey,,,,,1
Welcome to Jamrock,Damian Marley,Damian Marley,,,,,1
B.O.A.T.S. II #METIME,2 Chainz,2 Chainz,,,,,1
Creed II: The Album,Mike WiLL Made-It,Mike WiLL Made-It,,,,,1
Meet The Woo 2,Pop Smoke,Pop Smoke,,,,,1
Yeh I Fuckin' Did It,Labrinth,Labrinth,,,,,1
Dancing In The Moonlight (feat. NEIMY),Jubël,Jubël,,,,,1
Dance With Somebody,Conor Maynard,Conor Maynard,,,,,1
Room for Another,Mokita,Mokita,,,,,1
Nothing is Lost,Luca Fogale,Luca Fogale,,,,,1
My Oh My,James Smith,James Smith,,,,,1
Grand Champ,DMX,DMX,,,,,1
The Fast And The Furious: Tokyo Drift,DJ Shadow,DJ Shadow,,,,,1
Paani Paani,Badshah,Badshah,,,,,1
All I Need,Slushii,Slushii,,,,,1
No Lie,Sean Paul,Sean Paul,,,,,1
All The Leaves Are Brown The Golden Era Collection,The Mamas & The Papas,The Mamas & The Papas,,,,,1
Этажи,Molchat Doma,Molchat Doma,,,,,1
Love Me Love Me Say That You Love Me,The Travelling Kisses,The Travelling Kisses,,,,,1
Never Give Up,King Henry,King Henry,,,,,1
Born Again,The Notorious B.I.G.,The Notorious B.I.G.,,,,,1
THE NIGHTDAY,ZHU,ZHU,,,,,1
What's Love Got to Do with It?,Tina Turner,Tina Turner,,,,,1
Goodbye Yellow Brick Road - Remastered,Elton John,Elton John,,,,,1
Sleeping With The Past,Elton John,Elton John,,,,,1
Delilah,Tom Jones,Tom Jones,,,,,1
Don't Bore Us - Get to the Chorus! Roxette's Greatest Hits,Roxette,Roxette,,,,,1
Anthology: The Best Of Marvin Gaye,Marvin Gaye,Marvin Gaye,,,,,1
Dawn FM - Alternate World,The Weeknd,The Weeknd,,,,,1
Bad Things To Such Good People,Manchester Orchestra,Manchester Orchestra,,,,,1
Lavandia,Marshmello,Marshmello,,,,,1
"i hate u, i love u (feat. olivia o'brien)",gnash,gnash,,,,,1
Come On Over,Shania Twain,Shania Twain,,,,,1
Fake,AP Dhillon,AP Dhillon,,,,,1
Free Smoke,AP Dhillon,AP Dhillon,,,,,1
Young Shahrukh,Tesher,Tesher,,,,,1
26,Lauv,Lauv,,,,,1
High,The Chainsmokers,The Chainsmokers,,,,,1
Doing Their Best Things,The Manhattans,The Manhattans,,,,,1
MMM,Seedhe Maut,Seedhe Maut,,,,,1
How Sweet It Is (To Be Loved by You),Imaginary Future,Imaginary Future,,,,,1
Dissimulation,KSI,KSI,,,,,1
Chocolate,Sonu Nigam,Sonu Nigam,,,,,1
Latest Songs Of Ayushmann Khurrana,Ayushmann Khurrana,Ayushmann Khurrana,,,,,1
Azhar,KK,KK,,,,,1
Kaakha Kaakha (Original Motion Picture Soundtrack),KK,KK,,,,,1
Tu Aashiqui Hai,DJ Akhil Talreja,DJ Akhil Talreja,,,,,1
Gawah Rehna,Talha Anjum,Talha Anjum,,,,,1
ELEVATED,Shubh,Shubh,,,,,1
La Haasil,Sunny Khan Durrani,Sunny Khan Durrani,,,,,1
NO LOVE,Shubh,Shubh,,,,,1
Laam Se Lomri,Talha Anjum,Talha Anjum,,,,,1
Sar Phira,Hasan Raheem,Hasan Raheem,,,,,1
Karachi Mera,Talha Anjum,Talha Anjum,,,,,1
Soch,MC Altaf,MC Altaf,,,,,1
Baba Yaga,Karma,Karma,,,,,1
Tum Saath Rehnaa,King,King,,,,,1
Together Again,Tiësto,Tiësto,,,,,1
ESTILAZO,Marshmello,Marshmello,,,,,1
Save Me,Steve Aoki,Steve Aoki,,,,,1
Savage,Tiësto,Tiësto,,,,,1
Manchild,Sia,Sia,,,,,1
Game Set Match (Red Bull 64 Bars),Shah Rule,Shah Rule,,,,,1
I Feel Funny,Justin Bieber,Justin Bieber,,,,,1
Mopstick (feat. Kodak Black),French Montana,French Montana,,,,,1
Aurora,Martin Garrix,Martin Garrix,,,,,1
Raja Rani Raji,Arijit Singh,Arijit Singh,,,,,1
Harry Haft,Hans Zimmer,Hans Zimmer,,,,,1
fiimy,Winnetka Bowling League,Winnetka Bowling League,,,,,1
Challa,La Mosca Tse-Tse,La Mosca Tse-Tse,,,,,1
Nothing Hurts (Afrojack Remix),Minelli,Minelli,,,,,1
find your way (Elohim Remix),San Holo,San Holo,,,,,1
Funk,Martin Garrix,Martin Garrix,,,,,1
Hanuman Chalisa,Ankit Tiwari,Ankit Tiwari,,,,,1
Nahi Hai Woh,Shah Rule,Shah Rule,,,,,1
News Of The World (Original Motion Picture Soundtrack),James Newton Howard,James Newton Howard,,,,,1
Soundtracks for Study,Alexandre Desplat,Alexandre Desplat,,,,,1
2step (feat. Ultimo),Ed Sheeran,Ed Sheeran,,,,,1
Duality,Alessia Cara,Alessia Cara,,,,,1
Western Wind,Carly Rae Jepsen,Carly Rae Jepsen,,,,,1
Freeze,Kygo,Kygo,,,,,1
bb u ok? deluxe,San Holo,San Holo,,,,,1
PAISA,Talal Qureshi,Talal Qureshi,,,,,1
Talaash,Jokhay,Jokhay,,,,,1
Khata,Jokhay,Jokhay,,,,,1
Mutaasir,Jokhay,Jokhay,,,,,1
Shayar,Jokhay,Jokhay,,,,,1
Psycho,Jokhay,Jokhay,,,,,1
GO,Abdullah Siddiqui,Abdullah Siddiqui,,,,,1
Tum Ho,Mahak Qayyum,Mahak Qayyum,,,,,1
for you,Mahak Qayyum,Mahak Qayyum,,,,,1
the moon,Mahak Qayyum,Mahak Qayyum,,,,,1
Pichla Pehar,Aurangzaib Khan,Aurangzaib Khan,,,,,1
Zindagi,Aurangzaib Khan,Aurangzaib Khan,,,,,1
Against All Odds (Take A Look at Me Now) EP,Mariah Carey,Mariah Carey,,,,,1
Gotta Get Thru This,Daniel Bedingfield,Daniel Bedingfield,,,,,1
Guilty,Blue,Blue,,,,,1
'N Sync UK Version,*NSYNC,*NSYNC,,,,,1
All That Matters,Michael Bolton,Michael Bolton,,,,,1
Never Forget: The Ultimate Collection,Take That,Take That,,,,,1
Life After Death,The Notorious B.I.G.,The Notorious B.I.G.,,,,,1
Pyramid Scheme,Ethan Burns,Ethan Burns,,,,,1
Chart Pop 5,Jason Zachary Parris,Jason Zachary Parris,,,,,1
"You Can Tune a Piano, But You Can't Tuna Fish",REO Speedwagon,REO Speedwagon,,,,,1
Gold,Arthur Ahbez,Arthur Ahbez,,,,,1
Hush 2,Atlantic Haze,Atlantic Haze,,,,,1
Townes Van Zandt,Townes Van Zandt,Townes Van Zandt,,,,,1
Dark & Wild,BTS,BTS,,,,,1
The Best of Me,Rick Astley,Rick Astley,,,,,1
Frontline - Single,OAFF,OAFF,,,,,1
Lonely Heart,OAFF,OAFF,,,,,1
Baat Unkahi,Kaavish,Kaavish,,,,,1
Exist For Love,AURORA,AURORA,,,,,1
Waqt,Asha Bhosle,Asha Bhosle,,,,,1
Pushing the Senses,Feeder,Feeder,,,,,1
Housefull 3,Kailash Kher,Kailash Kher,,,,,1
Shadow (feat. IRO),Macklemore,Macklemore,,,,,1
Pieces of You,"nothing,nowhere.","nothing,nowhere.",,,,,1
The Genius Of Ray Charles,Ray Charles,Ray Charles,,,,,1
Living Mirage,The Head And The Heart,The Head And The Heart,,,,,1
Dream Away,Keith Wallen,Keith Wallen,,,,,1
Are We There,Sharon Van Etten,Sharon Van Etten,,,,,1
Kick,INXS,INXS,,,,,1
Miracle Pill,The Goo Goo Dolls,The Goo Goo Dolls,,,,,1
Who We Are,Lifehouse,Lifehouse,,,,,1
Valleyheart,Lostboycrow,Lostboycrow,,,,,1
Put Your Records On,Tiffany Alvord,Tiffany Alvord,,,,,1
Memories,Conan Gray,Conan Gray,,,,,1
Damage,Caleb Hearn,Caleb Hearn,,,,,1
sun and moon,anees,anees,,,,,1
never knew a heart could break itself,Zach Hood,Zach Hood,,,,,1
Eastern Ave Night Drive,Connor Price,Connor Price,,,,,1
Love Like That (Words from Her),Suriel Hess,Suriel Hess,,,,,1
Gangster,KK,KK,,,,,1
Kya Mujhe Pyar Hai (Lofi),DJ Glory,DJ Glory,,,,,1
Raees,KK,KK,,,,,1
Jalsa,KK,KK,,,,,1
Rog,KK,KK,,,,,1
Jism 2,KK,KK,,,,,1
Raaz 3,KK,KK,,,,,1
Aksar,KK,KK,,,,,1
Nuvvu Nenu,KK,KK,,,,,1
3G - A Killer Connection,KK,KK,,,,,1
Zero Hour Mashup 2015,Amaal Mallik,Amaal Mallik,,,,,1
Iqbal - Original Motion Picture Soundtrack,KK,KK,,,,,1
Ta Ra Rum Pum,Vishal-Shekhar,Vishal-Shekhar,,,,,1
Mp3: Mera Pehla Pehla Pyar,KK,KK,,,,,1
20th Century Masters: The Millennium Collection: Best Of Extreme,Extreme,Extreme,,,,,1
Pep Talks,Judah & the Lion,Judah & the Lion,,,,,1
Songs,Leonard Cohen,Leonard Cohen,,,,,1
You Want It Darker,Leonard Cohen,Leonard Cohen,,,,,1
Songs Of Love And Hate,Leonard Cohen,Leonard Cohen,,,,,1
Ten New Songs,Leonard Cohen,Leonard Cohen,,,,,1
New Skin For The Old Ceremony,Leonard Cohen,Leonard Cohen,,,,,1
Broken Art,Torrian Ball,Torrian Ball,,,,,1
Feel Love,Suriel Hess,Suriel Hess,,,,,1
Mack's Tape,MACKandgold,MACKandgold,,,,,1
Winnetka Bowling League,Winnetka Bowling League,Winnetka Bowling League,,,,,1
Wine Stained Lips,Sarah Kinsley,Sarah Kinsley,,,,,1
Ghost World,Lauren Aquilina,Lauren Aquilina,,,,,1
Born Survivor,Ewan J Phillips,Ewan J Phillips,,,,,1
Santa Fe,Lostboycrow,Lostboycrow,,,,,1
FU,Greta Isaac,Greta Isaac,,,,,1
Months to Fall,Rachel Bobbitt,Rachel Bobbitt,,,,,1
Still Run,Wet,Wet,,,,,1
Cheap Apple Cider,saint street,saint street,,,,,1
Marsha,Sammy Copley,Sammy Copley,,,,,1
Parking Lot,Genevieve Stokes,Genevieve Stokes,,,,,1
I've Been Saying This,SOMOH,SOMOH,,,,,1
Friends & Family,Rusty Clanton,Rusty Clanton,,,,,1
This Is About You,Delaney Bailey,Delaney Bailey,,,,,1
Precursor,Dad Bod,Dad Bod,,,,,1
Something You Needed,flipturn,flipturn,,,,,1
Leap Year,Rusty Clanton,Rusty Clanton,,,,,1
Flirting,Welcome Café,Welcome Café,,,,,1
Sage Green Eyes,Erin Donahue,Erin Donahue,,,,,1
idk what i did,Sydney Rose,Sydney Rose,,,,,1
What Kind of Lonely Are You?,Leona,Leona,,,,,1
Why Can't I Have You,Gloria Laing,Gloria Laing,,,,,1
The Breach EP,Dustin Tebbutt,Dustin Tebbutt,,,,,1
"Big Fan of the Sesh, Vol. 1",Biig Piig,Biig Piig,,,,,1
The Wisp Sings,Winter Aid,Winter Aid,,,,,1
Bed,Justice Smith,Justice Smith,,,,,1
Boys In The Street,Calum Scott,Calum Scott,,,,,1
Ella And Louis Again,Ella Fitzgerald,Ella Fitzgerald,,,,,1
C'est Si Bon,Louis Armstrong,Louis Armstrong,,,,,1
All of You,Nancy Wilson,Nancy Wilson,,,,,1
Skyline,Khalid,Khalid,,,,,1
Bathroom Light,Mt. Joy,Mt. Joy,,,,,1
14,Clinton Kane,Clinton Kane,,,,,1
mainstream sellout,mgk,mgk,,,,,1
Cotton Candy,Nic D,Nic D,,,,,1
Mr. Percocet,Noah Cyrus,Noah Cyrus,,,,,1
Angel,G-Eazy,G-Eazy,,,,,1
Modern Warfare,EDEN,EDEN,,,,,1
Different (With Majid Jordan),Nonso Amadi,Nonso Amadi,,,,,1
laurel,BETWEEN FRIENDS,BETWEEN FRIENDS,,,,,1
WITHERED,BONES,BONES,,,,,1
Scenic Drive (The Tape),Khalid,Khalid,,,,,1
It's Almost Dry,Pusha T,Pusha T,,,,,1
Thought You Should Know,Morgan Wallen,Morgan Wallen,,,,,1
Every Side Of You,Vance Joy,Vance Joy,,,,,1
Suit,Nic D,Nic D,,,,,1
locked out,S-X,S-X,,,,,1
EVER AGAIN,Arizona Zervas,Arizona Zervas,,,,,1
Tetris / Decades,Logic,Logic,,,,,1
on to better things,iann dior,iann dior,,,,,1
Numb,Marshmello,Marshmello,,,,,1
Islands,Bear's Den,Bear's Den,,,,,1
If You Ever Change Your Mind,Calum Scott,Calum Scott,,,,,1
Anyone For You,George Ezra,George Ezra,,,,,1
Black Bear (Hushed),Andrew Belle,Andrew Belle,,,,,1
The Bonny,Gerry Cinnamon,Gerry Cinnamon,,,,,1
Ishq - Single,Ali Sethi,Ali Sethi,,,,,1
Mehram,Asfar Hussain,Asfar Hussain,,,,,1
Gangsta Bandya,SHAMBHO,SHAMBHO,,,,,1
Motivando a la Yal,Zion & Lennox,Zion & Lennox,,,,,1
More,Michael Summers,Michael Summers,,,,,1
how can i pretend?,Wasia Project,Wasia Project,,,,,1
The King and I (feat. CeeLo Green),Eminem,Eminem,,,,,1
Batman,Aghor,Aghor,,,,,1
Magnificent,Oh Wonder,Oh Wonder,,,,,1
my dear,SOLOMON,SOLOMON,,,,,1
I Burned LA Down,Noah Cyrus,Noah Cyrus,,,,,1
Mini World,Indila,Indila,,,,,1
Heartbeat Changes,James TW,James TW,,,,,1
Yours,Conan Gray,Conan Gray,,,,,1
Ode to a Friend,Old Sea Brigade,Old Sea Brigade,,,,,1
A Song For Every Moon,Bruno Major,Bruno Major,,,,,1
The Dirty Picture,Sunidhi Chauhan,Sunidhi Chauhan,,,,,1
Everybody Needs Someone,James Bay,James Bay,,,,,1
Shana Bann,MC STAN,MC STAN,,,,,1
Matchstick,Gravity,Gravity,,,,,1
Crying While I'm High,88n8,88n8,,,,,1
Escape,Chevy Woods,Chevy Woods,,,,,1
SOBER,Luke Nobody,Luke Nobody,,,,,1
Could You?,Jiwon,Jiwon,,,,,1
W.A.N.T.S,Global Dan,Global Dan,,,,,1
I'm Not Enough and I'm Sorry,Teqkoi,Teqkoi,,,,,1
Daylight,Dxvice,Dxvice,,,,,1
Demons,Aleebi,Aleebi,,,,,1
Badariya,Reewa Rathod,Reewa Rathod,,,,,1
Birdy,Pamungkas,Pamungkas,,,,,1
"Stranger Things: Soundtrack from the Netflix Series, Season 4",Starpoint,Starpoint,,,,,1
"Stranger Things: Soundtrack from the Netflix Series, Season 4",Falco,Falco,,,,,1
"Stranger Things: Soundtrack from the Netflix Series, Season 4",Ricky Nelson,Ricky Nelson,,,,,1
"Stranger Things: Soundtrack from the Netflix Series, Season 4",Baltimora,Baltimora,,,,,1
"Stranger Things: Soundtrack from the Netflix Series, Season 4",Louis Armstrong,Louis Armstrong,,,,,1
"Stranger Things: Soundtrack from the Netflix Series, Season 4",Rick Derringer,Rick Derringer,,,,,1
"Stranger Things: Soundtrack from the Netflix Series, Season 4",James Taylor,James Taylor,,,,,1
"Stranger Things: Soundtrack from the Netflix Series, Season 4",Siouxsie and the Banshees,Siouxsie and the Banshees,,,,,1
"Stranger Things: Soundtrack from the Netflix Series, Season 4",Metallica,Metallica,,,,,1
"Stranger Things: Soundtrack from the Netflix Series, Season 4",Moby,Moby,,,,,1
The CCCP Years,The Red Army Choir,The Red Army Choir,,,,,1
Cosmo's Factory,Creedence Clearwater Revival,Creedence Clearwater Revival,,,,,1
Overthinking,Mabel,Mabel,,,,,1
"Honestly, Nevermind",Drake,Drake,,,,,1
mainstream sellout - life in pink deluxe,mgk,mgk,,,,,1
Mitra Re,Arijit Singh,Arijit Singh,,,,,1
Biutyful,Coldplay,Coldplay,,,,,1
Out of Love,Raashi Sood,Raashi Sood,,,,,1
Gayatri Mantra Meditation Mantra,Shankar Mahadevan,Shankar Mahadevan,,,,,1
Uyir Urugudhey,A.R. Rahman,A.R. Rahman,,,,,1
"Naa Peru Seesa (From ""Ramarao On Duty"")",Shreya Ghoshal,Shreya Ghoshal,,,,,1
New Money (with 21 Savage),Calvin Harris,Calvin Harris,,,,,1
Never Really Loved Me (with Dean Lewis),Kygo,Kygo,,,,,1
Whole Again,Steve Aoki,Steve Aoki,,,,,1
Hot Shit (feat. Ye & Lil Durk),Cardi B,Cardi B,,,,,1
Lights,Ellie Goulding,Ellie Goulding,,,,,1
Jhootha,Celina Sharma,Celina Sharma,,,,,1
Gawara Nahi,Ankit Tiwari,Ankit Tiwari,,,,,1
Origins,Alan Walker,Alan Walker,,,,,1
So Far So Good (+ Why Can't You Wait),The Chainsmokers,The Chainsmokers,,,,,1
Starry Eyes,The Weeknd,The Weeknd,,,,,1
Vicious,Sabrina Carpenter,Sabrina Carpenter,,,,,1
Shringaar (feat. Milind Soman),Vayu,Vayu,,,,,1
Different Colors x Pride,WALK THE MOON,WALK THE MOON,,,,,1
Hot In It,Tiësto,Tiësto,,,,,1
"Kitni Haseen Hogi (From ""Hit - The First Case"")",Mithoon,Mithoon,,,,,1
Udi Re,Sonu Nigam,Sonu Nigam,,,,,1
"Seher (From ""OM - Rashtra Kavach"")",Arijit Singh,Arijit Singh,,,,,1
Montega,French Montana,French Montana,,,,,1
Somebody's Nobody,Alexander 23,Alexander 23,,,,,1
Crash,Alexander 23,Alexander 23,,,,,1
West Coast,OneRepublic,OneRepublic,,,,,1
Spotify Singles,Coldplay,Coldplay,,,,,1
How Do You Love Somebody,Why Don't We,Why Don't We,,,,,1
Remind Me,Bastille,Bastille,,,,,1
Let Me Down Easy (Lie),Why Don't We,Why Don't We,,,,,1
Human,OneRepublic,OneRepublic,,,,,1
I Blame The World,Sasha Alex Sloan,Sasha Alex Sloan,,,,,1
Top Gun: Maverick,Lady Gaga,Lady Gaga,,,,,1
"I Loved You, What Happened?",Fiji Blue,Fiji Blue,,,,,1
Young Right Now,Robin Schulz,Robin Schulz,,,,,1
Out Of Time,The Weeknd,The Weeknd,,,,,1
Sunshine,OneRepublic,OneRepublic,,,,,1
= - Tour Edition,Ed Sheeran,Ed Sheeran,,,,,1
Fallen Star,The Neighbourhood,The Neighbourhood,,,,,1
Broken Memories,Jamie Miller,Jamie Miller,,,,,1
One Night In Malibu,OneRepublic,OneRepublic,,,,,1
Paradise Again,Swedish House Mafia,Swedish House Mafia,,,,,1
Words That We Said,C. James,C. James,,,,,1
Pretty Faces,Nic D,Nic D,,,,,1
Betahasha,Akanksha Bhandari,Akanksha Bhandari,,,,,1
Chhodo Kalaiya,Aditya A,Aditya A,,,,,1
Khoya,Siddhant Bhosle,Siddhant Bhosle,,,,,1
Loop,Martin Garrix,Martin Garrix,,,,,1
Gazebo,Jack Harlow,Jack Harlow,,,,,1
Love Is Only a Feeling,Joey Bada$$,Joey Bada$$,,,,,1
Live From Space,Mac Miller,Mac Miller,,,,,1
Limbo,Aminé,Aminé,,,,,1
Memory,Kane Brown,Kane Brown,,,,,1
Are You Entertained,Russ,Russ,,,,,1
"Tera Chehra (From ""Sanam Teri Kasam"")",Arijit Singh,Arijit Singh,,,,,1
Hit - The First Case,Arijit Singh,Arijit Singh,,,,,1
Hit - The First Case,Jubin Nautiyal,Jubin Nautiyal,,,,,1
Hit - The First Case,Divya Kumar,Divya Kumar,,,,,1
Umrao Jaan,Javed Akhtar,Javed Akhtar,,,,,1
Baila Conmigo,Tiësto,Tiësto,,,,,1
Coast,Hailee Steinfeld,Hailee Steinfeld,,,,,1
American Psycho (with Mae Muller feat. Trippie Redd),Marshmello,Marshmello,,,,,1
Revolution,Bastille,Bastille,,,,,1
Take On Me,Kurt Hugo Schneider,Kurt Hugo Schneider,,,,,1
Elliot's Song,Kina Grannis,Kina Grannis,,,,,1
Those Eyes Alternate Versions,New West,New West,,,,,1
Easy Lover (feat. Big Sean),Ellie Goulding,Ellie Goulding,,,,,1
I Can't Help Myself,Imaginary Future,Imaginary Future,,,,,1
Something,Martin Garrix,Martin Garrix,,,,,1
Umrao Jaan,Anmol Malik,Anmol Malik,,,,,1
2016 Shining Star - Armaan Malik,Armaan Malik,Armaan Malik,,,,,1
"Samjhawan (Unplugged by Alia Bhatt) [From ""Humpty Sharma Ki Dulhania""]",Jawad Ahmad,Jawad Ahmad,,,,,1
Ishqiya,Rahat Fateh Ali Khan,Rahat Fateh Ali Khan,,,,,1
Delhi-6,Ash King,Ash King,,,,,1
"Nai Lagda (From ""Notebook"")",Vishal Mishra,Vishal Mishra,,,,,1
Aga Bai Arechya (Original Motion Picture Soundtrack),Shankar Mahadevan,Shankar Mahadevan,,,,,1
Suroor,Deewana,Deewana,,,,,1
Hero,Sachin-Jigar,Sachin-Jigar,,,,,1
A.R. Rahman: Love Songs,Jubin Nautiyal,Jubin Nautiyal,,,,,1
Bepannah,Rahul Jain,Rahul Jain,,,,,1
Singh Is Kinng,Pritam,Pritam,,,,,1
I GUESS I'M IN LOVE,Clinton Kane,Clinton Kane,,,,,1
If You Love Her,Forest Blakk,Forest Blakk,,,,,1
Bitch Back,Olivia O'Brien,Olivia O'Brien,,,,,1
There's Only One Conor McGregor,Mick Konstantin,Mick Konstantin,,,,,1
Makhmal (feat. BLUK),Prateeksha Srivastava,Prateeksha Srivastava,,,,,1
Go Grow,Rachel Singh,Rachel Singh,,,,,1
Ehsaas,Ravator,Ravator,,,,,1
Kabhi Kabhi,Anumita Nadesan,Anumita Nadesan,,,,,1
"Mona Lisa, Mona Lisa",FINNEAS,FINNEAS,,,,,1
DURR,Kidshot,Kidshot,,,,,1
Bagman,Dhanji,Dhanji,,,,,1
HOLY FVCK,Demi Lovato,Demi Lovato,,,,,1
Do Guna,Seedhe Maut,Seedhe Maut,,,,,1
Lil Bunty,KR$NA,KR$NA,,,,,1
Ghazal Maestro - Jagjit Singh,Jagjit Singh,Jagjit Singh,,,,,1
Jaane Woh Kaise - Sanam,Sanam,Sanam,,,,,1
I_CON,De Staat,De Staat,,,,,1
T.U.B.E.,Chinza Dopeness,Chinza Dopeness,,,,,1
FOUR,Bloc Party,Bloc Party,,,,,1
Tu Jo Paas,Suzonn,Suzonn,,,,,1
Ruhama,Sunil Kamath,Sunil Kamath,,,,,1
"Humraah (From ""Malang - Unleash The Madness"")",Sachet Tandon,Sachet Tandon,,,,,1
In the Name of Love: The Elektra Recordings 1979-1984,"Grover Washington, Jr.","Grover Washington, Jr.",,,,,1
Smells Like Me,Charlie Puth,Charlie Puth,,,,,1
Love Of Mine,Imagine Dragons,Imagine Dragons,,,,,1
rocket science,vaultboy,vaultboy,,,,,1
I'm In Love With You,The 1975,The 1975,,,,,1
Melody,Sigala,Sigala,,,,,1
SPLAT,Connor Price,Connor Price,,,,,1
Bitter Suites,Travis Bretzer,Travis Bretzer,,,,,1
Yards / Gardens,Kate Bollinger,Kate Bollinger,,,,,1
Trilogy,Joep Beving,Joep Beving,,,,,1
Sad 2 / Slide,Frankie Cosmos,Frankie Cosmos,,,,,1
Entre nous,Jill Barber,Jill Barber,,,,,1
Change,Sjowgren,Sjowgren,,,,,1
Miel de Montagne,Miel De Montagne,Miel De Montagne,,,,,1
Songs of Her's,Her's,Her's,,,,,1
CHUP!,Amit Trivedi,Amit Trivedi,,,,,1
CHUP!,Sneha Shankar,Sneha Shankar,,,,,1
Heaven,Grace George,Grace George,,,,,1
Watermelon Sugar,Zita,Zita,,,,,1
Whole Again,Tobey Rosen,Tobey Rosen,,,,,1
Kiss Me,Zak Manley,Zak Manley,,,,,1
Someone You Loved,Plamina,Plamina,,,,,1
"Acoustic Sessions, Vol. I",Gavin Mikhail,Gavin Mikhail,,,,,1
Closer,Ysabelle Cuevas,Ysabelle Cuevas,,,,,1
Hurtless,Zita,Zita,,,,,1
Acoustic Sessions,SixForty1,SixForty1,,,,,1
Mirrors,Jonah Baker,Jonah Baker,,,,,1
Afterglow,Leroy Sanchez,Leroy Sanchez,,,,,1
Wisconsin,Madilyn,Madilyn,,,,,1
Landslide,Troy Ramey,Troy Ramey,,,,,1
this is how you fall in love,Parker Rose,Parker Rose,,,,,1
Anyone,Zita,Zita,,,,,1
Here With Me,Daniel Robinson,Daniel Robinson,,,,,1
Covers from Home,Us The Duo,Us The Duo,,,,,1
Somebody That I Used To Know,Lúc,Lúc,,,,,1
Wolves,Maygen Lacey,Maygen Lacey,,,,,1
willow,Zita,Zita,,,,,1
Got The Love,James Smith,James Smith,,,,,1
Heat Waves,Daniel Robinson,Daniel Robinson,,,,,1
No Air,Lúc,Lúc,,,,,1
Covers with Friends,Bailey Rushlow,Bailey Rushlow,,,,,1
I Want It That Way,Zita,Zita,,,,,1
Mother's Daughter,Mother's Daughter,Mother's Daughter,,,,,1
Use Somebody,Lusaint,Lusaint,,,,,1
I'll Stay,Leroy Sanchez,Leroy Sanchez,,,,,1
There She Goes,Laurence O’Brien,Laurence O’Brien,,,,,1
No Scrubs,Grace George,Grace George,,,,,1
Love Somebody,Zita,Zita,,,,,1
Fireflies (Acoustic),Jada Facer,Jada Facer,,,,,1
I'm On Fire,Lúc,Lúc,,,,,1
Dare You To Move,Ryan de Mel,Ryan de Mel,,,,,1
Every Breath You Take,Veil,Veil,,,,,1
"Café Covers, Vol. 2",Hannah Trigwell,Hannah Trigwell,,,,,1
Beautiful Mistakes,Jonah Baker,Jonah Baker,,,,,1
End Of The Road,NTMY,NTMY,,,,,1
Acoustic,Daniel Robinson,Daniel Robinson,,,,,1
Thinner,Jonas Thaler,Jonas Thaler,,,,,1
Ten,Ed Drewett,Ed Drewett,,,,,1
Ghost - Acoustic,Jonah Baker,Jonah Baker,,,,,1
Someone to You,Roses & Revolutions,Roses & Revolutions,,,,,1
Everywhere,Lusaint,Lusaint,,,,,1
Be Alright,Lola Rhodes,Lola Rhodes,,,,,1
Without Me,Postcards & Polaroids,Postcards & Polaroids,,,,,1
It Must Have Been Love,Alexa Goddard,Alexa Goddard,,,,,1
Holy,Zita,Zita,,,,,1
Afterglow,Jonah Baker,Jonah Baker,,,,,1
Café Covers,ØZMA,ØZMA,,,,,1
Only You,Michael Shynes,Michael Shynes,,,,,1
Covers EP,Postcards & Polaroids,Postcards & Polaroids,,,,,1
I Can't Make You Love Me,Alexa Goddard,Alexa Goddard,,,,,1
Forget About Me,Yoon Music,Yoon Music,,,,,1
Watermelon Sugar,Jonah Baker,Jonah Baker,,,,,1
Without You,Linn Brikell,Linn Brikell,,,,,1
Enjoy the Silence,Brandon Chase,Brandon Chase,,,,,1
Help!,Roses & Frey,Roses & Frey,,,,,1
"Café Covers, Vol. 2",Past Midnight,Past Midnight,,,,,1
Drunk In Love,Alexa Goddard,Alexa Goddard,,,,,1
The Joker And The Queen - Acoustic,Jonah Baker,Jonah Baker,,,,,1
I'll Be There for You,Mateo Oxley,Mateo Oxley,,,,,1
All Shook Up,Lúc,Lúc,,,,,1
When I Need You,Plamina,Plamina,,,,,1
How Will I Know,Arlene Zelina,Arlene Zelina,,,,,1
Stuck with U,Jonah Baker,Jonah Baker,,,,,1
I Knew I Loved You,Mateo Oxley,Mateo Oxley,,,,,1
Landslide,Carly Lyman,Carly Lyman,,,,,1
Covers,Erato,Erato,,,,,1
The Sense Of Tranquillity,MRV,MRV,,,,,1
Drivers License,Leroy Sanchez,Leroy Sanchez,,,,,1
Hold Me While You Wait,Jonah Baker,Jonah Baker,,,,,1
Without Me,Brandon Chase,Brandon Chase,,,,,1
Call Me,Thomas Law,Thomas Law,,,,,1
Don't Speak,Zak Manley,Zak Manley,,,,,1
Don’t Dream It’s Over,Plamina,Plamina,,,,,1
Holy,Jonah Baker,Jonah Baker,,,,,1
Hang With Me,Zak Manley,Zak Manley,,,,,1
Blinding Lights,Thomas Conti,Thomas Conti,,,,,1
Drops of Jupiter,Richard Watts,Richard Watts,,,,,1
Second Sight,Victoria Voss,Victoria Voss,,,,,1
Stay - Acoustic,Jonah Baker,Jonah Baker,,,,,1
Sunflower,Sara Farell,Sara Farell,,,,,1
"Café Covers, Vol. 2",Jacob Wellfair,Jacob Wellfair,,,,,1
Everglow (Acoustic),Ollie Green,Ollie Green,,,,,1
The A Team,sleep.ing,sleep.ing,,,,,1
I Will Always Love You,Leroy Sanchez,Leroy Sanchez,,,,,1
Shape Of My Heart,Blended Colours,Blended Colours,,,,,1
Yellow,Jonah Baker,Jonah Baker,,,,,1
What If I Told You That I Love You,Daniel Robinson,Daniel Robinson,,,,,1
Girls Just Wanna Have Fun (Acoustic),Jada Facer,Jada Facer,,,,,1
Dancing in the Moonlight,Mateo Oxley,Mateo Oxley,,,,,1
Happy Now,Linn Brikell,Linn Brikell,,,,,1
Hum Yaadon Ke Sang,Raeth,Raeth,,,,,1
Shootout At Lokhandwala,Strings,Strings,,,,,1
Agnee,Agnee,Agnee,,,,,1
Dil Dhadakne Do,Farhan Akhtar,Farhan Akhtar,,,,,1
Mirzapur,Anand Bhaskar,Anand Bhaskar,,,,,1
Pehchan,Silk Route,Silk Route,,,,,1
Koi Jaane Na,Raghav Kaushik,Raghav Kaushik,,,,,1
Kesariya Audio Teaser,Pritam,Pritam,,,,,1
Talking to Yourself,Carly Rae Jepsen,Carly Rae Jepsen,,,,,1
Colder,Jae Jin,Jae Jin,,,,,1
ALL THE HIGHS,San Holo,San Holo,,,,,1
Standby,I Will Never Be The Same,I Will Never Be The Same,,,,,1
Ghaayab,Amna Riaz,Amna Riaz,,,,,1
Numb / Encore: MTV Ultimate Mash-Ups Presents Collision Course,JAY-Z,JAY-Z,,,,,1
Post Traumatic,Mike Shinoda,Mike Shinoda,,,,,1
Collision Course,JAY-Z,JAY-Z,,,,,1
"Koka (From ""Babe Bhangra Paunde Ne"")",Diljit Dosanjh,Diljit Dosanjh,,,,,1
Step Up,Gur Sidhu,Gur Sidhu,,,,,1
"Side Trakx, Vol, 5",Omar S,Omar S,,,,,1
Darling,The Landers,The Landers,,,,,1
Maryan (Original Motion Picture Soundtrack),A.R. Rahman,A.R. Rahman,,,,,1
Bronze,SFC.JGR,SFC.JGR,,,,,1
Down 4 the Cause,The Fast 1,The Fast 1,,,,,1
Jagame Thandhiram (Telugu),Santhosh Narayanan,Santhosh Narayanan,,,,,1
Church Of Scars,Bishop Briggs,Bishop Briggs,,,,,1
Sarileru Neekevvaru,Nakash Aziz,Nakash Aziz,,,,,1
Rarities - EP,One Direction,One Direction,,,,,1
Give Or Take,Giveon,Giveon,,,,,1
slower,Tate McRae,Tate McRae,,,,,1
all the things i never said,Tate McRae,Tate McRae,,,,,1
Familia,Camila Cabello,Camila Cabello,,,,,1
Cheating on You,Charlie Puth,Charlie Puth,,,,,1
Back of My Mind,H.E.R.,H.E.R.,,,,,1
Smile,Katy Perry,Katy Perry,,,,,1
The Idea Of Her,Ali Gatie,Ali Gatie,,,,,1
Over-the-Ocean Call,Lizzy McAlpine,Lizzy McAlpine,,,,,1
him,louis lollie,louis lollie,,,,,1
we just need some time together,BETWEEN FRIENDS,BETWEEN FRIENDS,,,,,1
Bryter Layter,Nick Drake,Nick Drake,,,,,1
Hyperion,Gesaffelstein,Gesaffelstein,,,,,1
The Human Condition,Jon Bellion,Jon Bellion,,,,,1
Cold,Boy In Space,Boy In Space,,,,,1
A Letter To My Younger Self,Quinn XCII,Quinn XCII,,,,,1
kinda,LANY,LANY,,,,,1
Hunting High and Low,a-ha,a-ha,,,,,1
Spirit Of America,The Beach Boys,The Beach Boys,,,,,1
Hamburger,The Muffs,The Muffs,,,,,1
Believe,Cher,Cher,,,,,1
Nayaab,Seedhe Maut,Seedhe Maut,,,,,1
Nanku Sharma,Nanku,Nanku,,,,,1
Holiday,Green Day,Green Day,,,,,1
Bleed American,Jimmy Eat World,Jimmy Eat World,,,,,1
Fresh,Raspberries,Raspberries,,,,,1
"Megham Karukatha (From ""Thiruchitrambalam"")",Dhanush,Dhanush,,,,,1
Kavi Gaurav Mangesh Padgaokar,Lata Mangeshkar,Lata Mangeshkar,,,,,1
Kho Gaye Hum Kahan,Vincent Boral,Vincent Boral,,,,,1
Mukesh Ki Barfi,Mukesh,Mukesh,,,,,1
Anari,Lata Mangeshkar,Lata Mangeshkar,,,,,1
Teesri Kasam,Mukesh,Mukesh,,,,,1
Sanam - Taarif Karoon,Mohammed Rafi,Mohammed Rafi,,,,,1
Shaan,Mohammed Rafi,Mohammed Rafi,,,,,1
Teesri Manzil,Asha Bhosle,Asha Bhosle,,,,,1
Do Raaste,Lata Mangeshkar,Lata Mangeshkar,,,,,1
Shree 420,Lata Mangeshkar,Lata Mangeshkar,,,,,1
An Evening In Paris,Asha Bhosle,Asha Bhosle,,,,,1
Chaudhvin Ka Chand,Mohammed Rafi,Mohammed Rafi,,,,,1
Raaz-e-Fitna,Asfar Hussain,Asfar Hussain,,,,,1
Aranjuez,Robert de Visée,Robert de Visée,,,,,1
Sarabande,Robert de Visée,Robert de Visée,,,,,1
ask the river,Rachel Portman,Rachel Portman,,,,,1
Sibelius,Jean Sibelius,Jean Sibelius,,,,,1
Seven Days Walking,Ludovico Einaudi,Ludovico Einaudi,,,,,1
Fila,Boy Willows,Boy Willows,,,,,1
Avril 14th (Aphex Twin),Murcof,Murcof,,,,,1
Talladega,Nic D,Nic D,,,,,1
Rang Kala,Bob.B Randhawa,Bob.B Randhawa,,,,,1
There Is a Light That Never Goes Out,The Smiths,The Smiths,,,,,1
Hollywood Love Life,Lil Cobaine,Lil Cobaine,,,,,1
Dilwale Dulhania Le Jayenge,Asha Bhosle,Asha Bhosle,,,,,1
Darr,Lata Mangeshkar,Lata Mangeshkar,,,,,1
Anjaam - Original Motion Picture Soundtrack,Abhijeet Bhattcharya,Abhijeet Bhattcharya,,,,,1
Koyla - Original Motion Picture Soundtrack,Kavita Krishnamurthy,Kavita Krishnamurthy,,,,,1
Hum To Deewane Huye,Abhijeet,Abhijeet,,,,,1
Dilwale Dulhania Le Jayenge,Udit Narayan,Udit Narayan,,,,,1
Jugaadistan,Indian Ocean,Indian Ocean,,,,,1
Moving Slowly,Theo Kandel,Theo Kandel,,,,,1
Good For Me,DOUBLECAMP,DOUBLECAMP,,,,,1
Insomnia,The Moss,The Moss,,,,,1
French Blonde,Joe P,Joe P,,,,,1
All I've Built,Holden Miller,Holden Miller,,,,,1
Sukoon,Taaruk Raina,Taaruk Raina,,,,,1
Aana Nahi,Aditya Rikhari,Aditya Rikhari,,,,,1
Laaree Chootee,WORMONO,WORMONO,,,,,1
Aaj Mohabbat,Aditya Rikhari,Aditya Rikhari,,,,,1
Race - Original Motion Picture Soundtrack,Atif Aslam,Atif Aslam,,,,,1
Bikhra,Abdul Hannan,Abdul Hannan,,,,,1
October,Anupam Roy,Anupam Roy,,,,,1
Special 26,Papon,Papon,,,,,1
Khidkiyan,Dream Note,Dream Note,,,,,1
Notes from Therapy,Lost Stories,Lost Stories,,,,,1
Zara Zara - MTV Unwind,Arjun Kanungo,Arjun Kanungo,,,,,1
Chan Kithan,Ali Sethi,Ali Sethi,,,,,1
Bond with Nature,Taba Chake,Taba Chake,,,,,1
Dil Hai Na,Aditya Rikhari,Aditya Rikhari,,,,,1
Load Wedding,Azhar Abbas,Azhar Abbas,,,,,1
Udaan,Joi Barua,Joi Barua,,,,,1
Ek Main Aur Ekk Tu,Karthik,Karthik,,,,,1
Udta Punjab,Diljit Dosanjh,Diljit Dosanjh,,,,,1
Pari,Anupam Roy,Anupam Roy,,,,,1
Phir Kabhi,Ramil Ganjoo,Ramil Ganjoo,,,,,1
Udta Punjab,Shahid Mallya,Shahid Mallya,,,,,1
"Kahani (From ""Laal Singh Chaddha"")",Pritam,Pritam,,,,,1
Lootera,Amitabh Bhattacharya,Amitabh Bhattacharya,,,,,1
Khaare Raste,Raghav Kaushik,Raghav Kaushik,,,,,1
Paas Aa,Zaeden,Zaeden,,,,,1
Duur Hai Wo,Deepak Rathore Project,Deepak Rathore Project,,,,,1
Haan Pyaar Hai,NAALAYAK,NAALAYAK,,,,,1
Maja Ma,The Yellow Diary,The Yellow Diary,,,,,1
Dhoondti Firaan,The Yellow Diary,The Yellow Diary,,,,,1
Sajni,The Yellow Diary,The Yellow Diary,,,,,1
Jugaadistan,The Yellow Diary,The Yellow Diary,,,,,1
Udaan,The Yellow Diary,The Yellow Diary,,,,,1
May 25th,B.o.B,B.o.B,,,,,1
Workout Motivation,Akon,Akon,,,,,1
Road Trip Sing-Along,Akon,Akon,,,,,1
NSFW,Akon,Akon,,,,,1
Number 1's,Akon,Akon,,,,,1
Breakup Songs,Akon,Akon,,,,,1
Bagatellen und Serenaden,Valentin Silvestrov,Valentin Silvestrov,,,,,1
"Correlations B-Sides (on Yamaha Upright, 1981)",Carlos Cipa,Carlos Cipa,,,,,1
Still,Ola Gjeilo,Ola Gjeilo,,,,,1
Bach and Beyond,Johann Sebastian Bach,Johann Sebastian Bach,,,,,1
Clair de Lune - Orchestral Favourites; Waldteufel - Waltzes,Jules Massenet,Jules Massenet,,,,,1
"1846, dernière année à Nohant - Chopin: Cello Sonata; Piano Works",Frédéric Chopin,Frédéric Chopin,,,,,1
Melody,Olga Scheps,Olga Scheps,,,,,1
Seasons,Ola Gjeilo,Ola Gjeilo,,,,,1
"Rachmaninoff: 12 Songs, Op. 21: V. Lilacs (Transcr. Rachmaninoff for Solo Piano)",Sergei Rachmaninoff,Sergei Rachmaninoff,,,,,1
Walk With Us,Alexis Ffrench,Alexis Ffrench,,,,,1
"Bach: Prelude in B minor, BWV 855a (Arr. by Alexander Siloti)",Johann Sebastian Bach,Johann Sebastian Bach,,,,,1
"J.S. Bach: Herz und Mund und Tat und Leben, Cantata BWV 147: Jesu, Joy of Man’s Desiring (Transcr. Hess for Piano)",Johann Sebastian Bach,Johann Sebastian Bach,,,,,1
"Wonderland - Edvard Grieg: Piano Concerto, Lyric Pieces",Edvard Grieg,Edvard Grieg,,,,,1
Elegy,Pablo Casals,Pablo Casals,,,,,1
reputation Stadium Tour Surprise Song Playlist,Taylor Swift,Taylor Swift,,,,,1
Hustle 2.0,MC SQUARE,MC SQUARE,,,,,1
Really Brown Really Rare,The Siege,The Siege,,,,,1
Houdini,Karan Kanchan,Karan Kanchan,,,,,1
Breezer Vivid Shuffle,DIVINE,DIVINE,,,,,1
King Of The Streets,Emiway Bantai,Emiway Bantai,,,,,1
Hustle 2.0,Paradox,Paradox,,,,,1
Man Of The Match,Bali,Bali,,,,,1
NAKSHATRA,DRV,DRV,,,,,1
Shor Sharaba,Ravator,Ravator,,,,,1
Masti,Kaam Bhaari,Kaam Bhaari,,,,,1
I Wanna Feel Good,Chris James,Chris James,,,,,1
Vanity,Henry Verus,Henry Verus,,,,,1
Coming Clean,Brandon,Brandon,,,,,1
i met sarah in the bathroom,awfultune,awfultune,,,,,1
CLEAR,Summer Walker,Summer Walker,,,,,1
ARIZONA BABY,Kevin Abstract,Kevin Abstract,,,,,1
FRIENDS KEEP SECRETS 2,benny blanco,benny blanco,,,,,1
Amplifier,Imran Khan,Imran Khan,,,,,1
Married In Vegas,The Vamps,The Vamps,,,,,1
Jee Chaahe,Sagar Verma,Sagar Verma,,,,,1
Naya Din,Itra,Itra,,,,,1
Subah,digV,digV,,,,,1
royein.,Abdullah Maharvi,Abdullah Maharvi,,,,,1
Kati Patang,Rushil Aswal,Rushil Aswal,,,,,1
Pehle Ki Taraah,Rushil Aswal,Rushil Aswal,,,,,1
Subah Ki Chai,Rushil Aswal,Rushil Aswal,,,,,1
Agar Main Jaana Chaahoon,Rushil Aswal,Rushil Aswal,,,,,1
Kinaare,ABHInav PRATIHAR,ABHInav PRATIHAR,,,,,1
Piano Book,Johann Sebastian Bach,Johann Sebastian Bach,,,,,1
"Für Elise, Bagatelle No. 25 in A Minor, WoO 59",Ludwig van Beethoven,Ludwig van Beethoven,,,,,1
Born in the 1600s: Bach,Johann Sebastian Bach,Johann Sebastian Bach,,,,,1
Mozart: Academy in Concert,Johann Pachelbel,Johann Pachelbel,,,,,1
Handel Sarabande,George Frideric Handel,George Frideric Handel,,,,,1
Gnossienne No. 1,Erik Satie,Erik Satie,,,,,1
Szymanowski: Violin Concerto No. 1,Jules Massenet,Jules Massenet,,,,,1
"Strauss, J.: An der schönen blauen Donau (The Blue Danube)",Johann Strauss II,Johann Strauss II,,,,,1
Halloween Music,Camille Saint-Saëns,Camille Saint-Saëns,,,,,1
2AM,Landon Conrath,Landon Conrath,,,,,1
lowercase,Landon Conrath,Landon Conrath,,,,,1
Shola,Towers,Towers,,,,,1
Asar,Anand Bhaskar,Anand Bhaskar,,,,,1
Raaz 3,Javed Ali,Javed Ali,,,,,1
Kalyug,Rahat Fateh Ali Khan,Rahat Fateh Ali Khan,,,,,1
Veer (Original Motion Picture Soundtrack),Rahat Fateh Ali Khan,Rahat Fateh Ali Khan,,,,,1
Half Girlfriend - Original Motion Picture Soundtrack,Farhan Saeed,Farhan Saeed,,,,,1
Kill Dil,Shankar-Ehsaan-Loy,Shankar-Ehsaan-Loy,,,,,1
Rustom,Atif Aslam,Atif Aslam,,,,,1
Aarakshan (Original Motion Picture Soundtrack),Shankar-Ehsaan-Loy,Shankar-Ehsaan-Loy,,,,,1
"Crosby, Stills & Nash","Crosby, Stills & Nash","Crosby, Stills & Nash",,,,,1
Back To The Egg,Wings,Wings,,,,,1
SOS,Eli Sostre,Eli Sostre,,,,,1
Thanks For Nothing,Tre' Amani,Tre' Amani,,,,,1
Way Darker This Time,Norman Perry,Norman Perry,,,,,1
Ramreaper,Ramriddlz,Ramriddlz,,,,,1
Toss Up,Darci,Darci,,,,,1
TOO FAR,Sierra Kidd,Sierra Kidd,,,,,1
Just So You Know,A2,A2,,,,,1
Mismatched: Season 1 (Music from the Netflix Original Series),Taaruk Raina,Taaruk Raina,,,,,1
I'll Be Around,Garrett Kato,Garrett Kato,,,,,1
Perfectly Broken,BANNERS,BANNERS,,,,,1
Here with Me (Sped Up) - I Don't Care How Long It Takes as Long as I'm with You,MADAX,MADAX,,,,,1
Love,The Beatles,The Beatles,,,,,1
Parineeta,K. S. Chithra,K. S. Chithra,,,,,1
Parineeta,Rita Ganguly,Rita Ganguly,,,,,1
Hustle 2.0,Nazz,Nazz,,,,,1
Hustle 2.0,UNB,UNB,,,,,1
Have A Little Faith In Me,SYML,SYML,,,,,1
Blue Sky,Harvest Son,Harvest Son,,,,,1
I Saw Love,Forest Blakk,Forest Blakk,,,,,1
Dhadkan - Original Motion Picture Soundtrack,Kumar Sanu,Kumar Sanu,,,,,1
Note Fenko - The Karampura Song,Yo Yo Honey Singh,Yo Yo Honey Singh,,,,,1
"Rabba Janda (From ""Mission Majnu"")",Jubin Nautiyal,Jubin Nautiyal,,,,,1
"Aashiqui (From ""Cirkus"")",Badshah,Badshah,,,,,1
Naya Nazariya,King,King,,,,,1
Affection,Jack Love,Jack Love,,,,,1
Gatividhi,Yo Yo Honey Singh,Yo Yo Honey Singh,,,,,1
Players,Badshah,Badshah,,,,,1
P PAA K,Denny,Denny,,,,,1
Suna Pharua,Sonu Nigam,Sonu Nigam,,,,,1
Going Yeezy,French Montana,French Montana,,,,,1
Lay Low,Tiësto,Tiësto,,,,,1
Sweetest Lullaby,Travis Atreo,Travis Atreo,,,,,1
Everywhere,K E M A L,K E M A L,,,,,1
Never Gonna Give You Up,Hazlett,Hazlett,,,,,1
Be Slow,Harrison Storm,Harrison Storm,,,,,1
Embers Mixtape,Blakey,Blakey,,,,,1
Breathe Again,Harrison Storm,Harrison Storm,,,,,1
"Here, Right Now",Joshua Radin,Joshua Radin,,,,,1
Aaoge jab tum o sajna unplugged,Nitin Shukla,Nitin Shukla,,,,,1
The perfect mood,Lofiwaala,Lofiwaala,,,,,1
Samandar Saraab,Madhur Sharma,Madhur Sharma,,,,,1
Raanjhana hua mai tera,Pasi harshit,Pasi harshit,,,,,1
Tum Chhupa Na Sakogi,Prashant Katheriya,Prashant Katheriya,,,,,1
Lamha,Aditya Yadav,Aditya Yadav,,,,,1
Waqt Ki Baatien (Lofi Mix),Coffeekids,Coffeekids,,,,,1
Ghalat Fehmi,Mister Priyanshu,Mister Priyanshu,,,,,1
Kuch Kuch Hota Hai,Nitin Shukla,Nitin Shukla,,,,,1
Saiyaara (Lofi Flip),Rohiiieet,Rohiiieet,,,,,1
Subhanallah Lofi Mix,Pritam,Pritam,,,,,1
UNTALIARI,PODISTI,PODISTI,,,,,1
A Love Letter To You 4,Trippie Redd,Trippie Redd,,,,,1
"Pandang Pandang, Jeling Jeling",Faizal Tahir,Faizal Tahir,,,,,1
Lal Lal Sariya,Dillu Dilwala,Dillu Dilwala,,,,,1
Stayed at the Party,Hope Tala,Hope Tala,,,,,1
Tiptoeing,Hope Tala,Hope Tala,,,,,1
Thoda Theher,Raeyna,Raeyna,,,,,1
Pacifico - Deluxe,Surfaces,Surfaces,,,,,1
Goosebumps,Travis Scott,Travis Scott,,,,,1
"Jehda Nasha (From ""An Action Hero"")",Tanishk Bagchi,Tanishk Bagchi,,,,,1
Whiskey Pilado,Tony Kakkar,Tony Kakkar,,,,,1
Sun Maahi,Armaan Malik,Armaan Malik,,,,,1
Rasiya,Pritam,Pritam,,,,,1
"Dil De Diya (From ""Thank God"")",Rochak Kohli,Rochak Kohli,,,,,1
"Srivalli (From ""Pushpa The Rise Part - 01"")",Javed Ali,Javed Ali,,,,,1
Shamshera,Mithoon,Mithoon,,,,,1
WOH,Ikka,Ikka,,,,,1
"Dil (From ""Ek Villain Returns"")",Kaushik-Guddu,Kaushik-Guddu,,,,,1
"The Punjaabban Song (From ""Jugjugg Jeeyo"")",Tanishk Bagchi,Tanishk Bagchi,,,,,1
Baarishon Mein,Darshan Raval,Darshan Raval,,,,,1
Tauba (feat. Badshah),Payal Dev,Payal Dev,,,,,1
"Naacho Naacho (From ""RRR"")",Vishal Mishra,Vishal Mishra,,,,,1
"Tantric Dreams Music – Shamanic Drum for Meditation, Relaxation, Yoga",Meditation Music Zone,Meditation Music Zone,,,,,1
"Patient Meditation - Free Spirit, Inner Spirit, Miracle of Meditation, Spiritual Well Being",Meditation Music Zone,Meditation Music Zone,,,,,1
Happy Ending (Original Motion Picture Soundtrack),Arijit Singh,Arijit Singh,,,,,1
Stoney - Complete Edition,Post Malone,Post Malone,,,,,1
Never Gonna Be Alone (feat. Lizzy McAlpine & John Mayer),Jacob Collier,Jacob Collier,,,,,1
Inside Friend (feat. John Mayer),Leon Bridges,Leon Bridges,,,,,1
Say,John Mayer,John Mayer,,,,,1
I'm Gonna Find Another You (feat. John Mayer),Wynton Marsalis Septet,Wynton Marsalis Septet,,,,,1
Moletom,Guaraná,Guaraná,,,,,1
Gangster,Zubeen Garg,Zubeen Garg,,,,,1
Raataan Chill Mix,Tanishk Bagchi,Tanishk Bagchi,,,,,1
Kasol,Pathan,Pathan,,,,,1
Natarang,Bela Shende,Bela Shende,,,,,1
Cuffing Season,Emmrose,Emmrose,,,,,1
Raanjhana,Arijit Singh,Arijit Singh,,,,,1
MAXIDENT,Stray Kids,Stray Kids,,,,,1
Chaand Baaliyan Duet,Aditya A,Aditya A,,,,,1
Chaand Baaliyan,Silent Ocean,Silent Ocean,,,,,1
Vishwaroopam (Tamil),Shankar-Ehsaan-Loy,Shankar-Ehsaan-Loy,,,,,1
Rowdy Rathore (Original Motion Picture Soundtrack),Sajid-Wajid,Sajid-Wajid,,,,,1
YRF Top 10 - Nightout Sounds,Shankar-Ehsaan-Loy,Shankar-Ehsaan-Loy,,,,,1
Hum,Sudesh Bhosle,Sudesh Bhosle,,,,,1
Tom Dick And Harry,Himesh Reshammiya,Himesh Reshammiya,,,,,1
Spa Music,Spa,Spa,,,,,1
tape,Taran,Taran,,,,,1
Travel Tunes,KK,KK,,,,,1
Favorite Peeps,Prateek Kuhad,Prateek Kuhad,,,,,1
Moins joli,Iliona,Iliona,,,,,1
uplifters,Isaac Delusion,Isaac Delusion,,,,,1
Aller-retour,Bon Entendeur,Bon Entendeur,,,,,1
Impala,Adèle Castillon,Adèle Castillon,,,,,1
Break Ke Baad,Monica Dogra,Monica Dogra,,,,,1
Shaandaar,Vishal Dadlani,Vishal Dadlani,,,,,1
Don't Be Shy Again,Sachin-Jigar,Sachin-Jigar,,,,,1
Sailing To Philadelphia,Mark Knopfler,Mark Knopfler,,,,,1
Kill To Get Crimson,Mark Knopfler,Mark Knopfler,,,,,1
Veere Di Wedding,QARAN,QARAN,,,,,1
When I’m Gone (with Katy Perry),Alesso,Alesso,,,,,1
Far From Here,Emmit Fenn,Emmit Fenn,,,,,1
Con Todo El Mundo,Khruangbin,Khruangbin,,,,,1
Lady Lady,Masego,Masego,,,,,1
Restless,Xzibit,Xzibit,,,,,1
O Seguinte é Esse,Barbatuques,Barbatuques,,,,,1
Nothing But The Best - 2008 Remastered,Frank Sinatra,Frank Sinatra,,,,,1
One More Light,Linkin Park,Linkin Park,,,,,1
There And Back Again,Eric Nam,Eric Nam,,,,,1
Open Your Eyes,Kina Grannis,Kina Grannis,,,,,1
sushi song,When Chai Met Toast,When Chai Met Toast,,,,,1
How I'm Feeling Now,Lewis Capaldi,Lewis Capaldi,,,,,1
The Grants,Lana Del Rey,Lana Del Rey,,,,,1
you were there for me,Henry Moodie,Henry Moodie,,,,,1
STAR WALKIN' (League of Legends Worlds Anthem),Lil Nas X,Lil Nas X,,,,,1
Levitating EP,Dua Lipa,Dua Lipa,,,,,1
SunKissing,Hailee Steinfeld,Hailee Steinfeld,,,,,1
Good Feeling (feat. Rhys Lewis),Bakermat,Bakermat,,,,,1
Greatest Hits,2Pac,2Pac,,,,,1
Players,Coi Leray,Coi Leray,,,,,1
The Sign,Ace of Base,Ace of Base,,,,,1
Unholy (feat. Kim Petras),Sam Smith,Sam Smith,,,,,1
Boyfriend,Dove Cameron,Dove Cameron,,,,,1
Another Level,Blackstreet,Blackstreet,,,,,1
OUT OUT (feat. Charli XCX & Saweetie),Joel Corry,Joel Corry,,,,,1
Call on Me,Eric Prydz,Eric Prydz,,,,,1
Lean Into It (30th Anniversary Edition),Mr. Big,Mr. Big,,,,,1
Funhouse (Expanded Edition),P!nk,P!nk,,,,,1
Under the Tree,SiM,SiM,,,,,1
KU LO SA - A COLORS SHOW,Oxlade,Oxlade,,,,,1
Voices (feat. Oliver Tree),KSI,KSI,,,,,1
daydreaming,Foudeqush,Foudeqush,,,,,1
THENIGHTISYOUNG.,melvitto,melvitto,,,,,1
Ampoule,MAH,MAH,,,,,1
No Wahala,1da Banton,1da Banton,,,,,1
KIRK,DaBaby,DaBaby,,,,,1
You Are Mine,Anirudh Sharma,Anirudh Sharma,,,,,1
Love Talk,WayV,WayV,,,,,1
bloom,mgk,mgk,,,,,1
Give Up (Deluxe 10th Anniversary Edition),The Shins,The Shins,,,,,1
Fighting In A Sack,The Shins,The Shins,,,,,1
Dhadkan,Abhijeet,Abhijeet,,,,,1
Maan Meri Jaan (Afterlife),King,King,,,,,1
Pagglait,Arijit Singh,Arijit Singh,,,,,1
Shershaah,Tanishk Bagchi,Tanishk Bagchi,,,,,1
Jugjugg Jeeyo,Guru Randhawa,Guru Randhawa,,,,,1
Luka Chuppi,Akhil,Akhil,,,,,1
Ek Villain,Arijit Singh,Arijit Singh,,,,,1
Marjaavaan,Payal Dev,Payal Dev,,,,,1
Ek Villain,Ankit Tiwari,Ankit Tiwari,,,,,1
Pushpa The Rise Part - 01,Javed Ali,Javed Ali,,,,,1
"Aabaad Barbaad (From ""Ludo"")",Pritam,Pritam,,,,,1
"Paniyon Sa (From ""Satyameva Jayate"")",Rochak Kohli,Rochak Kohli,,,,,1
Airlift,Amaal Mallik,Amaal Mallik,,,,,1
"Mere Yaaraa (From ""Sooryavanshi"")",Arijit Singh,Arijit Singh,,,,,1
Roy,Ankit Tiwari,Ankit Tiwari,,,,,1
Mann Bharryaa 2.0,B Praak,B Praak,,,,,1
Shiddat,Manan Bhardwaj,Manan Bhardwaj,,,,,1
Sanam Re,Mithoon,Mithoon,,,,,1
Mumbai Saga,Jubin Nautiyal,Jubin Nautiyal,,,,,1
"Mere Liye Tum Kaafi Ho (From ""Shubh Mangal Zyada Saavdhan"")",Ayushmann Khurrana,Ayushmann Khurrana,,,,,1
"Chashni (From ""Bharat"")",Abhijeet Srivastava,Abhijeet Srivastava,,,,,1
"Thodi Jagah (From ""Marjaavaan"")",Arijit Singh,Arijit Singh,,,,,1
De De Pyaar De,Armaan Malik,Armaan Malik,,,,,1
Jalebi,Javed-Mohsin,Javed-Mohsin,,,,,1
Heartless,Arijit Singh,Arijit Singh,,,,,1
Batti Gul Meter Chalu,Atif Aslam,Atif Aslam,,,,,1
Bandeya,Shaarib Toshi,Shaarib Toshi,,,,,1
Chameli,Sunidhi Chauhan,Sunidhi Chauhan,,,,,1
Bollywood Remix,Shankar Mahadevan,Shankar Mahadevan,,,,,1
Blinding Lights,Revelries,Revelries,,,,,1
Queen,Shefali Alvares,Shefali Alvares,,,,,1
Nazar Na Lag Jaye,Gaurav Aery,Gaurav Aery,,,,,1
Angrezi Medium,Taniskaa Sanghvi,Taniskaa Sanghvi,,,,,1
The Body,Arko,Arko,,,,,1
Angrezi Medium,Vishal Dadlani,Vishal Dadlani,,,,,1
Pati Patni Aur Woh,Rochak Kohli,Rochak Kohli,,,,,1
Shubh Mangal Zyada Saavdhan,Ayushmann Khurrana,Ayushmann Khurrana,,,,,1
Kapoor & Sons (Since 1921) (Original Motion Picture Soundtrack),Amaal Mallik,Amaal Mallik,,,,,1
Pawankhind,Avadhoot Gupte,Avadhoot Gupte,,,,,1
All Of The Girls You Loved Before,Taylor Swift,Taylor Swift,,,,,1
Daaye Baaye,Saahel,Saahel,,,,,1
Saara Jahaan,Akanksha Bhandari,Akanksha Bhandari,,,,,1
Baaton Baaton Main,Shashwat Sachdev,Shashwat Sachdev,,,,,1
Together At Last,Alexis Ffrench,Alexis Ffrench,,,,,1
Making All Things New,Aaron Espe,Aaron Espe,,,,,1
Just The Two of Us,Kauai45,Kauai45,,,,,1
Estrela,Sandy,Sandy,,,,,1
Quand vous souriez,Libor Kolman,Libor Kolman,,,,,1
Ensaio Acústico,OUTROEU,OUTROEU,,,,,1
Prospect,AHI,AHI,,,,,1
Another Time,TWO LANES,TWO LANES,,,,,1
Amapolas,Leo Rizzi,Leo Rizzi,,,,,1
ANAVITÓRIA,ANAVITÓRIA,ANAVITÓRIA,,,,,1
Wasting Love,SRTW,SRTW,,,,,1
Melim: Melhores do Meu 2020,Armandinho,Armandinho,,,,,1
Acoustic - EP,One Direction,One Direction,,,,,1
Encaixe,OUTROEU,OUTROEU,,,,,1
Run,OneRepublic,OneRepublic,,,,,1
Mere Paas Tum Raho,Sumedh Mudgalkar,Sumedh Mudgalkar,,,,,1
Tell It to My Heart (Expanded Edition),Taylor Dayne,Taylor Dayne,,,,,1
Laal Ishq,Vasundhra Mishra,Vasundhra Mishra,,,,,1
"Laal Ishq (From ""Goliyon Ki Raasleela Ram-Leela"")",Sanjay Leela Bhansali,Sanjay Leela Bhansali,,,,,1
Goliyon Ki Raasleela Ram-Leela (Original Motion Picture Soundtrack),Arijit Singh,Arijit Singh,,,,,1
Benz,Young Stunners,Young Stunners,,,,,1
Duniyadari,Sayali Pankaj,Sayali Pankaj,,,,,1
Kitida Navyane,ARVIND WANKHEDE,ARVIND WANKHEDE,,,,,1
Saanwal Rangiye,Lakhwinder Wadali,Lakhwinder Wadali,,,,,1
Ek Tarfa,Darshan Raval,Darshan Raval,,,,,1
Ek Main Aur Ekk Tu,Ash King,Ash King,,,,,1
Ghetto Lenny's Love Songs,SAINt JHN,SAINt JHN,,,,,1
Breathless Hanuman Chalisa,Shankar Mahadevan,Shankar Mahadevan,,,,,1
Haidakhandi - Aarti & Bhajans,Sonu Nigam,Sonu Nigam,,,,,1
Sau Sawaal,Vedd Jha,Vedd Jha,,,,,1
Thoda Sa Theher,Akanksha Sethi,Akanksha Sethi,,,,,1
Krishna Forever,Hariharan,Hariharan,,,,,1
Vibrate: The Best Of,Rufus Wainwright,Rufus Wainwright,,,,,1
Khali Khali,Sejal,Sejal,,,,,1
Ye Jo Pal Hai,Harpreet,Harpreet,,,,,1
Tu Jo Mera,Rohit,Rohit,,,,,1
Ye Dil,Vedd Jha,Vedd Jha,,,,,1
Kaise Tum Huye,Pahadininja,Pahadininja,,,,,1
Raat,Navya Sharma,Navya Sharma,,,,,1
Panno Pe,Barbie Rajput,Barbie Rajput,,,,,1
Lag Ja Gale - Sanam,Sanam,Sanam,,,,,1
Zaupanje,Valbona Ceferin,Valbona Ceferin,,,,,1
San Remo,Finley Rhone,Finley Rhone,,,,,1
Meditabundus,Kellen Chase,Kellen Chase,,,,,1
Solace,Armando Bauer,Armando Bauer,,,,,1
Romance No 2 'Normandie',Etienne Balestre,Etienne Balestre,,,,,1
Fields,Kiara Leonard,Kiara Leonard,,,,,1
Travelling,Ellen Wince,Ellen Wince,,,,,1
Trust,Ambrosiae,Ambrosiae,,,,,1
Flying Away,Tom Holding,Tom Holding,,,,,1
Tenderly,Les Rêveries,Les Rêveries,,,,,1
La Paix Intérieure,Alain Pironi,Alain Pironi,,,,,1
Hommage d'amitié,Gunnel Boek,Gunnel Boek,,,,,1
The Midnight Sun,Hakone,Hakone,,,,,1
Horizon,Tamara Eden,Tamara Eden,,,,,1
To the Rain,Anna Landström,Anna Landström,,,,,1
As I Dream,Johannes Bornlöf,Johannes Bornlöf,,,,,1
Mimetismo,Joaquim Azevedo,Joaquim Azevedo,,,,,1
Fleurs de cerisier,Chloé Czans,Chloé Czans,,,,,1
Adesso,Carluccio,Carluccio,,,,,1
Mind Like Water,Andreas Monta,Andreas Monta,,,,,1
Estelle,Doris Casella,Doris Casella,,,,,1
Answer With Light,Warble,Warble,,,,,1
Nocturne des elfes,Admalou,Admalou,,,,,1
Movement,Sanna Aalto,Sanna Aalto,,,,,1
When it drizzles,Alva Brunel,Alva Brunel,,,,,1
Shizukana,Isshi Matsuriza,Isshi Matsuriza,,,,,1
"Romance no 1 ""Nordica""",Antoine Minot,Antoine Minot,,,,,1
Not a Number,Luca Bissette,Luca Bissette,,,,,1
Saying Things,Emanuel Fremont,Emanuel Fremont,,,,,1
Floating,Gianluca Piacenza,Gianluca Piacenza,,,,,1
Viejos Amores,Miguel Pérez,Miguel Pérez,,,,,1
Finally Ours,Derick Carson,Derick Carson,,,,,1
Recalibrate,Floyd Nova,Floyd Nova,,,,,1
Summer Light,Aaren Hughes,Aaren Hughes,,,,,1
Whereabouts,Portia Price,Portia Price,,,,,1
Sempiternal,Miriam Raye,Miriam Raye,,,,,1
Whirling sky,Tamara Blake,Tamara Blake,,,,,1
Raconteur,Dean Demir,Dean Demir,,,,,1
Laredo,Davignon,Davignon,,,,,1
Symbios,Ever So Blue,Ever So Blue,,,,,1
Places,Ambrosiae,Ambrosiae,,,,,1
Sunnebovals,Christian Peterson-Bergling,Christian Peterson-Bergling,,,,,1
Although,Jane Avril,Jane Avril,,,,,1
Compass,Niwa Nova,Niwa Nova,,,,,1
Slowly,Carl Moir,Carl Moir,,,,,1
Meraviglia,Porch Upright,Porch Upright,,,,,1
Zephyr,Con Alma,Con Alma,,,,,1
Fanney Khan,Sunidhi Chauhan,Sunidhi Chauhan,,,,,1
Balaghal-Ula Bi-Kamaalihi,Ali Zafar,Ali Zafar,,,,,1
Yariyaan,Ali Zafar,Ali Zafar,,,,,1
Pehli Si Muhabbat (Original Motion Picture Soundtrack),Ali Zafar,Ali Zafar,,,,,1
Chashme Baddoor,Sonu Nigam,Sonu Nigam,,,,,1
Best Of Priyanka Chopra Vol-2,Mamta Sharma,Mamta Sharma,,,,,1
Dip (feat. Nicki Minaj),Tyga,Tyga,,,,,1
Devdas,Kavita Krishnamurthy,Kavita Krishnamurthy,,,,,1
Mujhse Shaadi Karogi,Sonu Nigam,Sonu Nigam,,,,,1
Musafir,Sukhwinder Singh,Sukhwinder Singh,,,,,1
El Dorado,24kGoldn,24kGoldn,,,,,1
Come Into My Life (The Album),Gala,Gala,,,,,1
Prem Ratan Dhan Payo,Anweshaa,Anweshaa,,,,,1
Provider,Frank Ocean,Frank Ocean,,,,,1
Dear April (Side A - Acoustic),Frank Ocean,Frank Ocean,,,,,1
Bajirao Mastani (Original Motion Picture Soundtrack),Javed Bashir,Javed Bashir,,,,,1
Bajirao Mastani (Original Motion Picture Soundtrack),Shashi Suman,Shashi Suman,,,,,1
Bajirao Mastani (Original Motion Picture Soundtrack),Payal Dev,Payal Dev,,,,,1
Bajirao Mastani (Original Motion Picture Soundtrack),Shreya Ghoshal,Shreya Ghoshal,,,,,1
CLOUDS (THE MIXTAPE),NF,NF,,,,,1
Dynasty,MIIA,MIIA,,,,,1
Cloud Nine,Kygo,Kygo,,,,,1
Kambakkht Ishq (Original Motion Picture Soundtrack),KK,KK,,,,,1
Kambakkht Ishq (Original Motion Picture Soundtrack),Alisha Chinai,Alisha Chinai,,,,,1
Memoirs of an imperfect Angel,Mariah Carey,Mariah Carey,,,,,1
Out Like a Light,The Honeysticks,The Honeysticks,,,,,1
Color,Coyote Theory,Coyote Theory,,,,,1
Cavetown,Cavetown,Cavetown,,,,,1
Static,Cults,Cults,,,,,1
Flying,Cody Fry,Cody Fry,,,,,1
Aakrosh,Pritam,Pritam,,,,,1
Fire,Anniina,Anniina,,,,,1
Perfume - The 1st Mini Album,NCT DOJAEJUNG,NCT DOJAEJUNG,,,,,1
A.M. Paradox,Brent Faiyaz,Brent Faiyaz,,,,,1
Hold On,H.E.R.,H.E.R.,,,,,1
Damage,H.E.R.,H.E.R.,,,,,1
Partner,Sonu Nigam,Sonu Nigam,,,,,1
Dhan Dhana Dhan Goal,Pritam,Pritam,,,,,1
All Around the World (La La La),R3HAB,R3HAB,,,,,1
Don't Call Me Up,Mabel,Mabel,,,,,1
South of the Border (feat. Camila Cabello & Cardi B),Ed Sheeran,Ed Sheeran,,,,,1
Sweet Dreams (are Made of This),Winati,Winati,,,,,1
Magnets EP,Sam Feldt,Sam Feldt,,,,,1
Bruises EP,Lewis Capaldi,Lewis Capaldi,,,,,1
DANCE,CLMD,CLMD,,,,,1
The Rhythm of the Night,Sean Finn,Sean Finn,,,,,1
Complicated,Alexander Oscar,Alexander Oscar,,,,,1
Thank You [Not So Bad],VIZE,VIZE,,,,,1
Quiet Times,Dan Maus,Dan Maus,,,,,1
July Birthday Party,Sohail Sen,Sohail Sen,,,,,1
Navratri Special - Amman Songs,Rajalakshmee Sanjay,Rajalakshmee Sanjay,,,,,1
Drift Back,Phillip Phillips,Phillip Phillips,,,,,1
Parinda - Original Motion Picture Soundtrack,Asha Bhosle,Asha Bhosle,,,,,1
Aar Nanak Paar Nanak,Diljit Dosanjh,Diljit Dosanjh,,,,,1
Satyameva Jayate,Neha Kakkar,Neha Kakkar,,,,,1
Chantilly Lace,The Big Bopper,The Big Bopper,,,,,1
Tibetan Monks Chantiing Om for Deep Meditation and Spiritual Awakening,Meditation Music,Meditation Music,,,,,1
Kishore Kumar Masti Ki Chakri,Kishore Kumar,Kishore Kumar,,,,,1
Bollywood Trap Mix,Farooq Got Audio,Farooq Got Audio,,,,,1
Original Musical Soundtrack,Original Soundtrack,Original Soundtrack,,,,,1
Shankar Mahadevan The Vocalist,Shankar Mahadevan,Shankar Mahadevan,,,,,1
Raanjhana,Rishab Rikhiram Sharma,Rishab Rikhiram Sharma,,,,,1
The Versions - Venmathi Venmathiye,Tippu,Tippu,,,,,1
Dream,Kitaro,Kitaro,,,,,1
Murari,S.P. Charan,S.P. Charan,,,,,1
Venky,Karthik,Karthik,,,,,1
Darling (Original Motion Picture Soundtrack),G. V. Prakash,G. V. Prakash,,,,,1
Orange,Naresh Iyer,Naresh Iyer,,,,,1
Oye,Siddharth,Siddharth,,,,,1
Surya S/o Krishnan (Original Motion Picture Soundtrack),Harris Jayaraj,Harris Jayaraj,,,,,1
Yemaaya Chesave (Original Motion Picture Soundtrack),A.R. Rahman,A.R. Rahman,,,,,1
Happy Days,Karthik,Karthik,,,,,1
Anand,Shreya Ghoshal,Shreya Ghoshal,,,,,1
Bommarillu,Jeans Srinivas,Jeans Srinivas,,,,,1
Nuvvostanante Nenoddantana,Karthik,Karthik,,,,,1
Manmadhudu,S.P. Charan,S.P. Charan,,,,,1
Osthe (Original Motion Picture Soundtrack),Thaman S,Thaman S,,,,,1
Emergency Test,The Caretaker,The Caretaker,,,,,1
Mist,Reece Moseley,Reece Moseley,,,,,1
Johnny Gaddaar,Shankar Mahadevan,Shankar Mahadevan,,,,,1
Aye Hip Hopper Collection,Ishq Bector,Ishq Bector,,,,,1
Kaminey,Sukhwinder Singh,Sukhwinder Singh,,,,,1
Dev D,Tochi Raina,Tochi Raina,,,,,1
Ladies Vs Ricky Bahl,Salim–Sulaiman,Salim–Sulaiman,,,,,1
Rakht Charitra,Ravindra Upadhyay,Ravindra Upadhyay,,,,,1
Faaslay,Abdul Hannan,Abdul Hannan,,,,,1
Aai,Pravin Koli,Pravin Koli,,,,,1
Neerja,Sunidhi Chauhan,Sunidhi Chauhan,,,,,1
Housefull,Shabbir Kumar,Shabbir Kumar,,,,,1
Aisi Woh Baarish,Twin Strings,Twin Strings,,,,,1
Youngistaan,Arijit Singh,Arijit Singh,,,,,1
Love Forever With Arijit Singh,Mithoon,Mithoon,,,,,1
Creature 3D,Arijit Singh,Arijit Singh,,,,,1
Dhoom:3,Pritam,Pritam,,,,,1
Dabangg 2,Mamta Sharma,Mamta Sharma,,,,,1
Kick,Yo Yo Honey Singh,Yo Yo Honey Singh,,,,,1
Partner,Wajid,Wajid,,,,,1
Mary On A Cross,Denial,Denial,,,,,1
Aap Kaa Surroor,Himesh Reshammiya,Himesh Reshammiya,,,,,1
Raavan,Arijit Singh,Arijit Singh,,,,,1
Sierra Burgess Is a Loser (Original Netflix Sound Track),Shannon Purser,Shannon Purser,,,,,1
"Or Nah (feat. The Weeknd, Wiz Khalifa & DJ Mustard) [Remix]",Ty Dolla $ign,Ty Dolla $ign,,,,,1
"Careful (From The Original Motion Picture ""Magic Mike's Last Dance"")",Lucky Daye,Lucky Daye,,,,,1
i'm yours,Isabel LaRosa,Isabel LaRosa,,,,,1
Love Is a Bitch,Two Feet,Two Feet,,,,,1
The Color Of You,Alina Baraz,Alina Baraz,,,,,1
Crazy In Love,Beyoncé,Beyoncé,,,,,1
1942 A Love Story,Kumar Sanu,Kumar Sanu,,,,,1
This Is Us,Backstreet Boys,Backstreet Boys,,,,,1
The Chaos Chapter: FREEZE,TOMORROW X TOGETHER,TOMORROW X TOGETHER,,,,,1
LALISA,LISA,LISA,,,,,1
Miss You,Louis Tomlinson,Louis Tomlinson,,,,,1
Bedroom Floor Feelings (feat. Marc E. Bassy),Sarah Barrios,Sarah Barrios,,,,,1
Coke Studio Season 8,Nabeel Shaukat Ali,Nabeel Shaukat Ali,,,,,1
Sign of the Times,Jasmine Thompson,Jasmine Thompson,,,,,1
Tu Kahaan Hai?,Akanksha Sethi,Akanksha Sethi,,,,,1
The Lo-Fis,Steve Lacy,Steve Lacy,,,,,1
4 Your Eyez Only,J. Cole,J. Cole,,,,,1
Love Lasts Forever,Soombee,Soombee,,,,,1
TBS系 火曜ドラマ「恋はつづくよどこまでも」オリジナル・サウンドトラック,Shin Kono,Shin Kono,,,,,1
Heartbreak Anniversary,Giveon,Giveon,,,,,1
Sonu Ke Titu Ki Sweety,Rochak Kohli,Rochak Kohli,,,,,1
FACE,Jimin,Jimin,,,,,1
Tamasha,Arijit Singh,Arijit Singh,,,,,1
Give You Love (feat. Jason Derulo),Jessica Mauboy,Jessica Mauboy,,,,,1
bad idea right?,Olivia Rodrigo,Olivia Rodrigo,,,,,1
DRUMMER,G Flip,G Flip,,,,,1
Pardes - Original Motion Picture Soundtrack,Sonu Nigam,Sonu Nigam,,,,,1
"Pasoori Nu (From ""Satyaprem Ki Katha"")",Arijit Singh,Arijit Singh,,,,,1
Kasam Se,Shekhar Ravjiani,Shekhar Ravjiani,,,,,1
Empires On Fire,BANNERS,BANNERS,,,,,1
"Love, Simon (Original Motion Picture Soundtrack)",Bleachers,Bleachers,,,,,1
finding it hard to smile,lovelytheband,lovelytheband,,,,,1
Gone Now,Bleachers,Bleachers,,,,,1
Alfie's Song (Not So Typical Love Song),Bleachers,Bleachers,,,,,1
St. Louis To Liverpool,Chuck Berry,Chuck Berry,,,,,1
Jamnapaar,Raga,Raga,,,,,1
Legends,DIVINE,DIVINE,,,,,1
Sunn Na,Bali,Bali,,,,,1
"Gully Gang Cypher, Vol. 2",Gully Gang,Gully Gang,,,,,1
Makasam,KR$NA,KR$NA,,,,,1
Christmas - Deluxe Special Edition,Michael Bublé,Michael Bublé,,,,,1
Master,Anirudh Ravichander,Anirudh Ravichander,,,,,1
Vardaan,Ajey Nagar (CarryMinati),Ajey Nagar (CarryMinati),,,,,1
Fight Back: The Collection,NEFFEX,NEFFEX,,,,,1
You Want Some of This?,Jon Lajoie,Jon Lajoie,,,,,1
Loveholic Arijit Singh,Harshdeep Kaur,Harshdeep Kaur,,,,,1
Love Mashup 2015 (By DJ Chetas),Shankar-Ehsaan-Loy,Shankar-Ehsaan-Loy,,,,,1
00s Music,A.R. Rahman,A.R. Rahman,,,,,1
Out of Here,RudeLies,RudeLies,,,,,1
Squat,jeonghyeon,jeonghyeon,,,,,1
Everything Gonna Be Alright,Pranaay,Pranaay,,,,,1
Game Day Motivation,T. Powell,T. Powell,,,,,1
Ravan Ravan Hoon Main,Rock D,Rock D,,,,,1
Pubg Rap Anthem,POSSSH,POSSSH,,,,,1
Ravan,Vilen,Vilen,,,,,1
Kgf Theme,WolfSpirit,WolfSpirit,,,,,1
Stronger,TheFatRat,TheFatRat,,,,,1
Rise Up,TheFatRat,TheFatRat,,,,,1
ABCD - Any Body Can Dance (Original Motion Picture Soundtrack),Sachin-Jigar,Sachin-Jigar,,,,,1
Don,Shankar Mahadevan,Shankar Mahadevan,,,,,1
Redu - Original Motion Picture Soundtrack,Ajay Gogavale,Ajay Gogavale,,,,,1
Shree Siddhivinayak,Amitabh Bachchan,Amitabh Bachchan,,,,,1
Ganesha,Suresh Wadkar,Suresh Wadkar,,,,,1
Ganpati Dj.Mix,Anand Shinde,Anand Shinde,,,,,1
Ganesh Chaturthi Special,Ravindra Sathe,Ravindra Sathe,,,,,1
Lokmanya- Ek Yugpurush,Shankar Mahadevan,Shankar Mahadevan,,,,,1
Ganpati Aarti Ashtavinayak Geete,Suchitra Bhagwat,Suchitra Bhagwat,,,,,1
Aarti Sangrah,Lata Mangeshkar,Lata Mangeshkar,,,,,1
Celebration,Shankar Mahadevan,Shankar Mahadevan,,,,,1
Rise,Lane 8,Lane 8,,,,,1
Wheedle's Groove - Seattle's Finest in Funk & Soul 1965-75,Soul Swingers,Soul Swingers,,,,,1
Singin' & Swingin': The Best Of Earl Grant,Earl Grant,Earl Grant,,,,,1
Colour Vision,MAX,MAX,,,,,1
Breath of Love: Last Piece,GOT7,GOT7,,,,,1
Whirlybird Records,Wayne Chance,Wayne Chance,,,,,1
Tomboy,Destiny Rogers,Destiny Rogers,,,,,1
Bad Blood,Taylor Swift,Taylor Swift,,,,,1
RESONANCE,NCT 2020,NCT 2020,,,,,1
Hello Future - The 1st Album Repackage,NCT DREAM,NCT DREAM,,,,,1
Eagles,Eagles,Eagles,,,,,1
"Everybody Else Is Doing It, So Why Can't We?",The Cranberries,The Cranberries,,,,,1
Rocky Aur Rani Kii Prem Kahaani - Medley,RUSHIL,RUSHIL,,,,,1
"Showcase Southasia, Vol.12",Farida Khanum,Farida Khanum,,,,,1
The Chess Box,Muddy Waters,Muddy Waters,,,,,1
Child Is Father To The Man,"Blood, Sweat & Tears","Blood, Sweat & Tears",,,,,1
The Anthology 1964 - 1971,The Kinks,The Kinks,,,,,1
Tum Ho Toh Unplugged,Manya Tripathi,Manya Tripathi,,,,,1
Doris Day - Her Greatest Songs,Doris Day,Doris Day,,,,,1
"Suno Ganpati Bappa Morya (From ""Judwaa 2"")",Amit Mishra,Amit Mishra,,,,,1
Ashtavinayak,Anuradha,Anuradha,,,,,1
Shirdiwale Saibaba Mandir Mein Gayi Jane Wali (Aartiyan) Vol-1,Anuradha Paudwal,Anuradha Paudwal,,,,,1
Bajirao Mastani (Original Motion Picture Soundtrack),Divya Kumar,Divya Kumar,,,,,1
Street Dancer 3D,Divya Kumar,Divya Kumar,,,,,1
Sukhkarta Dukhharta,Amitabh Bachchan,Amitabh Bachchan,,,,,1
Sivasri Skandaprasad - Ganesh Songs,Sivasri Skandaprasad,Sivasri Skandaprasad,,,,,1
Om,Anuradha Paudwal,Anuradha Paudwal,,,,,1
Ganpati Majha Nachat Aala,Anand Shinde,Anand Shinde,,,,,1
Lokmanya - Ek Yugpurush (Original Motion Picture Soundtrack),Shankar Mahadevan,Shankar Mahadevan,,,,,1
Ocean,Andreas Moe,Andreas Moe,,,,,1
Headphones,Jon Bryant,Jon Bryant,,,,,1
Pollution,Jonah Kagen,Jonah Kagen,,,,,1
Special,Lizzo,Lizzo,,,,,1
Gumshuda,Akshath,Akshath,,,,,1
Malang,Vismay Patel,Vismay Patel,,,,,1
Jaane Hi Do,Anubha Bajaj,Anubha Bajaj,,,,,1
Jaane Anjaane,Last Minute India,Last Minute India,,,,,1
Repackage,Nina,Nina,,,,,1
4am,girl in red,girl in red,,,,,1
Prom Queen,Beach Bunny,Beach Bunny,,,,,1
ARDIPITHECUS,WILLOW,WILLOW,,,,,1
This Old Dog,Mac DeMarco,Mac DeMarco,,,,,1
Stereo Love,Edward Maya,Edward Maya,,,,,1
A Thousand Years,Christina Perri,Christina Perri,,,,,1
It’s My Birthday,will.i.am,will.i.am,,,,,1
"Devdas - An Adaptation Of Sarat Chandra Chattopadhyay's ""Devdas""",Kavita Krishnamurthy,Kavita Krishnamurthy,,,,,1
Sail Out,Jhené Aiko,Jhené Aiko,,,,,1
AMERICA HAS A PROBLEM (feat. Kendrick Lamar),Beyoncé,Beyoncé,,,,,1
LONG.LIVE.A$AP (Deluxe Version),A$AP Rocky,A$AP Rocky,,,,,1
Mohabbatein,Jatin-Lalit,Jatin-Lalit,,,,,1
Welcome,Anand Raj Anand,Anand Raj Anand,,,,,1
Ganpati Bappa Morya,Shankar Mahadevan,Shankar Mahadevan,,,,,1
Tu Sukhakarta,Shankar Mahadevan,Shankar Mahadevan,,,,,1
Aarti Sangrah,Ravindra Sathe,Ravindra Sathe,,,,,1
Ambe Hai Meri Maa,Ketaki Bhave Joshi,Ketaki Bhave Joshi,,,,,1
Datta Guru Namo Namah,Neha Rajpal,Neha Rajpal,,,,,1
Super Hit Marathi Vitthal Songs,Ketan Patwardhan,Ketan Patwardhan,,,,,1
"Kakad Aarti (feat. Tyagraj Khadilkar, Varsha Bhave, Megha Gogte, Madhuri)",Prabhanjan Marathe,Prabhanjan Marathe,,,,,1
Mesmeric Vocalzz - Tulsi Kumar,Rahat Fateh Ali Khan,Rahat Fateh Ali Khan,,,,,1
Raajneeti (Original Motion Picture Soundtrack),Pritam,Pritam,,,,,1
Muskurayega,Lucky Ali,Lucky Ali,,,,,1
Paathshaala,Lucky Ali,Lucky Ali,,,,,1
Yuva,Sunitha Sarathy,Sunitha Sarathy,,,,,1
Sye,Lucky Ali,Lucky Ali,,,,,1
Mohabbat Zindagi,Lucky Ali,Lucky Ali,,,,,1
One Thing At A Time,Morgan Wallen,Morgan Wallen,,,,,1
Buy Dirt,Jordan Davis,Jordan Davis,,,,,1
Lucky,Megan Moroney,Megan Moroney,,,,,1
FLOWER SHOPS,ERNEST,ERNEST,,,,,1
Religiously. The Album.,Bailey Zimmerman,Bailey Zimmerman,,,,,1
What You See Ain't Always What You Get (Deluxe Edition),Luke Combs,Luke Combs,,,,,1
Plans,Death Cab for Cutie,Death Cab for Cutie,,,,,1
Rush,Ayra Starr,Ayra Starr,,,,,1
Aahatein,Samyak Prasana,Samyak Prasana,,,,,1
Peaches,Peaceful Melody,Peaceful Melody,,,,,1
Stay With Me,Peaceful Melody,Peaceful Melody,,,,,1
I Like Me Better,Peaceful Melody,Peaceful Melody,,,,,1
Strawberry Milkshake,Mister Decaf,Mister Decaf,,,,,1
English Vinglish (Original Motion Picture Soundtrack),Clinton Cerejo,Clinton Cerejo,,,,,1
Green River,Creedence Clearwater Revival,Creedence Clearwater Revival,,,,,1
Out Of Time,R.E.M.,R.E.M.,,,,,1
Diana Ross Presents The Jackson 5,The Jackson 5,The Jackson 5,,,,,1
No Fake Love (with YoungBoy Never Broke Again),Queen Naija,Queen Naija,,,,,1
poison,CLAY,CLAY,,,,,1
Aankhen,Nitin Raikar,Nitin Raikar,,,,,1
Mickey Virus,Arijit Singh,Arijit Singh,,,,,1
H2O,Daryl Hall & John Oates,Daryl Hall & John Oates,,,,,1
Mtv Hustle 03 Represent Episode 1,Kayden Sharma,Kayden Sharma,,,,,1
O Heeriye,Ayushmann Khurrana,Ayushmann Khurrana,,,,,1
Did you know that there's a tunnel under Ocean Blvd,Lana Del Rey,Lana Del Rey,,,,,1
Nothing's Missing,By The Coast,By The Coast,,,,,1
Lo Aayi Barsaat,Darshan Raval,Darshan Raval,,,,,1
3:00 AM Sessions,Badshah,Badshah,,,,,1
Deewani,Sachet Tandon,Sachet Tandon,,,,,1
Tu Mile Dil Khile,Stebin Ben,Stebin Ben,,,,,1
Fearless (Taylor’s Version): The I Remember What You Said Last Night Chapter,Taylor Swift,Taylor Swift,,,,,1
Sunburn,Dominic Fike,Dominic Fike,,,,,1
Songs of WW1,Charles Hart,Charles Hart,,,,,1
We've Got Tonight,Kenny Rogers,Kenny Rogers,,,,,1
The Clown,Charles Mingus,Charles Mingus,,,,,1
Lena Mera Naam,Karma,Karma,,,,,1
Heart Attack,Kurt Hugo Schneider,Kurt Hugo Schneider,,,,,1
"Satranga (From ""ANIMAL"")",Arijit Singh,Arijit Singh,,,,,1
Beggars Banquet,The Rolling Stones,The Rolling Stones,,,,,1
Diamond Dogs,David Bowie,David Bowie,,,,,1
Rocky Mountain Christmas,John Denver,John Denver,,,,,1
Instrumental Christmas Carols - Piano Music For Christmas,Piano Music For Christmas,Piano Music For Christmas,,,,,1
With A Little Help From My Friends,Joe Cocker,Joe Cocker,,,,,1
Prehistoric Planet: Season 2 (Apple TV+ Original Series Soundtrack),Anže Rozman,Anže Rozman,,,,,1
Dark Phoenix,Hans Zimmer,Hans Zimmer,,,,,1
The Dark Knight (Original Motion Picture Soundtrack),Hans Zimmer,Hans Zimmer,,,,,1
"O Maahi (From ""Dunki"")",Pritam,Pritam,,,,,1
No More Drama,Mary J. Blige,Mary J. Blige,,,,,1
4,Foreigner,Foreigner,,,,,1
Chicago X,Chicago,Chicago,,,,,1
ANIMAL,Raghav Chaitanya,Raghav Chaitanya,,,,,1
ANIMAL,Jaani,Jaani,,,,,1
Toto,TOTO,TOTO,,,,,1
City to City,Gerry Rafferty,Gerry Rafferty,,,,,1
Self Control,Laura Branigan,Laura Branigan,,,,,1
Lethal Injection,Ice Cube,Ice Cube,,,,,1
Kho Gaye Hum Kahan,Sachin-Jigar,Sachin-Jigar,,,,,1
Kho Gaye Hum Kahan,Ankur Tewari,Ankur Tewari,,,,,1
Kho Gaye Hum Kahan,Karan Kanchan,Karan Kanchan,,,,,1
Kho Gaye Hum Kahan,Achint,Achint,,,,,1
"Tell Me That You Love Me, Pt. 4 (Original Soundtrack)",SEUNGKWAN,SEUNGKWAN,,,,,1
SremmLife 2 - Deluxe,Rae Sremmurd,Rae Sremmurd,,,,,1
Scarlet,Doja Cat,Doja Cat,,,,,1
Good To Be,Mark Ambor,Mark Ambor,,,,,1
simple.,coldbrew,coldbrew,,,,,1
"yes, and?",Ariana Grande,Ariana Grande,,,,,1
Con Law,Generationals,Generationals,,,,,1
Every Step's A Yes,The Bees,The Bees,,,,,1
Southern Gothic,The Constellations,The Constellations,,,,,1
A Chorus of Storytellers,The Album Leaf,The Album Leaf,,,,,1
Lift Your Spirit,Aloe Blacc,Aloe Blacc,,,,,1
Street Safari,Public Access T.V.,Public Access T.V.,,,,,1
This Is Happening,LCD Soundsystem,LCD Soundsystem,,,,,1
Have You Fed The Fish,Badly Drawn Boy,Badly Drawn Boy,,,,,1
Medicine Man,The Bamboos,The Bamboos,,,,,1
Let's Talk It Over (Deluxe Edition),Lee Fields,Lee Fields,,,,,1
A Thin Line,Blackchords,Blackchords,,,,,1
How You Like Me Now EP,The Heavy,The Heavy,,,,,1
Never Look Back,JYYE,JYYE,,,,,1
Fire,Farhan Akhtar,Farhan Akhtar,,,,,1
Hôtel Costes 11,Waldeck,Waldeck,,,,,1
Human (Deluxe),Rag'n'Bone Man,Rag'n'Bone Man,,,,,1
Wolfgang Amadeus Phoenix,Phoenix,Phoenix,,,,,1
Head in the Dirt,Hanni El Khatib,Hanni El Khatib,,,,,1
In Our Gun,Gomez,Gomez,,,,,1
Beautiful Wild,Bonjah,Bonjah,,,,,1
Body On You,EJ Noro,EJ Noro,,,,,1
Save Grace,Steve Cornell,Steve Cornell,,,,,1
Valleyheart,She Wants Revenge,She Wants Revenge,,,,,1
Dreaming Bull,Dreaming Bull,Dreaming Bull,,,,,1
Nor'easter,Magic Bronson,Magic Bronson,,,,,1
Drive,Zaia,Zaia,,,,,1
Village,Jacob Banks,Jacob Banks,,,,,1
Beat the Devil's Tattoo,Black Rebel Motorcycle Club,Black Rebel Motorcycle Club,,,,,1
Chasin You,Firesigns,Firesigns,,,,,1
Gold,Si*Sé,Si*Sé,,,,,1
The Feel Of Neil Diamond,Neil Diamond,Neil Diamond,,,,,1
The Jazz Singer,Neil Diamond,Neil Diamond,,,,,1
Serenade,Neil Diamond,Neil Diamond,,,,,1
"Touching You, Touching Me",Neil Diamond,Neil Diamond,,,,,1
My Type,Saint Motel,Saint Motel,,,,,1
Black Holes and Revelations,Muse,Muse,,,,,1
The Head And The Heart,The Head And The Heart,The Head And The Heart,,,,,1
Blackbird Song,Lee DeWyze,Lee DeWyze,,,,,1
Almost Lover,A Fine Frenzy,A Fine Frenzy,,,,,1
Hope,The Strumbellas,The Strumbellas,,,,,1
My Head Is An Animal,Of Monsters and Men,Of Monsters and Men,,,,,1
VHS,X Ambassadors,X Ambassadors,,,,,1
If You Leave,Daughter,Daughter,,,,,1
Trading Snakeoil for Wolftickets,Gary Jules,Gary Jules,,,,,1
Cherry Tree,The National,The National,,,,,1
Shree Hanuman Chalisa (Hanuman Ashtak),Hariharan,Hariharan,,,,,1
If You Fall in Love,Prashanth T Gowda,Prashanth T Gowda,,,,,1
The Stranger,Billy Joel,Billy Joel,,,,,1
No Secrets,Carly Simon,Carly Simon,,,,,1
Teardrops,Liam Payne,Liam Payne,,,,,1
"Love Story Natthi (From ""Dukaan"")",Shreyas Puranik,Shreyas Puranik,,,,,1
Training Season,Dua Lipa,Dua Lipa,,,,,1
i'm lost,Sarah Kang,Sarah Kang,,,,,1
Summer Is for Falling in Love,Sarah Kang,Sarah Kang,,,,,1
The House That Dirt Built,The Heavy,The Heavy,,,,,1
Get Born,Jet,Jet,,,,,1
Dooriyan,AUR,AUR,,,,,1
Kaise Woh Beete Pal,Khayaal,Khayaal,,,,,1
Tuta Pull Wahan,Deepak Rathore Project,Deepak Rathore Project,,,,,1
No way to nowhere,AUR,AUR,,,,,1
Khwahish,Mitraz,Mitraz,,,,,1
Bahara X,Ezu,Ezu,,,,,1
Need Somebody,Xuitcasecity,Xuitcasecity,,,,,1
Naqaab - Original Motion Picture Soundtrack,Javed Ali,Javed Ali,,,,,1
Gangster,Pritam,Pritam,,,,,1
Sarfarosh,Jagjit Singh,Jagjit Singh,,,,,1
From The D 2 The LBC (with Snoop Dogg),Eminem,Eminem,,,,,1
Last Kiss,Pearl Jam,Pearl Jam,,,,,1
"Ishq Mitaye (From ""Amar Singh Chamkila"")",Mohit Chauhan,Mohit Chauhan,,,,,1
Bumpa,King,King,,,,,1
Love Me JeJe,Tems,Tems,,,,,1
Sugar and Spite,Unkle Bob,Unkle Bob,,,,,1
Simply The Best,Billianne,Billianne,,,,,1
A Boot and a Shoe,Sam Phillips,Sam Phillips,,,,,1
Punisher,Phoebe Bridgers,Phoebe Bridgers,,,,,1
Chip Chrome & The Mono-Tones,The Neighbourhood,The Neighbourhood,,,,,1
2,Mac DeMarco,Mac DeMarco,,,,,1
Fairhaven Station,tanner.,tanner.,,,,,1
Forget The World,AFROJACK,AFROJACK,,,,,1
Sounds Good Feels Good,5 Seconds of Summer,5 Seconds of Summer,,,,,1
"SEVENTEEN 2ND ALBUM 'TEEN, AGE' (2)",SEVENTEEN,SEVENTEEN,,,,,1
HE KNOWS (feat. Lil Nas X),Camila Cabello,Camila Cabello,,,,,1
12 Notes,Alec Benjamin,Alec Benjamin,,,,,1
tres,Camilo,Camilo,,,,,1
No Hard Feelings,The Chainsmokers,The Chainsmokers,,,,,1
Gimmie A Light,Ice Spice,Ice Spice,,,,,1
Picasso,Bradley Simpson,Bradley Simpson,,,,,1
Can We Please Have Fun,Kings of Leon,Kings of Leon,,,,,1
Winners In Paris,Sleepy Hallow,Sleepy Hallow,,,,,1
Hello Stranger,Emmy Meli,Emmy Meli,,,,,1
Hero,Charlie Puth,Charlie Puth,,,,,1
minisode 3: TOMORROW,TOMORROW X TOGETHER,TOMORROW X TOGETHER,,,,,1
Trouble in Paradise,Randy Newman,Randy Newman,,,,,1
Dabangg 2,Rahat Fateh Ali Khan,Rahat Fateh Ali Khan,,,,,1
the boy is mine,Ariana Grande,Ariana Grande,,,,,1
Barcelona,Alan Walker,Alan Walker,,,,,1
Still Feel Alone,Bazzi,Bazzi,,,,,1
Out of Time (feat. Bea Miller),Zedd,Zedd,,,,,1
Forever,Marshmello,Marshmello,,,,,1
Timeless,Meghan Trainor,Meghan Trainor,,,,,1
Quarterback,Wallows,Wallows,,,,,1
Taambdi Chaamdi,Kratex,Kratex,,,,,1
Orange,The Jon Spencer Blues Explosion,The Jon Spencer Blues Explosion,,,,,1
Harlem Shuffle,Bob & Earl,Bob & Earl,,,,,1
Live,Jonathan Richman,Jonathan Richman,,,,,1
Smokey Joe's La La,Googie Rene,Googie Rene,,,,,1
All My Heroes,Naeleck,Naeleck,,,,,1
Carla,Carla Thomas,Carla Thomas,,,,,1
Texas Thunder Soul 1968-1974,Kashmere Stage Band,Kashmere Stage Band,,,,,1
Time Further Out,The Dave Brubeck Quartet,The Dave Brubeck Quartet,,,,,1
Damned Damned Damned,The Damned,The Damned,,,,,1
Midnite Vultures,Beck,Beck,,,,,1
40 Years of the Incredible Bongo Band,Incredible Bongo Band,Incredible Bongo Band,,,,,1
Greatest Hits,The Detroit Emeralds,The Detroit Emeralds,,,,,1
Alexis Korner's Blues Incorporated,Alexis Korner's Blues Incorporated,Alexis Korner's Blues Incorporated,,,,,1
Music: A Bit More Of Me,David McCallum,David McCallum,,,,,1
Moving Waves,Focus,Focus,,,,,1
Stone Cold Rhymin' - Deluxe Edition,Young MC,Young MC,,,,,1
Chase Me (feat. Run The Jewels & Big Boi),Danger Mouse,Danger Mouse,,,,,1
Christmas Kaboom,Naeleck,Naeleck,,,,,1
Baby Driver (Music from the Motion Picture),Sky Ferreira,Sky Ferreira,,,,,1
"""Was He Slow?""",Kid Koala,Kid Koala,,,,,1
Not Like Us,Kendrick Lamar,Kendrick Lamar,,,,,1
ANTIFRAGILE,LE SSERAFIM,LE SSERAFIM,,,,,1
Sweet Baby James,James Taylor,James Taylor,,,,,1
Zenyatta Mondatta - Remastered 2003,The Police,The Police,,,,,1
Ground,Khalid,Khalid,,,,,1
Guy For That,Post Malone,Post Malone,,,,,1
LOVESEXDHOKA!!!,Chaar Diwaari,Chaar Diwaari,,,,,1
Jhaag,Chaar Diwaari,Chaar Diwaari,,,,,1
Thehra,Chaar Diwaari,Chaar Diwaari,,,,,1
Hide My Gun,Post Malone,Post Malone,,,,,1
Return,iKON,iKON,,,,,1
somewhere only we know (slowed + reverb),ghostly echoes,ghostly echoes,,,,,1
Behind,Sensi Sye,Sensi Sye,,,,,1
u will be fine,N.I.K,N.I.K,,,,,1
Trapped,Ariose,Ariose,,,,,1
i could grab the moon for you,Swik,Swik,,,,,1
awful things,lucygray,lucygray,,,,,1
Chapter 1,Holem,Holem,,,,,1
ways to get away,Solace,Solace,,,,,1
Feelin' Forever,Chris Vana,Chris Vana,,,,,1
Blur,Blur,Blur,,,,,1
Show Your Soul,Chris Vana,Chris Vana,,,,,1
ATE,Stray Kids,Stray Kids,,,,,1
Demons,Neoni,Neoni,,,,,1
Cyclone (The Village Sessions),Sticky Fingers,Sticky Fingers,,,,,1
Into The Lupine,The National Forest,The National Forest,,,,,1
Alaska,Maggie Rogers,Maggie Rogers,,,,,1
pieces,Daley Road,Daley Road,,,,,1
Thunder,Birdtalker,Birdtalker,,,,,1
Barchords,Bahamas,Bahamas,,,,,1
At the Roadhouse,The Paper Kites,The Paper Kites,,,,,1
Westerly,Xavier Do,Xavier Do,,,,,1
songs,Adrianne Lenker,Adrianne Lenker,,,,,1
Shelter Island Heights,Scott James,Scott James,,,,,1
Under Starlight,Mack Samson,Mack Samson,,,,,1
It's About You,Dusty Boots,Dusty Boots,,,,,1
The Craving,Twenty One Pilots,Twenty One Pilots,,,,,1
"Love, Ella",Ella Fitzgerald,Ella Fitzgerald,,,,,1
Unforgettable,Nat King Cole,Nat King Cole,,,,,1
Star Wars: The Acolyte - Vol. 1 (Episodes 1-4),Michael Abels,Michael Abels,,,,,1
Hooked On A Feeling,Blue Swede,Blue Swede,,,,,1
The Rise and Fall of Ziggy Stardust and the Spiders from Mars,David Bowie,David Bowie,,,,,1
The 25th Anniversary of Christina Aguilera | Spotify Anniversaries LIVE,Christina Aguilera,Christina Aguilera,,,,,1
Saanware,Akhil Sachdeva,Akhil Sachdeva,,,,,1
Broken But Beautiful Season 3,Akhil Sachdeva,Akhil Sachdeva,,,,,1
everpresent,Imber Sun,Imber Sun,,,,,1
I Was Arthur,August Wilhelmsson,August Wilhelmsson,,,,,1
deep wild,Far & Beyond,Far & Beyond,,,,,1
IWYMI Volume Four,B 3 N B i,B 3 N B i,,,,,1
Further Than Far,Shape Of Our Dreams,Shape Of Our Dreams,,,,,1
Everlonging,Niveous,Niveous,,,,,1
Star Crossed / Dust,Sync Zephyr,Sync Zephyr,,,,,1
Residuum,Silver Maple,Silver Maple,,,,,1
Nuraghe,PLACID,PLACID,,,,,1
Anagram,Imala Zir,Imala Zir,,,,,1
Remembering,Ever So Blue,Ever So Blue,,,,,1
Ethereal Glow,Far & Beyond,Far & Beyond,,,,,1
With Resolve,Jacob Yoffee,Jacob Yoffee,,,,,1
Green Tea,Bertholet,Bertholet,,,,,1
Piano Studies,Eagle Lake,Eagle Lake,,,,,1
alternative universe,cloudcrush,cloudcrush,,,,,1
Polar (Music from the Netflix Film),deadmau5,deadmau5,,,,,1
Loosen Up,Cake House,Cake House,,,,,1
Finding Hope,Alida Sørby,Alida Sørby,,,,,1
Snowfields,Shape Of Our Dreams,Shape Of Our Dreams,,,,,1
Pastoral,Christian Löffler,Christian Löffler,,,,,1
Midnight Thoughts,Komorebi,Komorebi,,,,,1
Ambient Introspection,Prashanth Srinivas,Prashanth Srinivas,,,,,1
VULTURES 1,¥$,¥$,,,,,1
Assi Sajna,Jasleen Royal,Jasleen Royal,,,,,1
BAND4BAND (feat. Lil Baby),Central Cee,Central Cee,,,,,1
Cry of Fear (Official Soundtrack),Andreas Rönnberg,Andreas Rönnberg,,,,,1
Tryna Be Kids,Burlington,Burlington,,,,,1
A Thousand Funerals (Alternate Versions),Anthony Russo,Anthony Russo,,,,,1
Never Did I,Bonsak,Bonsak,,,,,1
Nobody,Luke Targett,Luke Targett,,,,,1
Heartbeat,iTMR,iTMR,,,,,1
TRANSPARENT,RESORT,RESORT,,,,,1
Heart Out,John Canada,John Canada,,,,,1
Don't Stop Now I Don't Wanna Miss It,Alcoves,Alcoves,,,,,1
Get Sick Get Better,Superjava,Superjava,,,,,1
Never Got Away,Aidan Reid,Aidan Reid,,,,,1
Shiner,Jack Kane,Jack Kane,,,,,1
Pareidolia,Adam Rodway,Adam Rodway,,,,,1
Boy You Better Run,Norton Street 諾頓街,Norton Street 諾頓街,,,,,1
Beyond Myself,SHORE,SHORE,,,,,1
We Both Smoke Again,2AM-DM,2AM-DM,,,,,1
The Here and the There,Bear Teef,Bear Teef,,,,,1
New Moon,Elliott Smith,Elliott Smith,,,,,1
Automatic Yes (feat. John Mayer),Zedd,Zedd,,,,,1
NATE SMITH (DELUXE),Nate Smith,Nate Smith,,,,,1
Livin' My Best Life (Still),Dylan Scott,Dylan Scott,,,,,1
Heartbreaker,Warren Zeiders,Warren Zeiders,,,,,1
Gettin' Old,Luke Combs,Luke Combs,,,,,1
Relapse,Warren Zeiders,Warren Zeiders,,,,,1
The Thrill,Wiz Khalifa,Wiz Khalifa,,,,,1
Deeper Well: Deeper into the Well,Kacey Musgraves,Kacey Musgraves,,,,,1
(Isn’t It) Obvious,Alessia Cara,Alessia Cara,,,,,1
Tu Hoti Toh,Bharat Chauhan,Bharat Chauhan,,,,,1
Come Clean,Puddle Of Mudd,Puddle Of Mudd,,,,,1
Human Clay,Creed,Creed,,,,,1
Machi Bhasad,Bloodywood,Bloodywood,,,,,1
Rafi Saab - Bouncers,Mohammed Rafi,Mohammed Rafi,,,,,1
"Baarishein, Chai Aur Rafi",Asha Bhosle,Asha Bhosle,,,,,1
"Baarishein, Chai Aur Asha",Asha Bhosle,Asha Bhosle,,,,,1
Tere Vaaste - Chillhop,Raahi,Raahi,,,,,1
Dishoom,Pritam,Pritam,,,,,1
all I know,asiris,asiris,,,,,1
Where Are You?,Elvis Drew,Elvis Drew,,,,,1
Baby,Elvis Drew,Elvis Drew,,,,,1
Use Your Illusion I,Guns N' Roses,Guns N' Roses,,,,,1
Tanu Weds Manu,Lehmber Hussainpuri,Lehmber Hussainpuri,,,,,1
De Dana Dan,Manak-E,Manak-E,,,,,1
Kick,Aaman Trikha,Aaman Trikha,,,,,1
Vicky Donor (Original Motion Picture Soundtrack),Akshay Verma,Akshay Verma,,,,,1
Yo Yo Honey Singh Is Back,Meet Bros.,Meet Bros.,,,,,1
Groove With Arijit Singh,Ankit Tiwari,Ankit Tiwari,,,,,1
Babli Badmaash,Anu Malik,Anu Malik,,,,,1
Naah Goriye,B Praak,B Praak,,,,,1
Lungi Dance,Yo Yo Honey Singh,Yo Yo Honey Singh,,,,,1
Main Khiladi,Tanishk Bagchi,Tanishk Bagchi,,,,,1
GLORY,Yo Yo Honey Singh,Yo Yo Honey Singh,,,,,1
Nautanki Saala !,Rochak Kohli,Rochak Kohli,,,,,1
CRAZY (Party Remixes 1),LE SSERAFIM,LE SSERAFIM,,,,,1
Sweetest Pie,Megan Thee Stallion,Megan Thee Stallion,,,,,1
Take Me to the Beach (feat. Jungeli),Imagine Dragons,Imagine Dragons,,,,,1
Mrignaini,Karun,Karun,,,,,1
Saugaat,Karun,Karun,,,,,1
"Khushfehmiyan (From ""One By Two"") - Single",Shankar-Ehsaan-Loy,Shankar-Ehsaan-Loy,,,,,1
Amor,Derik Fein,Derik Fein,,,,,1
&ME Edition,GOT7,GOT7,,,,,1
Clé : LEVANTER,Stray Kids,Stray Kids,,,,,1
Kurt & Company Vol 4,Kurt Hugo Schneider,Kurt Hugo Schneider,,,,,1
Because Of You,Lauv,Lauv,,,,,1
O Kadhal Kanmani (Original Motion Picture Soundtrack),A.R. Rahman,A.R. Rahman,,,,,1
Brotherhood,New Order,New Order,,,,,1
In The Modern World,Fontaines D.C.,Fontaines D.C.,,,,,1
i am not who i was,Chance Peña,Chance Peña,,,,,1
Sailor Song,Gigi Perez,Gigi Perez,,,,,1
Home,Good Neighbours,Good Neighbours,,,,,1
Black Friday,Tom Odell,Tom Odell,,,,,1
Gifted,Original Koffee,Original Koffee,,,,,1
Jhoomelo (feat. Hansa Devi),Mohit Chauhan,Mohit Chauhan,,,,,1
The Party Never Ends 2.0,The Kid LAROI,The Kid LAROI,,,,,1
Heart Like A Wheel,Linda Ronstadt,Linda Ronstadt,,,,,1
"Aayi Nai (From ""Stree 2"")",Sachin-Jigar,Sachin-Jigar,,,,,1
Hass Hass,Diljit Dosanjh,Diljit Dosanjh,,,,,1
Raastah,AUR,AUR,,,,,1
"Chal Diye Tum Kahan (From ""Kabhi Main Kabhi Tum"")",AUR,AUR,,,,,1
Ludo Life,Aditya A,Aditya A,,,,,1
Heaven,jsthebg,jsthebg,,,,,1
Aaja Mahi,AUR,AUR,,,,,1
Molly's Song,Connor Price,Connor Price,,,,,1
"Maybe, It's Love",Hasan Raheem,Hasan Raheem,,,,,1
The Arijit Singh Collection,Arijit Singh,Arijit Singh,,,,,1
Bad Newz,Karan Aujla,Karan Aujla,,,,,1
Good Riddance,Gracie Abrams,Gracie Abrams,,,,,1
Dhingana,Siddhesh,Siddhesh,,,,,1
Uladhaal,Ajay,Ajay,,,,,1
Zenda,Dnyaneshwar Meshram,Dnyaneshwar Meshram,,,,,1
Aga Bai Arechya,Shahir Sable,Shahir Sable,,,,,1
Aaram Haram Aahe,Sudhir Phadke,Sudhir Phadke,,,,,1
Umbartha,Lata Mangeshkar,Lata Mangeshkar,,,,,1
"O Raaje (From ""Mee Shivajiraje Bhosale Boltoy"")",Sukhwinder Singh,Sukhwinder Singh,,,,,1
"Hits of Avadhoot Gupte, Vol. 1",Avadhoot Gupte,Avadhoot Gupte,,,,,1
"Swarg Ha Nava (From ""Tujhya Majhya Sansaarala Ani Kaay Hava"")",Ajay-Atul,Ajay-Atul,,,,,1
Ayushyawar Bolu Kahi,Salil Kulkarni,Salil Kulkarni,,,,,1
Deva Ek Atrangee (Original Motion Picture Soundtrack),Amitraj,Amitraj,,,,,1
Ajay - Atul Hits,Swapnil Bandodkar,Swapnil Bandodkar,,,,,1
Classmates,Sonu Nigam,Sonu Nigam,,,,,1
Jatra,Ajay Gogavale,Ajay Gogavale,,,,,1
Abhanga Vani,Bhimsen Joshi,Bhimsen Joshi,,,,,1
LOST IN HEAVEN,Chase Atlantic,Chase Atlantic,,,,,1
Sadhi Mansa,Hridaynath Mangeshkar,Hridaynath Mangeshkar,,,,,1
Mangalashtak Once More,Swapnil Bandodkar,Swapnil Bandodkar,,,,,1
Aga Bai Arechya,Ajay,Ajay,,,,,1
Maratha Tituka Melvava,Lata Mangeshkar,Lata Mangeshkar,,,,,1
Putra Whava Aisa,Suman Kalyanpur,Suman Kalyanpur,,,,,1
Amar Bhoopali,Lata Mangeshkar,Lata Mangeshkar,,,,,1
Kavi Gaurav Mangesh Padgaokar,Arun Date,Arun Date,,,,,1
Jait Re Jait,Ravindra Sathe,Ravindra Sathe,,,,,1
Vedasi Kanada,Rahul Deshpande,Rahul Deshpande,,,,,1
Mohityanchi Manjula,Lata Mangeshkar,Lata Mangeshkar,,,,,1
Kavi Gaurav Mangesh Padgaokar,Hridaynath Mangeshkar,Hridaynath Mangeshkar,,,,,1
Shantabai,Sanjay Londe,Sanjay Londe,,,,,1
Marathi Film & Modern Songs,Suresh Wadkar,Suresh Wadkar,,,,,1
Jait Re Jait,Ravindra,Ravindra,,,,,1
Paule Chalati Pandharichi Vaat,Prahlad Shinde,Prahlad Shinde,,,,,1
"Punha Din Raat (From ""Shikshanachya Aaicha Gho"")",Ajit Parab,Ajit Parab,,,,,1
Suffocate,Hayd,Hayd,,,,,1
Katyar Kaljat Ghusli,Shankar-Ehsaan-Loy,Shankar-Ehsaan-Loy,,,,,1
Jaan Ban Gaye,Asees Kaur,Asees Kaur,,,,,1
Sanam Teri Kasam (Original Motion Picture Soundtrack),Arijit Singh,Arijit Singh,,,,,1
Channa Ve,Mansheel Gujral,Mansheel Gujral,,,,,1
Bharat,Vishal-Shekhar,Vishal-Shekhar,,,,,1
Jersey,Sachet Tandon,Sachet Tandon,,,,,1
Sanam Teri Kasam (Original Motion Picture Soundtrack),Ankit Tiwari,Ankit Tiwari,,,,,1
"Kya Meri Yaad Aati Hai (From ""Sky Force"")",Tanishk Bagchi,Tanishk Bagchi,,,,,1
Aiyaary,Sunidhi Chauhan,Sunidhi Chauhan,,,,,1
A Flying Jatt,Sumedha Karmahe,Sumedha Karmahe,,,,,1
Do Patti,Sachet-Parampara,Sachet-Parampara,,,,,1
Sajna Ve,Ravator,Ravator,,,,,1
The Love Album,Westlife,Westlife,,,,,1
NAKAMA feat. AI (Dragon Ball DAIMA Ending Theme - Full Length),Zedd,Zedd,,,,,1
Dooron Dooron,Paresh Pahuja,Paresh Pahuja,,,,,1
Bringing Down The Horse,The Wallflowers,The Wallflowers,,,,,1
Alligator Bites Never Heal,Doechii,Doechii,,,,,1
The Best Of Orchestral Manoeuvres In The Dark,Orchestral Manoeuvres In The Dark,Orchestral Manoeuvres In The Dark,,,,,1
Mentos and Coke,MICHELLE,MICHELLE,,,,,1
Cigarettes in Bed,Indio Downey,Indio Downey,,,,,1
CAVE (with Tove Lo),Dom Dolla,Dom Dolla,,,,,1
The Celestial Suite,Pale Jay,Pale Jay,,,,,1
Why Me? Why Not.,Liam Gallagher,Liam Gallagher,,,,,1
Hello Hurricane,Switchfoot,Switchfoot,,,,,1
Gramin,Gaurav Kale,Gaurav Kale,,,,,1
Ti Phulrani,Siddhesh,Siddhesh,,,,,1
Jigra,Achint,Achint,,,,,1
My Name Is Khan,Shankar-Ehsaan-Loy,Shankar-Ehsaan-Loy,,,,,1
HARD DRIVE Vol. 2,Raftaar,Raftaar,,,,,1
pretty,JVKE,JVKE,,,,,1
summer flows 0.02,wave to earth,wave to earth,,,,,1
0.1 flaws and all.,wave to earth,wave to earth,,,,,1
Every Summertime,NIKI,NIKI,,,,,1
Happier Than Ever,ASTN,ASTN,,,,,1
Easy,Derik Fein,Derik Fein,,,,,1
Who Hurt You?,Daniel Caesar,Daniel Caesar,,,,,1
Badlapur (Original Motion Picture Soundtrack),Sachin-Jigar,Sachin-Jigar,,,,,1
Jump Out,Ezra Furman,Ezra Furman,,,,,1
Inside the Human Body,Ezra Furman,Ezra Furman,,,,,1
All Of Us Flames,Ezra Furman,Ezra Furman,,,,,1
Homecoming,Du Blonde,Du Blonde,,,,,1
Mysterious Power,Ezra Furman,Ezra Furman,,,,,1
Feel So Different,Sharon Van Etten,Sharon Van Etten,,,,,1
Sex Education: Songs from Season 4,Ezra Furman,Ezra Furman,,,,,1
Tie Me to The Train Tracks,Ezra Furman,Ezra Furman,,,,,1
That's Amore: The Best Of Dean Martin,Dean Martin,Dean Martin,,,,,1
Make Yourself,Incubus,Incubus,,,,,1
Brand New Day,Sting,Sting,,,,,1
The Fantastic Sound Of,Gunter Kallmann Choir,Gunter Kallmann Choir,,,,,1
Dorothy's Harp,Dorothy Ashby,Dorothy Ashby,,,,,1
this is how you fall in love,Jeremy Zucker,Jeremy Zucker,,,,,1
White Dreams,Mentatranque,Mentatranque,,,,,1
Deep Phase Noise,Milli Hughes,Milli Hughes,,,,,1
Crashing (with Kali Uchis),d4vd,d4vd,,,,,1
Volume 2,Pink Sweat$,Pink Sweat$,,,,,1
KARAM,KSHMR,KSHMR,,,,,1
5 Leaf Clover,Travis Atreo,Travis Atreo,,,,,1
Coke Studio Season 10: Episode 2,Kaavish,Kaavish,,,,,1
Pal Pal,Afusic,Afusic,,,,,1
Tere Bina,A.R. Rahman,A.R. Rahman,,,,,1
"Hua Main (From ""ANIMAL"")",Raghav Chaitanya,Raghav Chaitanya,,,,,1
Na Milay,HAVI,HAVI,,,,,1
Jo Jas Sanga Sambandhit Chha,Albatross,Albatross,,,,,1
this is what forever feels like,JVKE,JVKE,,,,,1
Suniyan Suniyan,Juss,Juss,,,,,1
Radha Rani Lage,Simpal Kharel,Simpal Kharel,,,,,1
"Baarishein, Chai Aur Romance",Lata Mangeshkar,Lata Mangeshkar,,,,,1
Hai Junoon!,Hrutul,Hrutul,,,,,1
Hai Junoon!,Gourov Dasgupta,Gourov Dasgupta,,,,,1
Hai Junoon!,Sid Paul,Sid Paul,,,,,1
MAYHEM,Lady Gaga,Lady Gaga,,,,,1
One Love,Shubh,Shubh,,,,,1
Ajab Prem Ki Ghazab Kahani,Atif Aslam,Atif Aslam,,,,,1
"Jaadui (From ""Tu Jhoothi Main Makkaar"")",Pritam,Pritam,,,,,1
Kurbaan,Salim–Sulaiman,Salim–Sulaiman,,,,,1
Krishna Cottage,Shreya Ghoshal,Shreya Ghoshal,,,,,1
Chaal Turu Turu,Abhijeet Sawant,Abhijeet Sawant,,,,,1
Tu Hi Re,Amitraj,Amitraj,,,,,1
Sandook,Swapnil Bandodkar,Swapnil Bandodkar,,,,,1
Aavesham,Sushin Shyam,Sushin Shyam,,,,,1
THINK LATER,Tate McRae,Tate McRae,,,,,1
Love?,Jennifer Lopez,Jennifer Lopez,,,,,1
Ruby,JENNIE,JENNIE,,,,,1
GEMINI,Macklemore,Macklemore,,,,,1
Glory Days,Little Mix,Little Mix,,,,,1
So Close To What,Tate McRae,Tate McRae,,,,,1
"Tu Saath Hai Toh (From ""Master Of Melody"")",Mithoon,Mithoon,,,,,1
"Tumhe Dillagi (From ""Raid 2"")",Jubin Nautiyal,Jubin Nautiyal,,,,,1
Main Heer Teri,Zanai Bhosle,Zanai Bhosle,,,,,1
"Preludes, Book 1 - Streams",Yehezkel Raz,Yehezkel Raz,,,,,1
Krystal,Matt Maltese,Matt Maltese,,,,,1
Angel Youth,Vansire,Vansire,,,,,1
Taking My Time to Be,Strawberry Guy,Strawberry Guy,,,,,1
Changes,Vacations,Vacations,,,,,1
i'll be okay,sign crushes motorist,sign crushes motorist,,,,,1
New Home,Austin Farwell,Austin Farwell,,,,,1
hotline (edit),Billie Eilish,Billie Eilish,,,,,1
i was only temporary,my head is empty,my head is empty,,,,,1
the masquerade,mxmtoon,mxmtoon,,,,,1
Bipolar,Yot Club,Yot Club,,,,,1
The Moon Song,beabadoobee,beabadoobee,,,,,1
Say Yes To Heaven,Lana Del Rey,Lana Del Rey,,,,,1
I Like You (A Happier Song),Peaceful Melody,Peaceful Melody,,,,,1
Lonewalking,mininova,mininova,,,,,1
Strangers,Peaceful Melody,Peaceful Melody,,,,,1
नalla Freestyle,Seedhe Maut,Seedhe Maut,,,,,1
Everything I Know About Love,Laufey,Laufey,,,,,1
Z-Sides,Tom Rosenthal,Tom Rosenthal,,,,,1
Dark Red,Steve Lacy,Steve Lacy,,,,,1
Numb,Men I Trust,Men I Trust,,,,,1
She Likes Another Boy + Talk 2 U,Oscar Lang,Oscar Lang,,,,,1
Falling for U,Peachy!,Peachy!,,,,,1
Show Me How,Men I Trust,Men I Trust,,,,,1
Vivid Pictures,Shiloh Dynasty,Shiloh Dynasty,,,,,1
Highway,Sultana,Sultana,,,,,1
Cocktail (Original Motion Picture Soundtrack),Benny Dayal,Benny Dayal,,,,,1
Aasa Kooda,Sai Abhyankkar,Sai Abhyankkar,,,,,1
Break Ke Baad,Vishal-Shekhar,Vishal-Shekhar,,,,,1
Stree,Aastha Gill,Aastha Gill,,,,,1
50 Big Ones: Greatest Hits,The Beach Boys,The Beach Boys,,,,,1
Seasons In The Sun (Expanded Edition),Terry Jacks,Terry Jacks,,,,,1
Emergency,Kool & The Gang,Kool & The Gang,,,,,1
Lost Without Your Love,Bread,Bread,,,,,1
Pina Colada,K3,K3,,,,,1
Ode To Billie Joe,Bobbie Gentry,Bobbie Gentry,,,,,1
Kaanton Ka Taj,Ramil Ganjoo,Ramil Ganjoo,,,,,1
Little Pear,Joey Pecoraro,Joey Pecoraro,,,,,1
Yesterday's Tomorrow Night,Harry Hudson,Harry Hudson,,,,,1
"The Rolling, Driftless North",Vansire,Vansire,,,,,1
hurry up mixtape,Alvedon,Alvedon,,,,,1
Bury Me At Makeout Creek,Mitski,Mitski,,,,,1
Close to Paradise,Patrick Watson,Patrick Watson,,,,,1
Flaming Hot Cheetos,Clairo,Clairo,,,,,1
Inca Ore / Grouper,Grouper,Grouper,,,,,1
Pretty Girl,Clairo,Clairo,,,,,1
In My Room,Chance Peña,Chance Peña,,,,,1
Coffee Breath,Sofia Mills,Sofia Mills,,,,,1
Reshami Rumal,Rohanpreet Singh,Rohanpreet Singh,,,,,1
"Janiye (from the Netflix Film ""Chor Nikal Ke Bhaga"")",Vishal Mishra,Vishal Mishra,,,,,1
The Dirty Picture,Vishal-Shekhar,Vishal-Shekhar,,,,,1
Kalyug,Atif Aslam,Atif Aslam,,,,,1
Farebi,Chaar Diwaari,Chaar Diwaari,,,,,1
Shriranga Vitthala,Sarang Kulkarni,Sarang Kulkarni,,,,,1
"Vandan Ho (From ""Sangeet Manapmaan"")",Shankar Mahadevan,Shankar Mahadevan,,,,,1
Goad Tuze Naam,Rahul Deshpande,Rahul Deshpande,,,,,1
Ankush,Pushpa Paagdharey,Pushpa Paagdharey,,,,,1
Ram Aayenge,Payal Dev,Payal Dev,,,,,1
Mere Ghar Ram Aaye Hain,Jubin Nautiyal,Jubin Nautiyal,,,,,1
"Naseeb Se (From ""Satyaprem Ki Katha"")",Payal Dev,Payal Dev,,,,,1
Ved (Original Motion Picture Soundtrack),Ajay-Atul,Ajay-Atul,,,,,1
Mehbooba,Preet Bandre,Preet Bandre,,,,,1
Dimple,Sanju Rathod,Sanju Rathod,,,,,1
Bappa Wala Gana 2,Sanju Rathod,Sanju Rathod,,,,,1
Tere Naal Love Ho Gaya,Atif Aslam,Atif Aslam,,,,,1
Entertainment,Atif Aslam,Atif Aslam,,,,,1
Love Forever With Arijit Singh,Arijit Singh,Arijit Singh,,,,,1
Veer (Original Motion Picture Soundtrack),Roop Kumar Rathod,Roop Kumar Rathod,,,,,1
Brothers (Original Motion Picture Soundtrack),Ajay-Atul,Ajay-Atul,,,,,1
Ka Kalena (From Mumbai Pune Mumbai),Avinash Vishwajeet,Avinash Vishwajeet,,,,,1
Burning Down (with Joe Jonas),Alex Warren,Alex Warren,,,,,1
eternal sunshine,Ariana Grande,Ariana Grande,,,,,1
Carry You Home,Alex Warren,Alex Warren,,,,,1
"Jaana Samjho Na (From ""Bhool Bhulaiyaa 3"")",Aditya Rikhari,Aditya Rikhari,,,,,1
Sang Sakhya Re,Sandeep Khare,Sandeep Khare,,,,,1
Kshana Amrutacha,Salil Kulkarni,Salil Kulkarni,,,,,1
Tula Shikwin Chaanglach Dhada,Sandeep Khare,Sandeep Khare,,,,,1
Tula Shikwin Chaanglach Dhada,Salil Kulkarni,Salil Kulkarni,,,,,1
Heroine (Original Motion Picture Soundtrack),Salim–Sulaiman,Salim–Sulaiman,,,,,1
Rearview Mirror: An American Musical Journey,Don McLean,Don McLean,,,,,1
The Way (with XXXTENTACION),Juice WRLD,Juice WRLD,,,,,1
Jhol,Maanu,Maanu,,,,,1
Teri Yaad,Aditya Rikhari,Aditya Rikhari,,,,,1
we never dated,sombr,sombr,,,,,1
All For You,Janet Jackson,Janet Jackson,,,,,1
My Everything,Ariana Grande,Ariana Grande,,,,,1
I Think They Call This Love,Elliot James Reay,Elliot James Reay,,,,,1
All This To Say I Love You,Elliot James Reay,Elliot James Reay,,,,,1
Bandana,Shubh,Shubh,,,,,1
BACKLASH,Prem Dhillon,Prem Dhillon,,,,,1
Snake,Cheema Y,Cheema Y,,,,,1
"Aaj Ki Raat (From ""Stree 2"")",Sachin-Jigar,Sachin-Jigar,,,,,1
Jab Tu Sajan,Rochak Kohli,Rochak Kohli,,,,,1
Ishq Mera (Feat. Esha Gupta),Jubin Nautiyal,Jubin Nautiyal,,,,,1
"Aur Mohabbat Kitni Karoon (From ""Metro ... In Dino"")",Pritam,Pritam,,,,,1
"Humsafar (From ""Saiyaara"")",Sachet-Parampara,Sachet-Parampara,,,,,1
Nazara,Vishal Mishra,Vishal Mishra,,,,,1
"Dil Ka Kya (From ""Metro ... In Dino"")",Pritam,Pritam,,,,,1
Ehsaas,Faheem Abdullah,Faheem Abdullah,,,,,1
Baari Baari,Armaan Malik,Armaan Malik,,,,,1
Raatein Guzaari,Aditya Rikhari,Aditya Rikhari,,,,,1
"Bekhayali (Arijit Singh Version) [From ""Kabir Singh""]",Arijit Singh,Arijit Singh,,,,,1
Four You,Karan Aujla,Karan Aujla,,,,,1
Sardaarji 2 (Original Motion Picture Soundtrack),Jatinder Shah,Jatinder Shah,,,,,1
"Jagga Jatt (From ""Only Love Gets Reply"")",Ikka,Ikka,,,,,1
Palpita,Camilo,Camilo,,,,,1
Believer,Imagine Dragons,Imagine Dragons,,,,,1
Laapataa Ladies,Arijit Singh,Arijit Singh,,,,,1
Yeh Duniya Jala Do (Glittery Cut),Janisht Joshi,Janisht Joshi,,,,,1
Tadha Tadha,Wangden Sherpa,Wangden Sherpa,,,,,1
No One Wants To Die Alone,Benjamin Steer,Benjamin Steer,,,,,1
Mere Dil Ke Paas,Bombay Pulse House,Bombay Pulse House,,,,,1
Prateek Kuhad,Prateek Kuhad,Prateek Kuhad,,,,,1
Elahi,Salman Elahi,Salman Elahi,,,,,1
You Again,Jonah Kagen,Jonah Kagen,,,,,1
Astronomia (Coffin Dance Song) [Minecraft Note Blocks],grande1899,grande1899,,,,,1
Fly Away,TheFatRat,TheFatRat,,,,,1
Supreme,Shubh,Shubh,,,,,1
Yo Yo Honey Singh Is Back,Yo Yo Honey Singh,Yo Yo Honey Singh,,,,,1
SIDEWALK 2 STARDOM,Baggh-e SMG,Baggh-e SMG,,,,,1
REGRETS/PROMISES,Jevin Gill,Jevin Gill,,,,,1
Kaakan,Shankar Mahadevan,Shankar Mahadevan,,,,,1
Greetings From Your Hometown,Jonas Brothers,Jonas Brothers,,,,,1
FACEDOWN,Chase Atlantic,Chase Atlantic,,,,,1
Love Is Like,Maroon 5,Maroon 5,,,,,1
Oh Mama! TETEMA,Rayvanny,Rayvanny,,,,,1
Na Manase Kavithalu - Holiday,Pritam,Pritam,,,,,1
Hindustani Remix,Shankar Mahadevan,Shankar Mahadevan,,,,,1
Helium,The Chainsmokers,The Chainsmokers,,,,,1
Crush,Zara Larsson,Zara Larsson,,,,,1
Aarpar Title Track,Shankar Mahadevan,Shankar Mahadevan,,,,,1
Paarne Jhulo,Amit Trivedi,Amit Trivedi,,,,,1
Wishbone,Conan Gray,Conan Gray,,,,,1
"What Was I Made For? (from ""Barbie"")",HAUSER,HAUSER,,,,,1
Air,Gryffin,Gryffin,,,,,1
India Waale Techno Remix,Neeti Mohan,Neeti Mohan,,,,,1
Bharat Remix,Hariharan,Hariharan,,,,,1
Ek Tum Ho,Naezy,Naezy,,,,,1
Sapphire (feat. Arijit Singh),Ed Sheeran,Ed Sheeran,,,,,1
Which One,Drake,Drake,,,,,1
Old Habits (From Delta Force Game),Alan Walker,Alan Walker,,,,,1
Inside Our Hearts,Martin Garrix,Martin Garrix,,,,,1
Bathsheba & Him,Bastille,Bastille,,,,,1
Gori,Gajendra Verma,Gajendra Verma,,,,,1
Beautiful Colors - from Kaiju No. 8,OneRepublic,OneRepublic,,,,,1
AKELE,Aditya Bhardwaj,Aditya Bhardwaj,,,,,1
Edge of Desire,Jonas Blue,Jonas Blue,,,,,1
Sleepless Nights,Armin van Buuren,Armin van Buuren,,,,,1
Survive,Lewis Capaldi,Lewis Capaldi,,,,,1
I Don't Want to Set the World on Fire,DJ Michael Double,DJ Michael Double,,,,,1
Kya Baat Ay,Harrdy Sandhu,Harrdy Sandhu,,,,,1
in plain sight,Khalid,Khalid,,,,,1
Prem Pujari,Kishore Kumar,Kishore Kumar,,,,,1
Take Me Down,Redstone Records,Redstone Records,,,,,1
Songs of Trance,Amit Trivedi,Amit Trivedi,,,,,1
ICC Men's T20 World Cup 2021 Official Anthem,Amit Trivedi,Amit Trivedi,,,,,1
Unity - 10th Anniversary Compilation,TheFatRat,TheFatRat,,,,,1
Believers,Alan Walker,Alan Walker,,,,,1
thinking 2 much,Jeremy Zucker,Jeremy Zucker,,,,,1
Long Night,Derik Fein,Derik Fein,,,,,1
Mr. And Mrs. Mahi,Vishal Mishra,Vishal Mishra,,,,,1
Real Talk,AP Dhillon,AP Dhillon,,,,,1
NEVER LET YOU GO,Steel Banglez,Steel Banglez,,,,,1
Wavy,Karan Aujla,Karan Aujla,,,,,1
Remo (Original Motion Picture Soundtrack),Anirudh Ravichander,Anirudh Ravichander,,,,,1
Mahi Aaja,Asim Azhar,Asim Azhar,,,,,1
Hamesha,Uzair Jaswal,Uzair Jaswal,,,,,1
Van Halen,Van Halen,Van Halen,,,,,1
KPop Demon Hunters,HUNTR/X,HUNTR/X,,,,,1
I Barely Know Her,sombr,sombr,,,,,1
Truth Is,Sabrina Claudio,Sabrina Claudio,,,,,1
FRIENDS,Marshmello,Marshmello,,,,,1
Ghostbusters (Original Motion Picture Soundtrack),ZAYN,ZAYN,,,,,1
Aladdín,ZAYN,ZAYN,,,,,1
Pardesiya,Sachin-Jigar,Sachin-Jigar,,,,,1
51 GLORIOUS DAYS,Yo Yo Honey Singh,Yo Yo Honey Singh,,,,,1
Not Possible,Ana Shine,Ana Shine,,,,,1
American Idiot - The Original Broadway Cast Recording,Green Day,Green Day,,,,,1
American IV: The Man Comes Around,Johnny Cash,Johnny Cash,,,,,1
Tum Mere Na Huye,Sachin-Jigar,Sachin-Jigar,,,,,1
